ring_id,accounts,transactions,density,average_connections,suspicion_score
92699,3,2,0.6667,1.33,36.6
94639,3,2,0.6667,1.33,36.6
94029,3,2,0.6667,1.33,36.6
94024,3,2,0.6667,1.33,36.6
93902,3,2,0.6667,1.33,36.6
93873,3,2,0.6667,1.33,36.6
93850,3,2,0.6667,1.33,36.6
93773,3,2,0.6667,1.33,36.6
26395,3,2,0.6667,1.33,36.6
26400,3,2,0.6667,1.33,36.6
26431,3,2,0.6667,1.33,36.6
26435,3,2,0.6667,1.33,36.6
26531,3,2,0.6667,1.33,36.6
26536,3,2,0.6667,1.33,36.6
26551,3,2,0.6667,1.33,36.6
26247,3,2,0.6667,1.33,36.6
26732,3,2,0.6667,1.33,36.6
91474,3,2,0.6667,1.33,36.6
91510,3,2,0.6667,1.33,36.6
91579,3,2,0.6667,1.33,36.6
91616,3,2,0.6667,1.33,36.6
91640,3,2,0.6667,1.33,36.6
91683,3,2,0.6667,1.33,36.6
91738,3,2,0.6667,1.33,36.6
91771,3,2,0.6667,1.33,36.6
91772,3,2,0.6667,1.33,36.6
91849,3,2,0.6667,1.33,36.6
91921,3,2,0.6667,1.33,36.6
91961,3,2,0.6667,1.33,36.6
91963,3,2,0.6667,1.33,36.6
92040,3,2,0.6667,1.33,36.6
90936,3,2,0.6667,1.33,36.6
91012,3,2,0.6667,1.33,36.6
91024,3,2,0.6667,1.33,36.6
91127,3,2,0.6667,1.33,36.6
91133,3,2,0.6667,1.33,36.6
91149,3,2,0.6667,1.33,36.6
91191,3,2,0.6667,1.33,36.6
91194,3,2,0.6667,1.33,36.6
91202,3,2,0.6667,1.33,36.6
91278,3,2,0.6667,1.33,36.6
91306,3,2,0.6667,1.33,36.6
91347,3,2,0.6667,1.33,36.6
91375,3,2,0.6667,1.33,36.6
91404,3,2,0.6667,1.33,36.6
91465,3,2,0.6667,1.33,36.6
91466,3,2,0.6667,1.33,36.6
90432,3,2,0.6667,1.33,36.6
90469,3,2,0.6667,1.33,36.6
90472,3,2,0.6667,1.33,36.6
90504,3,2,0.6667,1.33,36.6
90511,3,2,0.6667,1.33,36.6
90569,3,2,0.6667,1.33,36.6
90599,3,2,0.6667,1.33,36.6
90620,3,2,0.6667,1.33,36.6
90664,3,2,0.6667,1.33,36.6
90674,3,2,0.6667,1.33,36.6
90760,3,2,0.6667,1.33,36.6
90801,3,2,0.6667,1.33,36.6
90858,3,2,0.6667,1.33,36.6
90893,3,2,0.6667,1.33,36.6
90076,3,2,0.6667,1.33,36.6
90092,3,2,0.6667,1.33,36.6
90110,3,2,0.6667,1.33,36.6
90154,3,2,0.6667,1.33,36.6
90172,3,2,0.6667,1.33,36.6
90176,3,2,0.6667,1.33,36.6
90218,3,2,0.6667,1.33,36.6
90269,3,2,0.6667,1.33,36.6
90285,3,2,0.6667,1.33,36.6
90291,3,2,0.6667,1.33,36.6
90300,3,2,0.6667,1.33,36.6
90314,3,2,0.6667,1.33,36.6
90317,3,2,0.6667,1.33,36.6
90327,3,2,0.6667,1.33,36.6
90423,3,2,0.6667,1.33,36.6
89890,3,2,0.6667,1.33,36.6
89900,3,2,0.6667,1.33,36.6
89915,3,2,0.6667,1.33,36.6
89921,3,2,0.6667,1.33,36.6
89946,3,2,0.6667,1.33,36.6
89960,3,2,0.6667,1.33,36.6
89967,3,2,0.6667,1.33,36.6
89991,3,2,0.6667,1.33,36.6
90029,3,2,0.6667,1.33,36.6
90036,3,2,0.6667,1.33,36.6
90042,3,2,0.6667,1.33,36.6
90054,3,2,0.6667,1.33,36.6
90056,3,2,0.6667,1.33,36.6
90066,3,2,0.6667,1.33,36.6
90069,3,2,0.6667,1.33,36.6
89630,3,2,0.6667,1.33,36.6
89652,3,2,0.6667,1.33,36.6
89675,3,2,0.6667,1.33,36.6
89685,3,2,0.6667,1.33,36.6
89702,3,2,0.6667,1.33,36.6
89703,3,2,0.6667,1.33,36.6
89707,3,2,0.6667,1.33,36.6
89737,3,2,0.6667,1.33,36.6
89764,3,2,0.6667,1.33,36.6
89804,3,2,0.6667,1.33,36.6
89835,3,2,0.6667,1.33,36.6
89838,3,2,0.6667,1.33,36.6
89846,3,2,0.6667,1.33,36.6
26768,3,2,0.6667,1.33,36.6
26776,3,2,0.6667,1.33,36.6
26785,3,2,0.6667,1.33,36.6
26850,3,2,0.6667,1.33,36.6
26862,3,2,0.6667,1.33,36.6
26892,3,2,0.6667,1.33,36.6
26934,3,2,0.6667,1.33,36.6
26994,3,2,0.6667,1.33,36.6
89336,3,2,0.6667,1.33,36.6
89337,3,2,0.6667,1.33,36.6
481,3,2,0.6667,1.33,36.6
529,3,2,0.6667,1.33,36.6
89379,3,2,0.6667,1.33,36.6
89408,3,2,0.6667,1.33,36.6
89413,3,2,0.6667,1.33,36.6
89415,3,2,0.6667,1.33,36.6
89416,3,2,0.6667,1.33,36.6
89430,3,2,0.6667,1.33,36.6
89436,3,2,0.6667,1.33,36.6
89589,3,2,0.6667,1.33,36.6
89072,3,2,0.6667,1.33,36.6
89108,3,2,0.6667,1.33,36.6
89111,3,2,0.6667,1.33,36.6
89115,3,2,0.6667,1.33,36.6
89125,3,2,0.6667,1.33,36.6
89126,3,2,0.6667,1.33,36.6
89146,3,2,0.6667,1.33,36.6
89148,3,2,0.6667,1.33,36.6
89182,3,2,0.6667,1.33,36.6
89186,3,2,0.6667,1.33,36.6
89217,3,2,0.6667,1.33,36.6
89296,3,2,0.6667,1.33,36.6
89315,3,2,0.6667,1.33,36.6
88833,3,2,0.6667,1.33,36.6
88879,3,2,0.6667,1.33,36.6
88881,3,2,0.6667,1.33,36.6
88911,3,2,0.6667,1.33,36.6
88958,3,2,0.6667,1.33,36.6
88993,3,2,0.6667,1.33,36.6
88994,3,2,0.6667,1.33,36.6
88996,3,2,0.6667,1.33,36.6
89000,3,2,0.6667,1.33,36.6
89039,3,2,0.6667,1.33,36.6
89044,3,2,0.6667,1.33,36.6
89066,3,2,0.6667,1.33,36.6
89067,3,2,0.6667,1.33,36.6
89071,3,2,0.6667,1.33,36.6
27010,3,2,0.6667,1.33,36.6
27046,3,2,0.6667,1.33,36.6
27070,3,2,0.6667,1.33,36.6
27152,3,2,0.6667,1.33,36.6
27184,3,2,0.6667,1.33,36.6
27277,3,2,0.6667,1.33,36.6
88559,3,2,0.6667,1.33,36.6
88560,3,2,0.6667,1.33,36.6
88563,3,2,0.6667,1.33,36.6
88571,3,2,0.6667,1.33,36.6
88578,3,2,0.6667,1.33,36.6
88616,3,2,0.6667,1.33,36.6
88644,3,2,0.6667,1.33,36.6
88738,3,2,0.6667,1.33,36.6
88740,3,2,0.6667,1.33,36.6
88764,3,2,0.6667,1.33,36.6
88766,3,2,0.6667,1.33,36.6
88831,3,2,0.6667,1.33,36.6
88408,3,2,0.6667,1.33,36.6
88438,3,2,0.6667,1.33,36.6
88478,3,2,0.6667,1.33,36.6
88480,3,2,0.6667,1.33,36.6
88486,3,2,0.6667,1.33,36.6
88521,3,2,0.6667,1.33,36.6
88533,3,2,0.6667,1.33,36.6
88540,3,2,0.6667,1.33,36.6
88543,3,2,0.6667,1.33,36.6
88547,3,2,0.6667,1.33,36.6
88552,3,2,0.6667,1.33,36.6
88554,3,2,0.6667,1.33,36.6
88556,3,2,0.6667,1.33,36.6
27314,3,2,0.6667,1.33,36.6
27358,3,2,0.6667,1.33,36.6
27384,3,2,0.6667,1.33,36.6
27446,3,2,0.6667,1.33,36.6
27464,3,2,0.6667,1.33,36.6
88225,3,2,0.6667,1.33,36.6
88254,3,2,0.6667,1.33,36.6
88255,3,2,0.6667,1.33,36.6
88262,3,2,0.6667,1.33,36.6
88304,3,2,0.6667,1.33,36.6
88309,3,2,0.6667,1.33,36.6
88312,3,2,0.6667,1.33,36.6
88313,3,2,0.6667,1.33,36.6
88339,3,2,0.6667,1.33,36.6
88340,3,2,0.6667,1.33,36.6
88341,3,2,0.6667,1.33,36.6
88397,3,2,0.6667,1.33,36.6
27523,3,2,0.6667,1.33,36.6
27595,3,2,0.6667,1.33,36.6
27622,3,2,0.6667,1.33,36.6
27628,3,2,0.6667,1.33,36.6
88079,3,2,0.6667,1.33,36.6
88091,3,2,0.6667,1.33,36.6
88095,3,2,0.6667,1.33,36.6
88096,3,2,0.6667,1.33,36.6
88149,3,2,0.6667,1.33,36.6
88154,3,2,0.6667,1.33,36.6
88164,3,2,0.6667,1.33,36.6
88172,3,2,0.6667,1.33,36.6
88176,3,2,0.6667,1.33,36.6
88179,3,2,0.6667,1.33,36.6
88180,3,2,0.6667,1.33,36.6
1519,3,2,0.6667,1.33,36.6
88221,3,2,0.6667,1.33,36.6
27727,3,2,0.6667,1.33,36.6
27841,3,2,0.6667,1.33,36.6
27844,3,2,0.6667,1.33,36.6
27931,3,2,0.6667,1.33,36.6
27962,3,2,0.6667,1.33,36.6
87868,3,2,0.6667,1.33,36.6
87901,3,2,0.6667,1.33,36.6
87904,3,2,0.6667,1.33,36.6
87909,3,2,0.6667,1.33,36.6
87913,3,2,0.6667,1.33,36.6
87914,3,2,0.6667,1.33,36.6
87918,3,2,0.6667,1.33,36.6
87925,3,2,0.6667,1.33,36.6
87941,3,2,0.6667,1.33,36.6
87943,3,2,0.6667,1.33,36.6
88076,3,2,0.6667,1.33,36.6
27982,3,2,0.6667,1.33,36.6
28060,3,2,0.6667,1.33,36.6
28115,3,2,0.6667,1.33,36.6
28118,3,2,0.6667,1.33,36.6
28151,3,2,0.6667,1.33,36.6
25861,3,2,0.6667,1.33,36.6
87701,3,2,0.6667,1.33,36.6
87723,3,2,0.6667,1.33,36.6
87743,3,2,0.6667,1.33,36.6
87764,3,2,0.6667,1.33,36.6
87766,3,2,0.6667,1.33,36.6
87787,3,2,0.6667,1.33,36.6
87810,3,2,0.6667,1.33,36.6
87811,3,2,0.6667,1.33,36.6
87824,3,2,0.6667,1.33,36.6
87826,3,2,0.6667,1.33,36.6
87827,3,2,0.6667,1.33,36.6
87829,3,2,0.6667,1.33,36.6
87444,3,2,0.6667,1.33,36.6
87508,3,2,0.6667,1.33,36.6
87538,3,2,0.6667,1.33,36.6
87563,3,2,0.6667,1.33,36.6
87584,3,2,0.6667,1.33,36.6
87592,3,2,0.6667,1.33,36.6
1826,3,2,0.6667,1.33,36.6
1887,3,2,0.6667,1.33,36.6
87610,3,2,0.6667,1.33,36.6
87620,3,2,0.6667,1.33,36.6
87645,3,2,0.6667,1.33,36.6
87678,3,2,0.6667,1.33,36.6
87681,3,2,0.6667,1.33,36.6
28163,3,2,0.6667,1.33,36.6
28166,3,2,0.6667,1.33,36.6
28177,3,2,0.6667,1.33,36.6
28222,3,2,0.6667,1.33,36.6
28234,3,2,0.6667,1.33,36.6
28246,3,2,0.6667,1.33,36.6
28317,3,2,0.6667,1.33,36.6
28348,3,2,0.6667,1.33,36.6
87237,3,2,0.6667,1.33,36.6
87241,3,2,0.6667,1.33,36.6
87255,3,2,0.6667,1.33,36.6
87261,3,2,0.6667,1.33,36.6
87272,3,2,0.6667,1.33,36.6
87295,3,2,0.6667,1.33,36.6
87302,3,2,0.6667,1.33,36.6
87331,3,2,0.6667,1.33,36.6
87349,3,2,0.6667,1.33,36.6
87387,3,2,0.6667,1.33,36.6
87407,3,2,0.6667,1.33,36.6
87408,3,2,0.6667,1.33,36.6
87431,3,2,0.6667,1.33,36.6
87440,3,2,0.6667,1.33,36.6
87012,3,2,0.6667,1.33,36.6
87021,3,2,0.6667,1.33,36.6
87022,3,2,0.6667,1.33,36.6
87035,3,2,0.6667,1.33,36.6
87041,3,2,0.6667,1.33,36.6
87046,3,2,0.6667,1.33,36.6
87055,3,2,0.6667,1.33,36.6
87058,3,2,0.6667,1.33,36.6
87147,3,2,0.6667,1.33,36.6
87150,3,2,0.6667,1.33,36.6
87151,3,2,0.6667,1.33,36.6
87152,3,2,0.6667,1.33,36.6
86793,3,2,0.6667,1.33,36.6
86795,3,2,0.6667,1.33,36.6
86804,3,2,0.6667,1.33,36.6
86808,3,2,0.6667,1.33,36.6
86832,3,2,0.6667,1.33,36.6
86851,3,2,0.6667,1.33,36.6
86862,3,2,0.6667,1.33,36.6
86900,3,2,0.6667,1.33,36.6
86929,3,2,0.6667,1.33,36.6
86947,3,2,0.6667,1.33,36.6
86969,3,2,0.6667,1.33,36.6
86973,3,2,0.6667,1.33,36.6
28550,3,2,0.6667,1.33,36.6
28562,3,2,0.6667,1.33,36.6
28574,3,2,0.6667,1.33,36.6
28592,3,2,0.6667,1.33,36.6
25734,3,2,0.6667,1.33,36.6
25750,3,2,0.6667,1.33,36.6
25787,3,2,0.6667,1.33,36.6
28636,3,2,0.6667,1.33,36.6
86521,3,2,0.6667,1.33,36.6
86543,3,2,0.6667,1.33,36.6
86544,3,2,0.6667,1.33,36.6
86545,3,2,0.6667,1.33,36.6
86553,3,2,0.6667,1.33,36.6
86568,3,2,0.6667,1.33,36.6
86597,3,2,0.6667,1.33,36.6
86603,3,2,0.6667,1.33,36.6
86613,3,2,0.6667,1.33,36.6
86616,3,2,0.6667,1.33,36.6
86621,3,2,0.6667,1.33,36.6
86682,3,2,0.6667,1.33,36.6
86735,3,2,0.6667,1.33,36.6
86346,3,2,0.6667,1.33,36.6
86350,3,2,0.6667,1.33,36.6
86369,3,2,0.6667,1.33,36.6
86428,3,2,0.6667,1.33,36.6
86432,3,2,0.6667,1.33,36.6
86436,3,2,0.6667,1.33,36.6
86447,3,2,0.6667,1.33,36.6
2633,3,2,0.6667,1.33,36.6
86453,3,2,0.6667,1.33,36.6
86457,3,2,0.6667,1.33,36.6
86474,3,2,0.6667,1.33,36.6
28641,3,2,0.6667,1.33,36.6
28647,3,2,0.6667,1.33,36.6
28666,3,2,0.6667,1.33,36.6
28729,3,2,0.6667,1.33,36.6
28784,3,2,0.6667,1.33,36.6
25682,3,2,0.6667,1.33,36.6
25714,3,2,0.6667,1.33,36.6
86166,3,2,0.6667,1.33,36.6
86187,3,2,0.6667,1.33,36.6
86191,3,2,0.6667,1.33,36.6
86199,3,2,0.6667,1.33,36.6
86211,3,2,0.6667,1.33,36.6
86255,3,2,0.6667,1.33,36.6
86256,3,2,0.6667,1.33,36.6
86293,3,2,0.6667,1.33,36.6
86300,3,2,0.6667,1.33,36.6
86312,3,2,0.6667,1.33,36.6
86313,3,2,0.6667,1.33,36.6
86330,3,2,0.6667,1.33,36.6
86342,3,2,0.6667,1.33,36.6
85945,3,2,0.6667,1.33,36.6
86036,3,2,0.6667,1.33,36.6
86046,3,2,0.6667,1.33,36.6
86068,3,2,0.6667,1.33,36.6
86074,3,2,0.6667,1.33,36.6
86091,3,2,0.6667,1.33,36.6
86109,3,2,0.6667,1.33,36.6
86128,3,2,0.6667,1.33,36.6
86143,3,2,0.6667,1.33,36.6
86144,3,2,0.6667,1.33,36.6
28928,3,2,0.6667,1.33,36.6
29063,3,2,0.6667,1.33,36.6
29120,3,2,0.6667,1.33,36.6
25621,3,2,0.6667,1.33,36.6
29128,3,2,0.6667,1.33,36.6
29148,3,2,0.6667,1.33,36.6
29261,3,2,0.6667,1.33,36.6
29299,3,2,0.6667,1.33,36.6
29332,3,2,0.6667,1.33,36.6
29389,3,2,0.6667,1.33,36.6
29392,3,2,0.6667,1.33,36.6
85808,3,2,0.6667,1.33,36.6
85810,3,2,0.6667,1.33,36.6
85815,3,2,0.6667,1.33,36.6
85818,3,2,0.6667,1.33,36.6
85819,3,2,0.6667,1.33,36.6
85825,3,2,0.6667,1.33,36.6
85828,3,2,0.6667,1.33,36.6
85847,3,2,0.6667,1.33,36.6
85855,3,2,0.6667,1.33,36.6
85932,3,2,0.6667,1.33,36.6
85940,3,2,0.6667,1.33,36.6
3055,3,2,0.6667,1.33,36.6
85941,3,2,0.6667,1.33,36.6
85689,3,2,0.6667,1.33,36.6
85694,3,2,0.6667,1.33,36.6
85724,3,2,0.6667,1.33,36.6
85762,3,2,0.6667,1.33,36.6
85769,3,2,0.6667,1.33,36.6
85773,3,2,0.6667,1.33,36.6
85783,3,2,0.6667,1.33,36.6
85789,3,2,0.6667,1.33,36.6
85807,3,2,0.6667,1.33,36.6
29515,3,2,0.6667,1.33,36.6
29586,3,2,0.6667,1.33,36.6
29618,3,2,0.6667,1.33,36.6
29662,3,2,0.6667,1.33,36.6
29675,3,2,0.6667,1.33,36.6
29678,3,2,0.6667,1.33,36.6
25547,3,2,0.6667,1.33,36.6
29720,3,2,0.6667,1.33,36.6
85421,3,2,0.6667,1.33,36.6
85456,3,2,0.6667,1.33,36.6
85461,3,2,0.6667,1.33,36.6
85471,3,2,0.6667,1.33,36.6
85478,3,2,0.6667,1.33,36.6
85550,3,2,0.6667,1.33,36.6
85595,3,2,0.6667,1.33,36.6
85646,3,2,0.6667,1.33,36.6
85650,3,2,0.6667,1.33,36.6
85674,3,2,0.6667,1.33,36.6
85678,3,2,0.6667,1.33,36.6
29739,3,2,0.6667,1.33,36.6
29947,3,2,0.6667,1.33,36.6
29979,3,2,0.6667,1.33,36.6
29990,3,2,0.6667,1.33,36.6
25438,3,2,0.6667,1.33,36.6
25496,3,2,0.6667,1.33,36.6
25504,3,2,0.6667,1.33,36.6
85236,3,2,0.6667,1.33,36.6
85290,3,2,0.6667,1.33,36.6
85300,3,2,0.6667,1.33,36.6
85351,3,2,0.6667,1.33,36.6
85354,3,2,0.6667,1.33,36.6
85357,3,2,0.6667,1.33,36.6
85404,3,2,0.6667,1.33,36.6
30010,3,2,0.6667,1.33,36.6
30060,3,2,0.6667,1.33,36.6
30063,3,2,0.6667,1.33,36.6
30067,3,2,0.6667,1.33,36.6
30214,3,2,0.6667,1.33,36.6
30274,3,2,0.6667,1.33,36.6
30282,3,2,0.6667,1.33,36.6
25437,3,2,0.6667,1.33,36.6
85171,3,2,0.6667,1.33,36.6
85179,3,2,0.6667,1.33,36.6
85184,3,2,0.6667,1.33,36.6
85187,3,2,0.6667,1.33,36.6
85188,3,2,0.6667,1.33,36.6
85190,3,2,0.6667,1.33,36.6
85195,3,2,0.6667,1.33,36.6
85206,3,2,0.6667,1.33,36.6
85209,3,2,0.6667,1.33,36.6
85223,3,2,0.6667,1.33,36.6
85228,3,2,0.6667,1.33,36.6
85230,3,2,0.6667,1.33,36.6
84977,3,2,0.6667,1.33,36.6
85016,3,2,0.6667,1.33,36.6
85030,3,2,0.6667,1.33,36.6
85044,3,2,0.6667,1.33,36.6
85046,3,2,0.6667,1.33,36.6
85062,3,2,0.6667,1.33,36.6
85066,3,2,0.6667,1.33,36.6
85106,3,2,0.6667,1.33,36.6
85116,3,2,0.6667,1.33,36.6
85128,3,2,0.6667,1.33,36.6
85135,3,2,0.6667,1.33,36.6
3915,3,2,0.6667,1.33,36.6
85158,3,2,0.6667,1.33,36.6
30355,3,2,0.6667,1.33,36.6
30376,3,2,0.6667,1.33,36.6
30437,3,2,0.6667,1.33,36.6
30468,3,2,0.6667,1.33,36.6
30472,3,2,0.6667,1.33,36.6
84900,3,2,0.6667,1.33,36.6
84901,3,2,0.6667,1.33,36.6
84907,3,2,0.6667,1.33,36.6
84914,3,2,0.6667,1.33,36.6
84916,3,2,0.6667,1.33,36.6
84922,3,2,0.6667,1.33,36.6
84930,3,2,0.6667,1.33,36.6
84961,3,2,0.6667,1.33,36.6
84971,3,2,0.6667,1.33,36.6
84972,3,2,0.6667,1.33,36.6
84973,3,2,0.6667,1.33,36.6
84975,3,2,0.6667,1.33,36.6
30588,3,2,0.6667,1.33,36.6
30592,3,2,0.6667,1.33,36.6
30636,3,2,0.6667,1.33,36.6
30660,3,2,0.6667,1.33,36.6
30713,3,2,0.6667,1.33,36.6
84826,3,2,0.6667,1.33,36.6
84827,3,2,0.6667,1.33,36.6
84829,3,2,0.6667,1.33,36.6
84831,3,2,0.6667,1.33,36.6
84835,3,2,0.6667,1.33,36.6
84838,3,2,0.6667,1.33,36.6
84843,3,2,0.6667,1.33,36.6
84849,3,2,0.6667,1.33,36.6
84869,3,2,0.6667,1.33,36.6
84888,3,2,0.6667,1.33,36.6
84893,3,2,0.6667,1.33,36.6
30723,3,2,0.6667,1.33,36.6
30734,3,2,0.6667,1.33,36.6
30763,3,2,0.6667,1.33,36.6
30767,3,2,0.6667,1.33,36.6
30770,3,2,0.6667,1.33,36.6
30786,3,2,0.6667,1.33,36.6
30823,3,2,0.6667,1.33,36.6
30876,3,2,0.6667,1.33,36.6
30890,3,2,0.6667,1.33,36.6
84662,3,2,0.6667,1.33,36.6
84678,3,2,0.6667,1.33,36.6
84684,3,2,0.6667,1.33,36.6
84720,3,2,0.6667,1.33,36.6
84775,3,2,0.6667,1.33,36.6
84798,3,2,0.6667,1.33,36.6
84804,3,2,0.6667,1.33,36.6
84813,3,2,0.6667,1.33,36.6
84816,3,2,0.6667,1.33,36.6
4180,3,2,0.6667,1.33,36.6
84819,3,2,0.6667,1.33,36.6
84820,3,2,0.6667,1.33,36.6
84563,3,2,0.6667,1.33,36.6
84579,3,2,0.6667,1.33,36.6
84582,3,2,0.6667,1.33,36.6
84602,3,2,0.6667,1.33,36.6
84604,3,2,0.6667,1.33,36.6
84623,3,2,0.6667,1.33,36.6
84631,3,2,0.6667,1.33,36.6
4188,3,2,0.6667,1.33,36.6
84632,3,2,0.6667,1.33,36.6
84650,3,2,0.6667,1.33,36.6
84661,3,2,0.6667,1.33,36.6
31053,3,2,0.6667,1.33,36.6
31067,3,2,0.6667,1.33,36.6
31081,3,2,0.6667,1.33,36.6
31188,3,2,0.6667,1.33,36.6
25208,3,2,0.6667,1.33,36.6
31271,3,2,0.6667,1.33,36.6
31276,3,2,0.6667,1.33,36.6
84412,3,2,0.6667,1.33,36.6
84415,3,2,0.6667,1.33,36.6
84461,3,2,0.6667,1.33,36.6
84467,3,2,0.6667,1.33,36.6
84487,3,2,0.6667,1.33,36.6
84496,3,2,0.6667,1.33,36.6
84499,3,2,0.6667,1.33,36.6
84503,3,2,0.6667,1.33,36.6
84529,3,2,0.6667,1.33,36.6
84533,3,2,0.6667,1.33,36.6
84544,3,2,0.6667,1.33,36.6
84546,3,2,0.6667,1.33,36.6
84551,3,2,0.6667,1.33,36.6
84107,3,2,0.6667,1.33,36.6
84111,3,2,0.6667,1.33,36.6
84149,3,2,0.6667,1.33,36.6
84159,3,2,0.6667,1.33,36.6
84192,3,2,0.6667,1.33,36.6
84285,3,2,0.6667,1.33,36.6
84286,3,2,0.6667,1.33,36.6
84366,3,2,0.6667,1.33,36.6
84376,3,2,0.6667,1.33,36.6
84378,3,2,0.6667,1.33,36.6
31280,3,2,0.6667,1.33,36.6
31408,3,2,0.6667,1.33,36.6
31484,3,2,0.6667,1.33,36.6
31486,3,2,0.6667,1.33,36.6
31487,3,2,0.6667,1.33,36.6
31489,3,2,0.6667,1.33,36.6
31493,3,2,0.6667,1.33,36.6
31527,3,2,0.6667,1.33,36.6
31528,3,2,0.6667,1.33,36.6
31533,3,2,0.6667,1.33,36.6
31570,3,2,0.6667,1.33,36.6
31590,3,2,0.6667,1.33,36.6
83996,3,2,0.6667,1.33,36.6
83998,3,2,0.6667,1.33,36.6
84003,3,2,0.6667,1.33,36.6
84008,3,2,0.6667,1.33,36.6
84009,3,2,0.6667,1.33,36.6
84010,3,2,0.6667,1.33,36.6
84053,3,2,0.6667,1.33,36.6
84069,3,2,0.6667,1.33,36.6
84102,3,2,0.6667,1.33,36.6
84103,3,2,0.6667,1.33,36.6
84105,3,2,0.6667,1.33,36.6
84106,3,2,0.6667,1.33,36.6
83789,3,2,0.6667,1.33,36.6
83799,3,2,0.6667,1.33,36.6
83830,3,2,0.6667,1.33,36.6
83831,3,2,0.6667,1.33,36.6
83847,3,2,0.6667,1.33,36.6
83876,3,2,0.6667,1.33,36.6
83878,3,2,0.6667,1.33,36.6
83879,3,2,0.6667,1.33,36.6
83881,3,2,0.6667,1.33,36.6
83894,3,2,0.6667,1.33,36.6
83911,3,2,0.6667,1.33,36.6
83934,3,2,0.6667,1.33,36.6
83969,3,2,0.6667,1.33,36.6
83991,3,2,0.6667,1.33,36.6
83682,3,2,0.6667,1.33,36.6
83704,3,2,0.6667,1.33,36.6
83713,3,2,0.6667,1.33,36.6
83718,3,2,0.6667,1.33,36.6
83721,3,2,0.6667,1.33,36.6
83725,3,2,0.6667,1.33,36.6
83750,3,2,0.6667,1.33,36.6
83753,3,2,0.6667,1.33,36.6
83758,3,2,0.6667,1.33,36.6
83759,3,2,0.6667,1.33,36.6
31631,3,2,0.6667,1.33,36.6
31633,3,2,0.6667,1.33,36.6
31666,3,2,0.6667,1.33,36.6
31680,3,2,0.6667,1.33,36.6
31698,3,2,0.6667,1.33,36.6
31741,3,2,0.6667,1.33,36.6
25086,3,2,0.6667,1.33,36.6
25114,3,2,0.6667,1.33,36.6
31840,3,2,0.6667,1.33,36.6
83457,3,2,0.6667,1.33,36.6
83471,3,2,0.6667,1.33,36.6
83507,3,2,0.6667,1.33,36.6
83518,3,2,0.6667,1.33,36.6
83540,3,2,0.6667,1.33,36.6
83547,3,2,0.6667,1.33,36.6
83568,3,2,0.6667,1.33,36.6
83569,3,2,0.6667,1.33,36.6
83613,3,2,0.6667,1.33,36.6
83640,3,2,0.6667,1.33,36.6
31859,3,2,0.6667,1.33,36.6
31862,3,2,0.6667,1.33,36.6
31878,3,2,0.6667,1.33,36.6
31929,3,2,0.6667,1.33,36.6
32003,3,2,0.6667,1.33,36.6
25035,3,2,0.6667,1.33,36.6
32045,3,2,0.6667,1.33,36.6
32051,3,2,0.6667,1.33,36.6
83283,3,2,0.6667,1.33,36.6
83297,3,2,0.6667,1.33,36.6
83315,3,2,0.6667,1.33,36.6
83327,3,2,0.6667,1.33,36.6
83340,3,2,0.6667,1.33,36.6
4723,3,2,0.6667,1.33,36.6
83342,3,2,0.6667,1.33,36.6
83343,3,2,0.6667,1.33,36.6
83366,3,2,0.6667,1.33,36.6
83369,3,2,0.6667,1.33,36.6
83384,3,2,0.6667,1.33,36.6
83425,3,2,0.6667,1.33,36.6
83431,3,2,0.6667,1.33,36.6
83438,3,2,0.6667,1.33,36.6
83450,3,2,0.6667,1.33,36.6
83173,3,2,0.6667,1.33,36.6
83177,3,2,0.6667,1.33,36.6
83180,3,2,0.6667,1.33,36.6
83201,3,2,0.6667,1.33,36.6
83206,3,2,0.6667,1.33,36.6
83212,3,2,0.6667,1.33,36.6
83218,3,2,0.6667,1.33,36.6
83225,3,2,0.6667,1.33,36.6
83238,3,2,0.6667,1.33,36.6
83259,3,2,0.6667,1.33,36.6
83260,3,2,0.6667,1.33,36.6
83281,3,2,0.6667,1.33,36.6
83016,3,2,0.6667,1.33,36.6
83032,3,2,0.6667,1.33,36.6
83038,3,2,0.6667,1.33,36.6
83044,3,2,0.6667,1.33,36.6
83073,3,2,0.6667,1.33,36.6
83078,3,2,0.6667,1.33,36.6
83082,3,2,0.6667,1.33,36.6
83090,3,2,0.6667,1.33,36.6
83094,3,2,0.6667,1.33,36.6
83151,3,2,0.6667,1.33,36.6
83168,3,2,0.6667,1.33,36.6
83170,3,2,0.6667,1.33,36.6
83172,3,2,0.6667,1.33,36.6
32077,3,2,0.6667,1.33,36.6
32096,3,2,0.6667,1.33,36.6
32118,3,2,0.6667,1.33,36.6
32119,3,2,0.6667,1.33,36.6
32153,3,2,0.6667,1.33,36.6
32183,3,2,0.6667,1.33,36.6
32218,3,2,0.6667,1.33,36.6
32221,3,2,0.6667,1.33,36.6
25000,3,2,0.6667,1.33,36.6
25004,3,2,0.6667,1.33,36.6
25005,3,2,0.6667,1.33,36.6
82936,3,2,0.6667,1.33,36.6
82940,3,2,0.6667,1.33,36.6
82956,3,2,0.6667,1.33,36.6
82959,3,2,0.6667,1.33,36.6
82963,3,2,0.6667,1.33,36.6
82964,3,2,0.6667,1.33,36.6
82965,3,2,0.6667,1.33,36.6
82970,3,2,0.6667,1.33,36.6
82976,3,2,0.6667,1.33,36.6
82991,3,2,0.6667,1.33,36.6
82781,3,2,0.6667,1.33,36.6
82786,3,2,0.6667,1.33,36.6
82787,3,2,0.6667,1.33,36.6
82792,3,2,0.6667,1.33,36.6
82800,3,2,0.6667,1.33,36.6
82805,3,2,0.6667,1.33,36.6
82809,3,2,0.6667,1.33,36.6
82814,3,2,0.6667,1.33,36.6
82818,3,2,0.6667,1.33,36.6
82824,3,2,0.6667,1.33,36.6
82836,3,2,0.6667,1.33,36.6
82855,3,2,0.6667,1.33,36.6
82893,3,2,0.6667,1.33,36.6
82667,3,2,0.6667,1.33,36.6
82669,3,2,0.6667,1.33,36.6
82686,3,2,0.6667,1.33,36.6
82687,3,2,0.6667,1.33,36.6
82689,3,2,0.6667,1.33,36.6
82692,3,2,0.6667,1.33,36.6
82711,3,2,0.6667,1.33,36.6
82727,3,2,0.6667,1.33,36.6
82733,3,2,0.6667,1.33,36.6
82740,3,2,0.6667,1.33,36.6
82743,3,2,0.6667,1.33,36.6
82745,3,2,0.6667,1.33,36.6
32269,3,2,0.6667,1.33,36.6
32376,3,2,0.6667,1.33,36.6
32444,3,2,0.6667,1.33,36.6
32469,3,2,0.6667,1.33,36.6
24970,3,2,0.6667,1.33,36.6
82504,3,2,0.6667,1.33,36.6
82509,3,2,0.6667,1.33,36.6
82524,3,2,0.6667,1.33,36.6
82578,3,2,0.6667,1.33,36.6
82584,3,2,0.6667,1.33,36.6
82590,3,2,0.6667,1.33,36.6
82605,3,2,0.6667,1.33,36.6
82615,3,2,0.6667,1.33,36.6
82618,3,2,0.6667,1.33,36.6
82621,3,2,0.6667,1.33,36.6
82622,3,2,0.6667,1.33,36.6
82627,3,2,0.6667,1.33,36.6
82630,3,2,0.6667,1.33,36.6
82636,3,2,0.6667,1.33,36.6
82648,3,2,0.6667,1.33,36.6
82410,3,2,0.6667,1.33,36.6
82416,3,2,0.6667,1.33,36.6
82422,3,2,0.6667,1.33,36.6
82423,3,2,0.6667,1.33,36.6
82437,3,2,0.6667,1.33,36.6
82440,3,2,0.6667,1.33,36.6
82444,3,2,0.6667,1.33,36.6
82484,3,2,0.6667,1.33,36.6
82486,3,2,0.6667,1.33,36.6
82490,3,2,0.6667,1.33,36.6
82500,3,2,0.6667,1.33,36.6
5398,3,2,0.6667,1.33,36.6
32531,3,2,0.6667,1.33,36.6
32548,3,2,0.6667,1.33,36.6
32552,3,2,0.6667,1.33,36.6
32581,3,2,0.6667,1.33,36.6
32626,3,2,0.6667,1.33,36.6
32699,3,2,0.6667,1.33,36.6
32737,3,2,0.6667,1.33,36.6
32806,3,2,0.6667,1.33,36.6
82295,3,2,0.6667,1.33,36.6
82308,3,2,0.6667,1.33,36.6
82322,3,2,0.6667,1.33,36.6
82335,3,2,0.6667,1.33,36.6
82337,3,2,0.6667,1.33,36.6
82354,3,2,0.6667,1.33,36.6
82364,3,2,0.6667,1.33,36.6
82371,3,2,0.6667,1.33,36.6
82386,3,2,0.6667,1.33,36.6
82393,3,2,0.6667,1.33,36.6
82395,3,2,0.6667,1.33,36.6
82400,3,2,0.6667,1.33,36.6
82406,3,2,0.6667,1.33,36.6
82408,3,2,0.6667,1.33,36.6
82170,3,2,0.6667,1.33,36.6
82175,3,2,0.6667,1.33,36.6
82176,3,2,0.6667,1.33,36.6
82177,3,2,0.6667,1.33,36.6
82181,3,2,0.6667,1.33,36.6
5566,3,2,0.6667,1.33,36.6
82187,3,2,0.6667,1.33,36.6
82188,3,2,0.6667,1.33,36.6
82226,3,2,0.6667,1.33,36.6
82279,3,2,0.6667,1.33,36.6
82285,3,2,0.6667,1.33,36.6
82291,3,2,0.6667,1.33,36.6
32818,3,2,0.6667,1.33,36.6
32863,3,2,0.6667,1.33,36.6
32945,3,2,0.6667,1.33,36.6
82001,3,2,0.6667,1.33,36.6
82005,3,2,0.6667,1.33,36.6
82048,3,2,0.6667,1.33,36.6
5618,3,2,0.6667,1.33,36.6
82057,3,2,0.6667,1.33,36.6
82064,3,2,0.6667,1.33,36.6
82065,3,2,0.6667,1.33,36.6
82095,3,2,0.6667,1.33,36.6
82124,3,2,0.6667,1.33,36.6
33094,3,2,0.6667,1.33,36.6
33104,3,2,0.6667,1.33,36.6
33153,3,2,0.6667,1.33,36.6
33162,3,2,0.6667,1.33,36.6
24852,3,2,0.6667,1.33,36.6
24896,3,2,0.6667,1.33,36.6
24898,3,2,0.6667,1.33,36.6
81878,3,2,0.6667,1.33,36.6
81891,3,2,0.6667,1.33,36.6
81926,3,2,0.6667,1.33,36.6
81927,3,2,0.6667,1.33,36.6
81934,3,2,0.6667,1.33,36.6
81950,3,2,0.6667,1.33,36.6
81957,3,2,0.6667,1.33,36.6
81960,3,2,0.6667,1.33,36.6
81961,3,2,0.6667,1.33,36.6
81987,3,2,0.6667,1.33,36.6
81989,3,2,0.6667,1.33,36.6
81990,3,2,0.6667,1.33,36.6
81995,3,2,0.6667,1.33,36.6
33252,3,2,0.6667,1.33,36.6
33295,3,2,0.6667,1.33,36.6
33331,3,2,0.6667,1.33,36.6
33357,3,2,0.6667,1.33,36.6
33397,3,2,0.6667,1.33,36.6
33455,3,2,0.6667,1.33,36.6
81786,3,2,0.6667,1.33,36.6
81794,3,2,0.6667,1.33,36.6
81799,3,2,0.6667,1.33,36.6
81800,3,2,0.6667,1.33,36.6
81801,3,2,0.6667,1.33,36.6
81808,3,2,0.6667,1.33,36.6
5989,3,2,0.6667,1.33,36.6
81817,3,2,0.6667,1.33,36.6
81818,3,2,0.6667,1.33,36.6
81859,3,2,0.6667,1.33,36.6
81861,3,2,0.6667,1.33,36.6
81866,3,2,0.6667,1.33,36.6
81867,3,2,0.6667,1.33,36.6
81868,3,2,0.6667,1.33,36.6
81874,3,2,0.6667,1.33,36.6
81602,3,2,0.6667,1.33,36.6
81618,3,2,0.6667,1.33,36.6
81619,3,2,0.6667,1.33,36.6
81670,3,2,0.6667,1.33,36.6
81676,3,2,0.6667,1.33,36.6
81684,3,2,0.6667,1.33,36.6
81692,3,2,0.6667,1.33,36.6
81693,3,2,0.6667,1.33,36.6
81767,3,2,0.6667,1.33,36.6
81772,3,2,0.6667,1.33,36.6
81781,3,2,0.6667,1.33,36.6
33533,3,2,0.6667,1.33,36.6
33607,3,2,0.6667,1.33,36.6
33615,3,2,0.6667,1.33,36.6
33654,3,2,0.6667,1.33,36.6
33794,3,2,0.6667,1.33,36.6
33799,3,2,0.6667,1.33,36.6
81499,3,2,0.6667,1.33,36.6
81542,3,2,0.6667,1.33,36.6
81546,3,2,0.6667,1.33,36.6
81559,3,2,0.6667,1.33,36.6
81569,3,2,0.6667,1.33,36.6
81572,3,2,0.6667,1.33,36.6
81587,3,2,0.6667,1.33,36.6
81588,3,2,0.6667,1.33,36.6
81597,3,2,0.6667,1.33,36.6
81601,3,2,0.6667,1.33,36.6
33832,3,2,0.6667,1.33,36.6
33859,3,2,0.6667,1.33,36.6
33864,3,2,0.6667,1.33,36.6
33901,3,2,0.6667,1.33,36.6
34000,3,2,0.6667,1.33,36.6
81297,3,2,0.6667,1.33,36.6
81305,3,2,0.6667,1.33,36.6
81370,3,2,0.6667,1.33,36.6
81375,3,2,0.6667,1.33,36.6
81393,3,2,0.6667,1.33,36.6
81399,3,2,0.6667,1.33,36.6
81410,3,2,0.6667,1.33,36.6
81412,3,2,0.6667,1.33,36.6
81421,3,2,0.6667,1.33,36.6
81451,3,2,0.6667,1.33,36.6
81491,3,2,0.6667,1.33,36.6
34061,3,2,0.6667,1.33,36.6
34086,3,2,0.6667,1.33,36.6
34097,3,2,0.6667,1.33,36.6
34136,3,2,0.6667,1.33,36.6
34141,3,2,0.6667,1.33,36.6
34178,3,2,0.6667,1.33,36.6
34216,3,2,0.6667,1.33,36.6
34218,3,2,0.6667,1.33,36.6
34226,3,2,0.6667,1.33,36.6
81135,3,2,0.6667,1.33,36.6
81181,3,2,0.6667,1.33,36.6
81185,3,2,0.6667,1.33,36.6
81188,3,2,0.6667,1.33,36.6
81189,3,2,0.6667,1.33,36.6
81192,3,2,0.6667,1.33,36.6
81193,3,2,0.6667,1.33,36.6
81255,3,2,0.6667,1.33,36.6
81271,3,2,0.6667,1.33,36.6
81295,3,2,0.6667,1.33,36.6
80982,3,2,0.6667,1.33,36.6
80994,3,2,0.6667,1.33,36.6
81029,3,2,0.6667,1.33,36.6
81036,3,2,0.6667,1.33,36.6
81045,3,2,0.6667,1.33,36.6
81068,3,2,0.6667,1.33,36.6
81073,3,2,0.6667,1.33,36.6
81075,3,2,0.6667,1.33,36.6
81090,3,2,0.6667,1.33,36.6
81128,3,2,0.6667,1.33,36.6
81131,3,2,0.6667,1.33,36.6
34237,3,2,0.6667,1.33,36.6
34305,3,2,0.6667,1.33,36.6
34333,3,2,0.6667,1.33,36.6
34428,3,2,0.6667,1.33,36.6
34501,3,2,0.6667,1.33,36.6
34568,3,2,0.6667,1.33,36.6
24581,3,2,0.6667,1.33,36.6
24590,3,2,0.6667,1.33,36.6
24625,3,2,0.6667,1.33,36.6
80872,3,2,0.6667,1.33,36.6
80882,3,2,0.6667,1.33,36.6
80885,3,2,0.6667,1.33,36.6
80892,3,2,0.6667,1.33,36.6
80897,3,2,0.6667,1.33,36.6
80913,3,2,0.6667,1.33,36.6
80928,3,2,0.6667,1.33,36.6
80941,3,2,0.6667,1.33,36.6
80959,3,2,0.6667,1.33,36.6
6582,3,2,0.6667,1.33,36.6
80972,3,2,0.6667,1.33,36.6
80973,3,2,0.6667,1.33,36.6
80979,3,2,0.6667,1.33,36.6
80697,3,2,0.6667,1.33,36.6
80716,3,2,0.6667,1.33,36.6
80717,3,2,0.6667,1.33,36.6
80722,3,2,0.6667,1.33,36.6
80729,3,2,0.6667,1.33,36.6
80762,3,2,0.6667,1.33,36.6
80773,3,2,0.6667,1.33,36.6
80784,3,2,0.6667,1.33,36.6
80806,3,2,0.6667,1.33,36.6
80831,3,2,0.6667,1.33,36.6
80833,3,2,0.6667,1.33,36.6
34674,3,2,0.6667,1.33,36.6
34778,3,2,0.6667,1.33,36.6
34779,3,2,0.6667,1.33,36.6
34858,3,2,0.6667,1.33,36.6
34863,3,2,0.6667,1.33,36.6
34880,3,2,0.6667,1.33,36.6
24541,3,2,0.6667,1.33,36.6
24553,3,2,0.6667,1.33,36.6
34977,3,2,0.6667,1.33,36.6
80571,3,2,0.6667,1.33,36.6
80580,3,2,0.6667,1.33,36.6
80582,3,2,0.6667,1.33,36.6
80587,3,2,0.6667,1.33,36.6
80594,3,2,0.6667,1.33,36.6
80600,3,2,0.6667,1.33,36.6
80622,3,2,0.6667,1.33,36.6
80659,3,2,0.6667,1.33,36.6
80663,3,2,0.6667,1.33,36.6
80664,3,2,0.6667,1.33,36.6
80669,3,2,0.6667,1.33,36.6
80672,3,2,0.6667,1.33,36.6
80463,3,2,0.6667,1.33,36.6
80465,3,2,0.6667,1.33,36.6
80466,3,2,0.6667,1.33,36.6
80483,3,2,0.6667,1.33,36.6
80484,3,2,0.6667,1.33,36.6
80488,3,2,0.6667,1.33,36.6
80496,3,2,0.6667,1.33,36.6
80497,3,2,0.6667,1.33,36.6
80499,3,2,0.6667,1.33,36.6
80501,3,2,0.6667,1.33,36.6
80504,3,2,0.6667,1.33,36.6
80512,3,2,0.6667,1.33,36.6
80555,3,2,0.6667,1.33,36.6
80386,3,2,0.6667,1.33,36.6
80390,3,2,0.6667,1.33,36.6
80391,3,2,0.6667,1.33,36.6
80396,3,2,0.6667,1.33,36.6
80409,3,2,0.6667,1.33,36.6
80421,3,2,0.6667,1.33,36.6
80423,3,2,0.6667,1.33,36.6
80433,3,2,0.6667,1.33,36.6
80438,3,2,0.6667,1.33,36.6
80448,3,2,0.6667,1.33,36.6
80457,3,2,0.6667,1.33,36.6
34990,3,2,0.6667,1.33,36.6
35009,3,2,0.6667,1.33,36.6
35040,3,2,0.6667,1.33,36.6
35056,3,2,0.6667,1.33,36.6
35064,3,2,0.6667,1.33,36.6
24489,3,2,0.6667,1.33,36.6
35185,3,2,0.6667,1.33,36.6
35202,3,2,0.6667,1.33,36.6
35220,3,2,0.6667,1.33,36.6
80239,3,2,0.6667,1.33,36.6
80285,3,2,0.6667,1.33,36.6
80294,3,2,0.6667,1.33,36.6
80302,3,2,0.6667,1.33,36.6
80308,3,2,0.6667,1.33,36.6
80309,3,2,0.6667,1.33,36.6
80312,3,2,0.6667,1.33,36.6
80316,3,2,0.6667,1.33,36.6
80317,3,2,0.6667,1.33,36.6
80327,3,2,0.6667,1.33,36.6
80329,3,2,0.6667,1.33,36.6
80376,3,2,0.6667,1.33,36.6
80129,3,2,0.6667,1.33,36.6
80131,3,2,0.6667,1.33,36.6
80149,3,2,0.6667,1.33,36.6
80176,3,2,0.6667,1.33,36.6
80202,3,2,0.6667,1.33,36.6
80204,3,2,0.6667,1.33,36.6
80213,3,2,0.6667,1.33,36.6
80216,3,2,0.6667,1.33,36.6
7077,3,2,0.6667,1.33,36.6
80221,3,2,0.6667,1.33,36.6
80227,3,2,0.6667,1.33,36.6
80237,3,2,0.6667,1.33,36.6
35225,3,2,0.6667,1.33,36.6
35229,3,2,0.6667,1.33,36.6
35253,3,2,0.6667,1.33,36.6
35262,3,2,0.6667,1.33,36.6
35290,3,2,0.6667,1.33,36.6
35300,3,2,0.6667,1.33,36.6
35305,3,2,0.6667,1.33,36.6
35402,3,2,0.6667,1.33,36.6
35460,3,2,0.6667,1.33,36.6
35467,3,2,0.6667,1.33,36.6
24426,3,2,0.6667,1.33,36.6
24430,3,2,0.6667,1.33,36.6
35521,3,2,0.6667,1.33,36.6
79998,3,2,0.6667,1.33,36.6
80012,3,2,0.6667,1.33,36.6
80013,3,2,0.6667,1.33,36.6
80017,3,2,0.6667,1.33,36.6
80028,3,2,0.6667,1.33,36.6
80039,3,2,0.6667,1.33,36.6
80079,3,2,0.6667,1.33,36.6
80084,3,2,0.6667,1.33,36.6
7115,3,2,0.6667,1.33,36.6
80101,3,2,0.6667,1.33,36.6
80118,3,2,0.6667,1.33,36.6
80119,3,2,0.6667,1.33,36.6
79900,3,2,0.6667,1.33,36.6
79905,3,2,0.6667,1.33,36.6
79926,3,2,0.6667,1.33,36.6
79943,3,2,0.6667,1.33,36.6
79945,3,2,0.6667,1.33,36.6
79952,3,2,0.6667,1.33,36.6
79967,3,2,0.6667,1.33,36.6
79969,3,2,0.6667,1.33,36.6
79970,3,2,0.6667,1.33,36.6
79973,3,2,0.6667,1.33,36.6
79996,3,2,0.6667,1.33,36.6
79802,3,2,0.6667,1.33,36.6
79805,3,2,0.6667,1.33,36.6
79819,3,2,0.6667,1.33,36.6
79821,3,2,0.6667,1.33,36.6
79825,3,2,0.6667,1.33,36.6
7286,3,2,0.6667,1.33,36.6
79828,3,2,0.6667,1.33,36.6
79832,3,2,0.6667,1.33,36.6
79838,3,2,0.6667,1.33,36.6
79875,3,2,0.6667,1.33,36.6
79881,3,2,0.6667,1.33,36.6
79882,3,2,0.6667,1.33,36.6
35553,3,2,0.6667,1.33,36.6
35684,3,2,0.6667,1.33,36.6
24351,3,2,0.6667,1.33,36.6
24390,3,2,0.6667,1.33,36.6
79702,3,2,0.6667,1.33,36.6
79706,3,2,0.6667,1.33,36.6
79712,3,2,0.6667,1.33,36.6
79715,3,2,0.6667,1.33,36.6
79716,3,2,0.6667,1.33,36.6
7385,3,2,0.6667,1.33,36.6
79735,3,2,0.6667,1.33,36.6
79738,3,2,0.6667,1.33,36.6
35900,3,2,0.6667,1.33,36.6
35921,3,2,0.6667,1.33,36.6
35946,3,2,0.6667,1.33,36.6
35978,3,2,0.6667,1.33,36.6
35997,3,2,0.6667,1.33,36.6
24274,3,2,0.6667,1.33,36.6
24281,3,2,0.6667,1.33,36.6
36041,3,2,0.6667,1.33,36.6
36042,3,2,0.6667,1.33,36.6
79604,3,2,0.6667,1.33,36.6
79612,3,2,0.6667,1.33,36.6
79617,3,2,0.6667,1.33,36.6
79620,3,2,0.6667,1.33,36.6
79643,3,2,0.6667,1.33,36.6
79644,3,2,0.6667,1.33,36.6
79653,3,2,0.6667,1.33,36.6
7459,3,2,0.6667,1.33,36.6
79673,3,2,0.6667,1.33,36.6
79675,3,2,0.6667,1.33,36.6
36288,3,2,0.6667,1.33,36.6
36301,3,2,0.6667,1.33,36.6
36407,3,2,0.6667,1.33,36.6
36417,3,2,0.6667,1.33,36.6
24173,3,2,0.6667,1.33,36.6
24174,3,2,0.6667,1.33,36.6
79527,3,2,0.6667,1.33,36.6
79528,3,2,0.6667,1.33,36.6
79537,3,2,0.6667,1.33,36.6
79546,3,2,0.6667,1.33,36.6
79587,3,2,0.6667,1.33,36.6
79597,3,2,0.6667,1.33,36.6
79599,3,2,0.6667,1.33,36.6
36456,3,2,0.6667,1.33,36.6
36528,3,2,0.6667,1.33,36.6
36530,3,2,0.6667,1.33,36.6
36606,3,2,0.6667,1.33,36.6
24083,3,2,0.6667,1.33,36.6
36623,3,2,0.6667,1.33,36.6
36657,3,2,0.6667,1.33,36.6
36707,3,2,0.6667,1.33,36.6
36709,3,2,0.6667,1.33,36.6
79440,3,2,0.6667,1.33,36.6
79448,3,2,0.6667,1.33,36.6
79451,3,2,0.6667,1.33,36.6
79452,3,2,0.6667,1.33,36.6
79453,3,2,0.6667,1.33,36.6
79461,3,2,0.6667,1.33,36.6
79486,3,2,0.6667,1.33,36.6
79487,3,2,0.6667,1.33,36.6
79489,3,2,0.6667,1.33,36.6
79500,3,2,0.6667,1.33,36.6
79504,3,2,0.6667,1.33,36.6
79515,3,2,0.6667,1.33,36.6
79516,3,2,0.6667,1.33,36.6
36771,3,2,0.6667,1.33,36.6
36877,3,2,0.6667,1.33,36.6
36901,3,2,0.6667,1.33,36.6
36949,3,2,0.6667,1.33,36.6
36956,3,2,0.6667,1.33,36.6
37054,3,2,0.6667,1.33,36.6
23974,3,2,0.6667,1.33,36.6
79330,3,2,0.6667,1.33,36.6
79347,3,2,0.6667,1.33,36.6
79368,3,2,0.6667,1.33,36.6
79382,3,2,0.6667,1.33,36.6
79387,3,2,0.6667,1.33,36.6
79396,3,2,0.6667,1.33,36.6
79399,3,2,0.6667,1.33,36.6
79408,3,2,0.6667,1.33,36.6
79421,3,2,0.6667,1.33,36.6
79435,3,2,0.6667,1.33,36.6
37172,3,2,0.6667,1.33,36.6
37182,3,2,0.6667,1.33,36.6
37183,3,2,0.6667,1.33,36.6
37190,3,2,0.6667,1.33,36.6
23914,3,2,0.6667,1.33,36.6
23916,3,2,0.6667,1.33,36.6
37250,3,2,0.6667,1.33,36.6
37258,3,2,0.6667,1.33,36.6
79265,3,2,0.6667,1.33,36.6
79270,3,2,0.6667,1.33,36.6
79271,3,2,0.6667,1.33,36.6
79276,3,2,0.6667,1.33,36.6
79279,3,2,0.6667,1.33,36.6
79281,3,2,0.6667,1.33,36.6
79288,3,2,0.6667,1.33,36.6
79289,3,2,0.6667,1.33,36.6
79295,3,2,0.6667,1.33,36.6
79296,3,2,0.6667,1.33,36.6
79298,3,2,0.6667,1.33,36.6
79303,3,2,0.6667,1.33,36.6
79304,3,2,0.6667,1.33,36.6
79099,3,2,0.6667,1.33,36.6
79155,3,2,0.6667,1.33,36.6
79160,3,2,0.6667,1.33,36.6
79211,3,2,0.6667,1.33,36.6
79233,3,2,0.6667,1.33,36.6
79249,3,2,0.6667,1.33,36.6
79253,3,2,0.6667,1.33,36.6
79259,3,2,0.6667,1.33,36.6
37266,3,2,0.6667,1.33,36.6
37267,3,2,0.6667,1.33,36.6
37310,3,2,0.6667,1.33,36.6
37322,3,2,0.6667,1.33,36.6
37327,3,2,0.6667,1.33,36.6
37459,3,2,0.6667,1.33,36.6
37463,3,2,0.6667,1.33,36.6
23864,3,2,0.6667,1.33,36.6
79008,3,2,0.6667,1.33,36.6
79033,3,2,0.6667,1.33,36.6
79037,3,2,0.6667,1.33,36.6
79042,3,2,0.6667,1.33,36.6
79050,3,2,0.6667,1.33,36.6
79053,3,2,0.6667,1.33,36.6
79070,3,2,0.6667,1.33,36.6
79082,3,2,0.6667,1.33,36.6
79093,3,2,0.6667,1.33,36.6
79095,3,2,0.6667,1.33,36.6
79097,3,2,0.6667,1.33,36.6
79098,3,2,0.6667,1.33,36.6
78800,3,2,0.6667,1.33,36.6
78801,3,2,0.6667,1.33,36.6
78810,3,2,0.6667,1.33,36.6
78842,3,2,0.6667,1.33,36.6
78855,3,2,0.6667,1.33,36.6
78878,3,2,0.6667,1.33,36.6
78891,3,2,0.6667,1.33,36.6
78922,3,2,0.6667,1.33,36.6
79007,3,2,0.6667,1.33,36.6
37568,3,2,0.6667,1.33,36.6
37586,3,2,0.6667,1.33,36.6
37604,3,2,0.6667,1.33,36.6
37607,3,2,0.6667,1.33,36.6
37609,3,2,0.6667,1.33,36.6
37610,3,2,0.6667,1.33,36.6
37613,3,2,0.6667,1.33,36.6
37628,3,2,0.6667,1.33,36.6
37683,3,2,0.6667,1.33,36.6
37704,3,2,0.6667,1.33,36.6
78724,3,2,0.6667,1.33,36.6
78727,3,2,0.6667,1.33,36.6
78739,3,2,0.6667,1.33,36.6
78749,3,2,0.6667,1.33,36.6
78754,3,2,0.6667,1.33,36.6
78762,3,2,0.6667,1.33,36.6
7949,3,2,0.6667,1.33,36.6
78790,3,2,0.6667,1.33,36.6
37784,3,2,0.6667,1.33,36.6
37800,3,2,0.6667,1.33,36.6
37848,3,2,0.6667,1.33,36.6
37850,3,2,0.6667,1.33,36.6
37949,3,2,0.6667,1.33,36.6
38016,3,2,0.6667,1.33,36.6
23691,3,2,0.6667,1.33,36.6
78491,3,2,0.6667,1.33,36.6
78510,3,2,0.6667,1.33,36.6
78516,3,2,0.6667,1.33,36.6
78535,3,2,0.6667,1.33,36.6
78538,3,2,0.6667,1.33,36.6
78551,3,2,0.6667,1.33,36.6
78624,3,2,0.6667,1.33,36.6
78632,3,2,0.6667,1.33,36.6
78633,3,2,0.6667,1.33,36.6
78703,3,2,0.6667,1.33,36.6
38117,3,2,0.6667,1.33,36.6
38124,3,2,0.6667,1.33,36.6
38139,3,2,0.6667,1.33,36.6
38204,3,2,0.6667,1.33,36.6
38216,3,2,0.6667,1.33,36.6
23659,3,2,0.6667,1.33,36.6
23672,3,2,0.6667,1.33,36.6
38311,3,2,0.6667,1.33,36.6
78394,3,2,0.6667,1.33,36.6
78396,3,2,0.6667,1.33,36.6
78403,3,2,0.6667,1.33,36.6
78414,3,2,0.6667,1.33,36.6
78427,3,2,0.6667,1.33,36.6
78429,3,2,0.6667,1.33,36.6
78430,3,2,0.6667,1.33,36.6
78461,3,2,0.6667,1.33,36.6
78471,3,2,0.6667,1.33,36.6
78477,3,2,0.6667,1.33,36.6
38336,3,2,0.6667,1.33,36.6
38360,3,2,0.6667,1.33,36.6
38369,3,2,0.6667,1.33,36.6
23597,3,2,0.6667,1.33,36.6
23612,3,2,0.6667,1.33,36.6
23627,3,2,0.6667,1.33,36.6
38411,3,2,0.6667,1.33,36.6
38413,3,2,0.6667,1.33,36.6
38448,3,2,0.6667,1.33,36.6
78239,3,2,0.6667,1.33,36.6
78264,3,2,0.6667,1.33,36.6
78283,3,2,0.6667,1.33,36.6
78288,3,2,0.6667,1.33,36.6
78345,3,2,0.6667,1.33,36.6
78373,3,2,0.6667,1.33,36.6
78375,3,2,0.6667,1.33,36.6
38494,3,2,0.6667,1.33,36.6
38522,3,2,0.6667,1.33,36.6
38533,3,2,0.6667,1.33,36.6
38560,3,2,0.6667,1.33,36.6
38577,3,2,0.6667,1.33,36.6
38581,3,2,0.6667,1.33,36.6
38587,3,2,0.6667,1.33,36.6
38614,3,2,0.6667,1.33,36.6
78050,3,2,0.6667,1.33,36.6
78051,3,2,0.6667,1.33,36.6
78053,3,2,0.6667,1.33,36.6
78096,3,2,0.6667,1.33,36.6
78112,3,2,0.6667,1.33,36.6
78172,3,2,0.6667,1.33,36.6
78180,3,2,0.6667,1.33,36.6
78201,3,2,0.6667,1.33,36.6
78203,3,2,0.6667,1.33,36.6
78226,3,2,0.6667,1.33,36.6
78233,3,2,0.6667,1.33,36.6
78235,3,2,0.6667,1.33,36.6
77911,3,2,0.6667,1.33,36.6
77916,3,2,0.6667,1.33,36.6
77919,3,2,0.6667,1.33,36.6
77926,3,2,0.6667,1.33,36.6
77933,3,2,0.6667,1.33,36.6
77940,3,2,0.6667,1.33,36.6
77944,3,2,0.6667,1.33,36.6
77945,3,2,0.6667,1.33,36.6
77975,3,2,0.6667,1.33,36.6
78006,3,2,0.6667,1.33,36.6
78010,3,2,0.6667,1.33,36.6
78014,3,2,0.6667,1.33,36.6
78027,3,2,0.6667,1.33,36.6
38644,3,2,0.6667,1.33,36.6
38718,3,2,0.6667,1.33,36.6
38844,3,2,0.6667,1.33,36.6
38845,3,2,0.6667,1.33,36.6
38886,3,2,0.6667,1.33,36.6
38923,3,2,0.6667,1.33,36.6
23464,3,2,0.6667,1.33,36.6
39045,3,2,0.6667,1.33,36.6
39048,3,2,0.6667,1.33,36.6
39051,3,2,0.6667,1.33,36.6
77768,3,2,0.6667,1.33,36.6
77802,3,2,0.6667,1.33,36.6
77809,3,2,0.6667,1.33,36.6
77879,3,2,0.6667,1.33,36.6
77880,3,2,0.6667,1.33,36.6
77881,3,2,0.6667,1.33,36.6
77882,3,2,0.6667,1.33,36.6
77885,3,2,0.6667,1.33,36.6
77888,3,2,0.6667,1.33,36.6
77891,3,2,0.6667,1.33,36.6
77893,3,2,0.6667,1.33,36.6
77897,3,2,0.6667,1.33,36.6
77904,3,2,0.6667,1.33,36.6
77690,3,2,0.6667,1.33,36.6
77692,3,2,0.6667,1.33,36.6
77699,3,2,0.6667,1.33,36.6
77701,3,2,0.6667,1.33,36.6
77707,3,2,0.6667,1.33,36.6
77708,3,2,0.6667,1.33,36.6
77737,3,2,0.6667,1.33,36.6
77739,3,2,0.6667,1.33,36.6
77746,3,2,0.6667,1.33,36.6
77758,3,2,0.6667,1.33,36.6
77759,3,2,0.6667,1.33,36.6
77763,3,2,0.6667,1.33,36.6
77512,3,2,0.6667,1.33,36.6
77513,3,2,0.6667,1.33,36.6
77552,3,2,0.6667,1.33,36.6
77562,3,2,0.6667,1.33,36.6
77568,3,2,0.6667,1.33,36.6
77572,3,2,0.6667,1.33,36.6
77595,3,2,0.6667,1.33,36.6
77596,3,2,0.6667,1.33,36.6
77607,3,2,0.6667,1.33,36.6
77612,3,2,0.6667,1.33,36.6
77624,3,2,0.6667,1.33,36.6
39101,3,2,0.6667,1.33,36.6
39132,3,2,0.6667,1.33,36.6
39215,3,2,0.6667,1.33,36.6
39245,3,2,0.6667,1.33,36.6
39296,3,2,0.6667,1.33,36.6
23446,3,2,0.6667,1.33,36.6
77464,3,2,0.6667,1.33,36.6
77483,3,2,0.6667,1.33,36.6
77489,3,2,0.6667,1.33,36.6
77490,3,2,0.6667,1.33,36.6
77493,3,2,0.6667,1.33,36.6
77496,3,2,0.6667,1.33,36.6
77508,3,2,0.6667,1.33,36.6
77510,3,2,0.6667,1.33,36.6
8407,3,2,0.6667,1.33,36.6
39424,3,2,0.6667,1.33,36.6
39444,3,2,0.6667,1.33,36.6
39466,3,2,0.6667,1.33,36.6
39467,3,2,0.6667,1.33,36.6
39486,3,2,0.6667,1.33,36.6
39487,3,2,0.6667,1.33,36.6
39523,3,2,0.6667,1.33,36.6
39568,3,2,0.6667,1.33,36.6
39574,3,2,0.6667,1.33,36.6
39575,3,2,0.6667,1.33,36.6
39582,3,2,0.6667,1.33,36.6
77414,3,2,0.6667,1.33,36.6
77441,3,2,0.6667,1.33,36.6
77444,3,2,0.6667,1.33,36.6
77445,3,2,0.6667,1.33,36.6
77447,3,2,0.6667,1.33,36.6
77448,3,2,0.6667,1.33,36.6
77449,3,2,0.6667,1.33,36.6
77450,3,2,0.6667,1.33,36.6
77454,3,2,0.6667,1.33,36.6
77456,3,2,0.6667,1.33,36.6
77457,3,2,0.6667,1.33,36.6
77458,3,2,0.6667,1.33,36.6
77459,3,2,0.6667,1.33,36.6
77318,3,2,0.6667,1.33,36.6
77319,3,2,0.6667,1.33,36.6
77323,3,2,0.6667,1.33,36.6
77324,3,2,0.6667,1.33,36.6
77327,3,2,0.6667,1.33,36.6
77337,3,2,0.6667,1.33,36.6
77343,3,2,0.6667,1.33,36.6
77350,3,2,0.6667,1.33,36.6
77358,3,2,0.6667,1.33,36.6
77370,3,2,0.6667,1.33,36.6
77384,3,2,0.6667,1.33,36.6
77385,3,2,0.6667,1.33,36.6
77387,3,2,0.6667,1.33,36.6
77120,3,2,0.6667,1.33,36.6
77214,3,2,0.6667,1.33,36.6
77248,3,2,0.6667,1.33,36.6
77260,3,2,0.6667,1.33,36.6
77262,3,2,0.6667,1.33,36.6
77265,3,2,0.6667,1.33,36.6
77311,3,2,0.6667,1.33,36.6
39601,3,2,0.6667,1.33,36.6
39611,3,2,0.6667,1.33,36.6
39625,3,2,0.6667,1.33,36.6
39720,3,2,0.6667,1.33,36.6
39729,3,2,0.6667,1.33,36.6
39797,3,2,0.6667,1.33,36.6
39835,3,2,0.6667,1.33,36.6
39883,3,2,0.6667,1.33,36.6
39906,3,2,0.6667,1.33,36.6
76963,3,2,0.6667,1.33,36.6
76973,3,2,0.6667,1.33,36.6
77000,3,2,0.6667,1.33,36.6
77006,3,2,0.6667,1.33,36.6
77009,3,2,0.6667,1.33,36.6
77043,3,2,0.6667,1.33,36.6
77052,3,2,0.6667,1.33,36.6
77081,3,2,0.6667,1.33,36.6
77091,3,2,0.6667,1.33,36.6
77095,3,2,0.6667,1.33,36.6
77102,3,2,0.6667,1.33,36.6
77105,3,2,0.6667,1.33,36.6
77106,3,2,0.6667,1.33,36.6
39930,3,2,0.6667,1.33,36.6
39947,3,2,0.6667,1.33,36.6
40084,3,2,0.6667,1.33,36.6
40110,3,2,0.6667,1.33,36.6
40253,3,2,0.6667,1.33,36.6
40256,3,2,0.6667,1.33,36.6
23183,3,2,0.6667,1.33,36.6
40268,3,2,0.6667,1.33,36.6
40312,3,2,0.6667,1.33,36.6
40337,3,2,0.6667,1.33,36.6
76887,3,2,0.6667,1.33,36.6
76889,3,2,0.6667,1.33,36.6
76898,3,2,0.6667,1.33,36.6
76912,3,2,0.6667,1.33,36.6
76920,3,2,0.6667,1.33,36.6
76923,3,2,0.6667,1.33,36.6
76925,3,2,0.6667,1.33,36.6
76928,3,2,0.6667,1.33,36.6
8931,3,2,0.6667,1.33,36.6
76789,3,2,0.6667,1.33,36.6
76831,3,2,0.6667,1.33,36.6
76834,3,2,0.6667,1.33,36.6
76848,3,2,0.6667,1.33,36.6
76852,3,2,0.6667,1.33,36.6
76857,3,2,0.6667,1.33,36.6
76865,3,2,0.6667,1.33,36.6
76867,3,2,0.6667,1.33,36.6
40385,3,2,0.6667,1.33,36.6
40582,3,2,0.6667,1.33,36.6
40603,3,2,0.6667,1.33,36.6
40657,3,2,0.6667,1.33,36.6
40666,3,2,0.6667,1.33,36.6
40719,3,2,0.6667,1.33,36.6
40736,3,2,0.6667,1.33,36.6
40771,3,2,0.6667,1.33,36.6
40892,3,2,0.6667,1.33,36.6
76715,3,2,0.6667,1.33,36.6
76716,3,2,0.6667,1.33,36.6
76729,3,2,0.6667,1.33,36.6
76731,3,2,0.6667,1.33,36.6
76741,3,2,0.6667,1.33,36.6
76748,3,2,0.6667,1.33,36.6
9133,3,2,0.6667,1.33,36.6
76753,3,2,0.6667,1.33,36.6
76755,3,2,0.6667,1.33,36.6
76779,3,2,0.6667,1.33,36.6
76782,3,2,0.6667,1.33,36.6
40959,3,2,0.6667,1.33,36.6
41043,3,2,0.6667,1.33,36.6
41049,3,2,0.6667,1.33,36.6
41106,3,2,0.6667,1.33,36.6
41286,3,2,0.6667,1.33,36.6
76516,3,2,0.6667,1.33,36.6
76518,3,2,0.6667,1.33,36.6
76581,3,2,0.6667,1.33,36.6
76587,3,2,0.6667,1.33,36.6
76595,3,2,0.6667,1.33,36.6
76596,3,2,0.6667,1.33,36.6
76597,3,2,0.6667,1.33,36.6
76648,3,2,0.6667,1.33,36.6
76654,3,2,0.6667,1.33,36.6
76660,3,2,0.6667,1.33,36.6
76672,3,2,0.6667,1.33,36.6
41325,3,2,0.6667,1.33,36.6
41336,3,2,0.6667,1.33,36.6
41339,3,2,0.6667,1.33,36.6
41358,3,2,0.6667,1.33,36.6
41378,3,2,0.6667,1.33,36.6
41380,3,2,0.6667,1.33,36.6
41389,3,2,0.6667,1.33,36.6
41434,3,2,0.6667,1.33,36.6
41456,3,2,0.6667,1.33,36.6
41479,3,2,0.6667,1.33,36.6
41482,3,2,0.6667,1.33,36.6
76392,3,2,0.6667,1.33,36.6
76396,3,2,0.6667,1.33,36.6
76415,3,2,0.6667,1.33,36.6
76416,3,2,0.6667,1.33,36.6
76437,3,2,0.6667,1.33,36.6
76438,3,2,0.6667,1.33,36.6
76459,3,2,0.6667,1.33,36.6
76466,3,2,0.6667,1.33,36.6
76467,3,2,0.6667,1.33,36.6
9363,3,2,0.6667,1.33,36.6
76480,3,2,0.6667,1.33,36.6
76137,3,2,0.6667,1.33,36.6
76161,3,2,0.6667,1.33,36.6
76182,3,2,0.6667,1.33,36.6
76206,3,2,0.6667,1.33,36.6
76213,3,2,0.6667,1.33,36.6
76225,3,2,0.6667,1.33,36.6
76322,3,2,0.6667,1.33,36.6
76331,3,2,0.6667,1.33,36.6
76360,3,2,0.6667,1.33,36.6
76362,3,2,0.6667,1.33,36.6
76365,3,2,0.6667,1.33,36.6
76367,3,2,0.6667,1.33,36.6
76387,3,2,0.6667,1.33,36.6
75997,3,2,0.6667,1.33,36.6
76001,3,2,0.6667,1.33,36.6
76005,3,2,0.6667,1.33,36.6
76024,3,2,0.6667,1.33,36.6
76041,3,2,0.6667,1.33,36.6
76047,3,2,0.6667,1.33,36.6
76050,3,2,0.6667,1.33,36.6
76095,3,2,0.6667,1.33,36.6
76128,3,2,0.6667,1.33,36.6
41489,3,2,0.6667,1.33,36.6
41562,3,2,0.6667,1.33,36.6
41565,3,2,0.6667,1.33,36.6
41570,3,2,0.6667,1.33,36.6
41618,3,2,0.6667,1.33,36.6
41696,3,2,0.6667,1.33,36.6
41778,3,2,0.6667,1.33,36.6
22914,3,2,0.6667,1.33,36.6
75830,3,2,0.6667,1.33,36.6
75831,3,2,0.6667,1.33,36.6
75833,3,2,0.6667,1.33,36.6
75866,3,2,0.6667,1.33,36.6
75878,3,2,0.6667,1.33,36.6
75894,3,2,0.6667,1.33,36.6
75920,3,2,0.6667,1.33,36.6
75927,3,2,0.6667,1.33,36.6
75940,3,2,0.6667,1.33,36.6
75980,3,2,0.6667,1.33,36.6
41876,3,2,0.6667,1.33,36.6
41882,3,2,0.6667,1.33,36.6
41887,3,2,0.6667,1.33,36.6
41893,3,2,0.6667,1.33,36.6
41960,3,2,0.6667,1.33,36.6
22845,3,2,0.6667,1.33,36.6
22885,3,2,0.6667,1.33,36.6
22910,3,2,0.6667,1.33,36.6
75679,3,2,0.6667,1.33,36.6
75719,3,2,0.6667,1.33,36.6
75724,3,2,0.6667,1.33,36.6
75739,3,2,0.6667,1.33,36.6
75783,3,2,0.6667,1.33,36.6
75813,3,2,0.6667,1.33,36.6
75823,3,2,0.6667,1.33,36.6
75827,3,2,0.6667,1.33,36.6
42109,3,2,0.6667,1.33,36.6
42176,3,2,0.6667,1.33,36.6
42407,3,2,0.6667,1.33,36.6
42408,3,2,0.6667,1.33,36.6
42414,3,2,0.6667,1.33,36.6
22808,3,2,0.6667,1.33,36.6
75521,3,2,0.6667,1.33,36.6
75525,3,2,0.6667,1.33,36.6
75529,3,2,0.6667,1.33,36.6
75535,3,2,0.6667,1.33,36.6
75574,3,2,0.6667,1.33,36.6
75580,3,2,0.6667,1.33,36.6
75625,3,2,0.6667,1.33,36.6
9621,3,2,0.6667,1.33,36.6
75667,3,2,0.6667,1.33,36.6
75670,3,2,0.6667,1.33,36.6
75676,3,2,0.6667,1.33,36.6
42442,3,2,0.6667,1.33,36.6
42475,3,2,0.6667,1.33,36.6
42517,3,2,0.6667,1.33,36.6
42579,3,2,0.6667,1.33,36.6
42619,3,2,0.6667,1.33,36.6
42639,3,2,0.6667,1.33,36.6
42641,3,2,0.6667,1.33,36.6
22792,3,2,0.6667,1.33,36.6
42650,3,2,0.6667,1.33,36.6
42698,3,2,0.6667,1.33,36.6
42714,3,2,0.6667,1.33,36.6
75451,3,2,0.6667,1.33,36.6
75455,3,2,0.6667,1.33,36.6
75459,3,2,0.6667,1.33,36.6
75465,3,2,0.6667,1.33,36.6
75469,3,2,0.6667,1.33,36.6
75484,3,2,0.6667,1.33,36.6
75490,3,2,0.6667,1.33,36.6
75501,3,2,0.6667,1.33,36.6
75503,3,2,0.6667,1.33,36.6
9690,3,2,0.6667,1.33,36.6
75507,3,2,0.6667,1.33,36.6
75320,3,2,0.6667,1.33,36.6
75329,3,2,0.6667,1.33,36.6
75347,3,2,0.6667,1.33,36.6
75350,3,2,0.6667,1.33,36.6
75354,3,2,0.6667,1.33,36.6
75380,3,2,0.6667,1.33,36.6
75424,3,2,0.6667,1.33,36.6
75432,3,2,0.6667,1.33,36.6
75439,3,2,0.6667,1.33,36.6
42723,3,2,0.6667,1.33,36.6
42780,3,2,0.6667,1.33,36.6
42783,3,2,0.6667,1.33,36.6
42810,3,2,0.6667,1.33,36.6
42822,3,2,0.6667,1.33,36.6
22763,3,2,0.6667,1.33,36.6
42823,3,2,0.6667,1.33,36.6
42836,3,2,0.6667,1.33,36.6
42853,3,2,0.6667,1.33,36.6
42865,3,2,0.6667,1.33,36.6
42910,3,2,0.6667,1.33,36.6
75030,3,2,0.6667,1.33,36.6
75033,3,2,0.6667,1.33,36.6
75095,3,2,0.6667,1.33,36.6
75096,3,2,0.6667,1.33,36.6
75134,3,2,0.6667,1.33,36.6
75190,3,2,0.6667,1.33,36.6
75219,3,2,0.6667,1.33,36.6
75271,3,2,0.6667,1.33,36.6
75308,3,2,0.6667,1.33,36.6
43042,3,2,0.6667,1.33,36.6
43060,3,2,0.6667,1.33,36.6
43133,3,2,0.6667,1.33,36.6
22638,3,2,0.6667,1.33,36.6
22667,3,2,0.6667,1.33,36.6
22669,3,2,0.6667,1.33,36.6
22692,3,2,0.6667,1.33,36.6
43246,3,2,0.6667,1.33,36.6
74923,3,2,0.6667,1.33,36.6
74941,3,2,0.6667,1.33,36.6
74950,3,2,0.6667,1.33,36.6
74961,3,2,0.6667,1.33,36.6
75015,3,2,0.6667,1.33,36.6
75029,3,2,0.6667,1.33,36.6
43505,3,2,0.6667,1.33,36.6
43544,3,2,0.6667,1.33,36.6
43553,3,2,0.6667,1.33,36.6
43558,3,2,0.6667,1.33,36.6
43574,3,2,0.6667,1.33,36.6
22600,3,2,0.6667,1.33,36.6
43708,3,2,0.6667,1.33,36.6
43722,3,2,0.6667,1.33,36.6
43745,3,2,0.6667,1.33,36.6
74809,3,2,0.6667,1.33,36.6
74817,3,2,0.6667,1.33,36.6
74818,3,2,0.6667,1.33,36.6
74823,3,2,0.6667,1.33,36.6
74825,3,2,0.6667,1.33,36.6
74833,3,2,0.6667,1.33,36.6
74844,3,2,0.6667,1.33,36.6
74848,3,2,0.6667,1.33,36.6
74849,3,2,0.6667,1.33,36.6
74850,3,2,0.6667,1.33,36.6
74854,3,2,0.6667,1.33,36.6
74858,3,2,0.6667,1.33,36.6
74868,3,2,0.6667,1.33,36.6
74698,3,2,0.6667,1.33,36.6
74729,3,2,0.6667,1.33,36.6
74742,3,2,0.6667,1.33,36.6
74749,3,2,0.6667,1.33,36.6
74753,3,2,0.6667,1.33,36.6
74755,3,2,0.6667,1.33,36.6
74758,3,2,0.6667,1.33,36.6
74759,3,2,0.6667,1.33,36.6
74764,3,2,0.6667,1.33,36.6
74778,3,2,0.6667,1.33,36.6
74796,3,2,0.6667,1.33,36.6
43808,3,2,0.6667,1.33,36.6
43845,3,2,0.6667,1.33,36.6
43894,3,2,0.6667,1.33,36.6
43950,3,2,0.6667,1.33,36.6
44061,3,2,0.6667,1.33,36.6
44068,3,2,0.6667,1.33,36.6
74532,3,2,0.6667,1.33,36.6
74552,3,2,0.6667,1.33,36.6
74556,3,2,0.6667,1.33,36.6
74557,3,2,0.6667,1.33,36.6
74586,3,2,0.6667,1.33,36.6
74587,3,2,0.6667,1.33,36.6
74593,3,2,0.6667,1.33,36.6
74603,3,2,0.6667,1.33,36.6
74653,3,2,0.6667,1.33,36.6
74683,3,2,0.6667,1.33,36.6
44297,3,2,0.6667,1.33,36.6
44374,3,2,0.6667,1.33,36.6
44377,3,2,0.6667,1.33,36.6
44424,3,2,0.6667,1.33,36.6
22451,3,2,0.6667,1.33,36.6
22491,3,2,0.6667,1.33,36.6
74411,3,2,0.6667,1.33,36.6
74435,3,2,0.6667,1.33,36.6
74441,3,2,0.6667,1.33,36.6
74449,3,2,0.6667,1.33,36.6
74454,3,2,0.6667,1.33,36.6
74469,3,2,0.6667,1.33,36.6
74475,3,2,0.6667,1.33,36.6
74484,3,2,0.6667,1.33,36.6
74491,3,2,0.6667,1.33,36.6
74496,3,2,0.6667,1.33,36.6
44439,3,2,0.6667,1.33,36.6
44592,3,2,0.6667,1.33,36.6
44681,3,2,0.6667,1.33,36.6
44716,3,2,0.6667,1.33,36.6
44722,3,2,0.6667,1.33,36.6
44745,3,2,0.6667,1.33,36.6
74288,3,2,0.6667,1.33,36.6
74293,3,2,0.6667,1.33,36.6
74302,3,2,0.6667,1.33,36.6
74303,3,2,0.6667,1.33,36.6
74335,3,2,0.6667,1.33,36.6
74339,3,2,0.6667,1.33,36.6
74340,3,2,0.6667,1.33,36.6
74349,3,2,0.6667,1.33,36.6
44891,3,2,0.6667,1.33,36.6
44906,3,2,0.6667,1.33,36.6
44967,3,2,0.6667,1.33,36.6
45031,3,2,0.6667,1.33,36.6
45062,3,2,0.6667,1.33,36.6
45134,3,2,0.6667,1.33,36.6
45147,3,2,0.6667,1.33,36.6
45161,3,2,0.6667,1.33,36.6
45212,3,2,0.6667,1.33,36.6
22350,3,2,0.6667,1.33,36.6
74184,3,2,0.6667,1.33,36.6
74192,3,2,0.6667,1.33,36.6
74197,3,2,0.6667,1.33,36.6
74200,3,2,0.6667,1.33,36.6
74201,3,2,0.6667,1.33,36.6
74204,3,2,0.6667,1.33,36.6
74217,3,2,0.6667,1.33,36.6
74219,3,2,0.6667,1.33,36.6
74220,3,2,0.6667,1.33,36.6
74226,3,2,0.6667,1.33,36.6
74251,3,2,0.6667,1.33,36.6
74027,3,2,0.6667,1.33,36.6
74029,3,2,0.6667,1.33,36.6
74035,3,2,0.6667,1.33,36.6
74036,3,2,0.6667,1.33,36.6
74039,3,2,0.6667,1.33,36.6
74068,3,2,0.6667,1.33,36.6
74072,3,2,0.6667,1.33,36.6
74078,3,2,0.6667,1.33,36.6
74084,3,2,0.6667,1.33,36.6
74108,3,2,0.6667,1.33,36.6
74128,3,2,0.6667,1.33,36.6
74130,3,2,0.6667,1.33,36.6
45303,3,2,0.6667,1.33,36.6
45410,3,2,0.6667,1.33,36.6
45488,3,2,0.6667,1.33,36.6
45546,3,2,0.6667,1.33,36.6
45566,3,2,0.6667,1.33,36.6
45579,3,2,0.6667,1.33,36.6
22276,3,2,0.6667,1.33,36.6
73924,3,2,0.6667,1.33,36.6
73933,3,2,0.6667,1.33,36.6
73940,3,2,0.6667,1.33,36.6
73947,3,2,0.6667,1.33,36.6
73967,3,2,0.6667,1.33,36.6
73990,3,2,0.6667,1.33,36.6
73996,3,2,0.6667,1.33,36.6
74008,3,2,0.6667,1.33,36.6
74012,3,2,0.6667,1.33,36.6
45581,3,2,0.6667,1.33,36.6
45641,3,2,0.6667,1.33,36.6
45735,3,2,0.6667,1.33,36.6
45783,3,2,0.6667,1.33,36.6
45786,3,2,0.6667,1.33,36.6
45839,3,2,0.6667,1.33,36.6
22229,3,2,0.6667,1.33,36.6
73818,3,2,0.6667,1.33,36.6
73841,3,2,0.6667,1.33,36.6
73849,3,2,0.6667,1.33,36.6
73850,3,2,0.6667,1.33,36.6
73882,3,2,0.6667,1.33,36.6
73906,3,2,0.6667,1.33,36.6
73908,3,2,0.6667,1.33,36.6
73909,3,2,0.6667,1.33,36.6
73915,3,2,0.6667,1.33,36.6
45941,3,2,0.6667,1.33,36.6
46007,3,2,0.6667,1.33,36.6
46112,3,2,0.6667,1.33,36.6
46260,3,2,0.6667,1.33,36.6
46261,3,2,0.6667,1.33,36.6
46296,3,2,0.6667,1.33,36.6
22158,3,2,0.6667,1.33,36.6
73684,3,2,0.6667,1.33,36.6
73711,3,2,0.6667,1.33,36.6
10621,3,2,0.6667,1.33,36.6
10626,3,2,0.6667,1.33,36.6
73751,3,2,0.6667,1.33,36.6
73755,3,2,0.6667,1.33,36.6
73760,3,2,0.6667,1.33,36.6
73765,3,2,0.6667,1.33,36.6
73773,3,2,0.6667,1.33,36.6
46301,3,2,0.6667,1.33,36.6
46322,3,2,0.6667,1.33,36.6
46368,3,2,0.6667,1.33,36.6
46403,3,2,0.6667,1.33,36.6
46410,3,2,0.6667,1.33,36.6
46468,3,2,0.6667,1.33,36.6
46471,3,2,0.6667,1.33,36.6
46611,3,2,0.6667,1.33,36.6
46626,3,2,0.6667,1.33,36.6
46628,3,2,0.6667,1.33,36.6
73513,3,2,0.6667,1.33,36.6
73524,3,2,0.6667,1.33,36.6
73530,3,2,0.6667,1.33,36.6
73560,3,2,0.6667,1.33,36.6
73571,3,2,0.6667,1.33,36.6
73573,3,2,0.6667,1.33,36.6
73582,3,2,0.6667,1.33,36.6
73587,3,2,0.6667,1.33,36.6
73592,3,2,0.6667,1.33,36.6
73595,3,2,0.6667,1.33,36.6
73598,3,2,0.6667,1.33,36.6
73625,3,2,0.6667,1.33,36.6
73324,3,2,0.6667,1.33,36.6
73394,3,2,0.6667,1.33,36.6
73419,3,2,0.6667,1.33,36.6
73462,3,2,0.6667,1.33,36.6
73463,3,2,0.6667,1.33,36.6
73467,3,2,0.6667,1.33,36.6
73487,3,2,0.6667,1.33,36.6
73496,3,2,0.6667,1.33,36.6
10724,3,2,0.6667,1.33,36.6
73503,3,2,0.6667,1.33,36.6
46738,3,2,0.6667,1.33,36.6
46741,3,2,0.6667,1.33,36.6
46745,3,2,0.6667,1.33,36.6
46778,3,2,0.6667,1.33,36.6
46783,3,2,0.6667,1.33,36.6
46862,3,2,0.6667,1.33,36.6
46877,3,2,0.6667,1.33,36.6
22037,3,2,0.6667,1.33,36.6
22038,3,2,0.6667,1.33,36.6
73199,3,2,0.6667,1.33,36.6
73234,3,2,0.6667,1.33,36.6
73244,3,2,0.6667,1.33,36.6
73248,3,2,0.6667,1.33,36.6
73253,3,2,0.6667,1.33,36.6
73275,3,2,0.6667,1.33,36.6
73293,3,2,0.6667,1.33,36.6
73298,3,2,0.6667,1.33,36.6
10900,3,2,0.6667,1.33,36.6
47022,3,2,0.6667,1.33,36.6
47083,3,2,0.6667,1.33,36.6
47155,3,2,0.6667,1.33,36.6
47169,3,2,0.6667,1.33,36.6
47248,3,2,0.6667,1.33,36.6
47352,3,2,0.6667,1.33,36.6
47392,3,2,0.6667,1.33,36.6
22026,3,2,0.6667,1.33,36.6
47445,3,2,0.6667,1.33,36.6
73078,3,2,0.6667,1.33,36.6
73085,3,2,0.6667,1.33,36.6
73096,3,2,0.6667,1.33,36.6
73108,3,2,0.6667,1.33,36.6
73129,3,2,0.6667,1.33,36.6
73180,3,2,0.6667,1.33,36.6
10917,3,2,0.6667,1.33,36.6
10965,3,2,0.6667,1.33,36.6
72915,3,2,0.6667,1.33,36.6
72922,3,2,0.6667,1.33,36.6
72931,3,2,0.6667,1.33,36.6
72933,3,2,0.6667,1.33,36.6
72938,3,2,0.6667,1.33,36.6
72965,3,2,0.6667,1.33,36.6
72996,3,2,0.6667,1.33,36.6
73021,3,2,0.6667,1.33,36.6
73032,3,2,0.6667,1.33,36.6
73060,3,2,0.6667,1.33,36.6
47495,3,2,0.6667,1.33,36.6
47535,3,2,0.6667,1.33,36.6
47540,3,2,0.6667,1.33,36.6
47559,3,2,0.6667,1.33,36.6
47581,3,2,0.6667,1.33,36.6
47600,3,2,0.6667,1.33,36.6
47603,3,2,0.6667,1.33,36.6
72746,3,2,0.6667,1.33,36.6
72799,3,2,0.6667,1.33,36.6
72801,3,2,0.6667,1.33,36.6
72803,3,2,0.6667,1.33,36.6
72809,3,2,0.6667,1.33,36.6
72812,3,2,0.6667,1.33,36.6
72823,3,2,0.6667,1.33,36.6
72827,3,2,0.6667,1.33,36.6
72835,3,2,0.6667,1.33,36.6
72889,3,2,0.6667,1.33,36.6
72895,3,2,0.6667,1.33,36.6
47605,3,2,0.6667,1.33,36.6
47617,3,2,0.6667,1.33,36.6
47641,3,2,0.6667,1.33,36.6
47661,3,2,0.6667,1.33,36.6
47685,3,2,0.6667,1.33,36.6
47693,3,2,0.6667,1.33,36.6
47725,3,2,0.6667,1.33,36.6
47753,3,2,0.6667,1.33,36.6
47779,3,2,0.6667,1.33,36.6
72594,3,2,0.6667,1.33,36.6
72622,3,2,0.6667,1.33,36.6
72698,3,2,0.6667,1.33,36.6
72716,3,2,0.6667,1.33,36.6
72724,3,2,0.6667,1.33,36.6
72726,3,2,0.6667,1.33,36.6
72734,3,2,0.6667,1.33,36.6
47782,3,2,0.6667,1.33,36.6
47790,3,2,0.6667,1.33,36.6
47835,3,2,0.6667,1.33,36.6
47837,3,2,0.6667,1.33,36.6
21884,3,2,0.6667,1.33,36.6
21888,3,2,0.6667,1.33,36.6
72469,3,2,0.6667,1.33,36.6
72503,3,2,0.6667,1.33,36.6
72508,3,2,0.6667,1.33,36.6
72534,3,2,0.6667,1.33,36.6
72537,3,2,0.6667,1.33,36.6
72538,3,2,0.6667,1.33,36.6
72565,3,2,0.6667,1.33,36.6
72569,3,2,0.6667,1.33,36.6
72578,3,2,0.6667,1.33,36.6
72581,3,2,0.6667,1.33,36.6
47930,3,2,0.6667,1.33,36.6
47954,3,2,0.6667,1.33,36.6
47956,3,2,0.6667,1.33,36.6
47995,3,2,0.6667,1.33,36.6
47997,3,2,0.6667,1.33,36.6
48003,3,2,0.6667,1.33,36.6
21850,3,2,0.6667,1.33,36.6
21861,3,2,0.6667,1.33,36.6
72290,3,2,0.6667,1.33,36.6
72294,3,2,0.6667,1.33,36.6
72302,3,2,0.6667,1.33,36.6
72337,3,2,0.6667,1.33,36.6
72338,3,2,0.6667,1.33,36.6
72363,3,2,0.6667,1.33,36.6
72371,3,2,0.6667,1.33,36.6
72372,3,2,0.6667,1.33,36.6
72377,3,2,0.6667,1.33,36.6
72443,3,2,0.6667,1.33,36.6
72448,3,2,0.6667,1.33,36.6
48024,3,2,0.6667,1.33,36.6
48028,3,2,0.6667,1.33,36.6
21794,3,2,0.6667,1.33,36.6
48118,3,2,0.6667,1.33,36.6
48130,3,2,0.6667,1.33,36.6
72072,3,2,0.6667,1.33,36.6
72114,3,2,0.6667,1.33,36.6
72118,3,2,0.6667,1.33,36.6
72150,3,2,0.6667,1.33,36.6
72158,3,2,0.6667,1.33,36.6
72171,3,2,0.6667,1.33,36.6
72198,3,2,0.6667,1.33,36.6
72216,3,2,0.6667,1.33,36.6
72220,3,2,0.6667,1.33,36.6
72221,3,2,0.6667,1.33,36.6
72229,3,2,0.6667,1.33,36.6
72233,3,2,0.6667,1.33,36.6
72257,3,2,0.6667,1.33,36.6
71875,3,2,0.6667,1.33,36.6
71876,3,2,0.6667,1.33,36.6
71919,3,2,0.6667,1.33,36.6
71958,3,2,0.6667,1.33,36.6
71960,3,2,0.6667,1.33,36.6
71993,3,2,0.6667,1.33,36.6
72016,3,2,0.6667,1.33,36.6
72067,3,2,0.6667,1.33,36.6
48199,3,2,0.6667,1.33,36.6
48253,3,2,0.6667,1.33,36.6
48256,3,2,0.6667,1.33,36.6
48275,3,2,0.6667,1.33,36.6
21728,3,2,0.6667,1.33,36.6
48337,3,2,0.6667,1.33,36.6
48338,3,2,0.6667,1.33,36.6
48353,3,2,0.6667,1.33,36.6
48372,3,2,0.6667,1.33,36.6
48407,3,2,0.6667,1.33,36.6
48454,3,2,0.6667,1.33,36.6
21690,3,2,0.6667,1.33,36.6
71782,3,2,0.6667,1.33,36.6
71788,3,2,0.6667,1.33,36.6
71790,3,2,0.6667,1.33,36.6
71801,3,2,0.6667,1.33,36.6
71802,3,2,0.6667,1.33,36.6
71818,3,2,0.6667,1.33,36.6
71828,3,2,0.6667,1.33,36.6
71829,3,2,0.6667,1.33,36.6
71856,3,2,0.6667,1.33,36.6
71858,3,2,0.6667,1.33,36.6
71859,3,2,0.6667,1.33,36.6
71625,3,2,0.6667,1.33,36.6
71633,3,2,0.6667,1.33,36.6
71674,3,2,0.6667,1.33,36.6
71675,3,2,0.6667,1.33,36.6
71678,3,2,0.6667,1.33,36.6
71712,3,2,0.6667,1.33,36.6
71754,3,2,0.6667,1.33,36.6
48459,3,2,0.6667,1.33,36.6
48486,3,2,0.6667,1.33,36.6
48490,3,2,0.6667,1.33,36.6
48507,3,2,0.6667,1.33,36.6
48513,3,2,0.6667,1.33,36.6
21639,3,2,0.6667,1.33,36.6
48553,3,2,0.6667,1.33,36.6
48558,3,2,0.6667,1.33,36.6
48587,3,2,0.6667,1.33,36.6
71421,3,2,0.6667,1.33,36.6
71451,3,2,0.6667,1.33,36.6
71454,3,2,0.6667,1.33,36.6
71457,3,2,0.6667,1.33,36.6
71495,3,2,0.6667,1.33,36.6
71510,3,2,0.6667,1.33,36.6
71519,3,2,0.6667,1.33,36.6
71550,3,2,0.6667,1.33,36.6
71562,3,2,0.6667,1.33,36.6
71591,3,2,0.6667,1.33,36.6
48792,3,2,0.6667,1.33,36.6
48794,3,2,0.6667,1.33,36.6
48797,3,2,0.6667,1.33,36.6
48807,3,2,0.6667,1.33,36.6
48811,3,2,0.6667,1.33,36.6
48827,3,2,0.6667,1.33,36.6
48860,3,2,0.6667,1.33,36.6
48861,3,2,0.6667,1.33,36.6
48862,3,2,0.6667,1.33,36.6
71291,3,2,0.6667,1.33,36.6
71299,3,2,0.6667,1.33,36.6
71310,3,2,0.6667,1.33,36.6
71333,3,2,0.6667,1.33,36.6
71403,3,2,0.6667,1.33,36.6
71415,3,2,0.6667,1.33,36.6
71417,3,2,0.6667,1.33,36.6
48886,3,2,0.6667,1.33,36.6
48897,3,2,0.6667,1.33,36.6
48909,3,2,0.6667,1.33,36.6
48968,3,2,0.6667,1.33,36.6
48969,3,2,0.6667,1.33,36.6
49005,3,2,0.6667,1.33,36.6
21547,3,2,0.6667,1.33,36.6
49023,3,2,0.6667,1.33,36.6
49049,3,2,0.6667,1.33,36.6
49051,3,2,0.6667,1.33,36.6
71122,3,2,0.6667,1.33,36.6
71153,3,2,0.6667,1.33,36.6
71154,3,2,0.6667,1.33,36.6
71156,3,2,0.6667,1.33,36.6
71159,3,2,0.6667,1.33,36.6
71172,3,2,0.6667,1.33,36.6
71189,3,2,0.6667,1.33,36.6
71218,3,2,0.6667,1.33,36.6
71225,3,2,0.6667,1.33,36.6
71257,3,2,0.6667,1.33,36.6
71263,3,2,0.6667,1.33,36.6
49056,3,2,0.6667,1.33,36.6
49065,3,2,0.6667,1.33,36.6
49066,3,2,0.6667,1.33,36.6
49085,3,2,0.6667,1.33,36.6
49091,3,2,0.6667,1.33,36.6
49122,3,2,0.6667,1.33,36.6
21534,3,2,0.6667,1.33,36.6
49143,3,2,0.6667,1.33,36.6
70944,3,2,0.6667,1.33,36.6
70985,3,2,0.6667,1.33,36.6
71016,3,2,0.6667,1.33,36.6
71028,3,2,0.6667,1.33,36.6
71030,3,2,0.6667,1.33,36.6
71036,3,2,0.6667,1.33,36.6
71044,3,2,0.6667,1.33,36.6
71045,3,2,0.6667,1.33,36.6
71055,3,2,0.6667,1.33,36.6
70721,3,2,0.6667,1.33,36.6
70753,3,2,0.6667,1.33,36.6
70757,3,2,0.6667,1.33,36.6
70771,3,2,0.6667,1.33,36.6
70784,3,2,0.6667,1.33,36.6
70854,3,2,0.6667,1.33,36.6
70867,3,2,0.6667,1.33,36.6
49176,3,2,0.6667,1.33,36.6
49199,3,2,0.6667,1.33,36.6
49202,3,2,0.6667,1.33,36.6
49231,3,2,0.6667,1.33,36.6
49242,3,2,0.6667,1.33,36.6
49266,3,2,0.6667,1.33,36.6
49309,3,2,0.6667,1.33,36.6
49317,3,2,0.6667,1.33,36.6
49325,3,2,0.6667,1.33,36.6
21463,3,2,0.6667,1.33,36.6
70582,3,2,0.6667,1.33,36.6
70634,3,2,0.6667,1.33,36.6
70635,3,2,0.6667,1.33,36.6
70637,3,2,0.6667,1.33,36.6
70708,3,2,0.6667,1.33,36.6
49326,3,2,0.6667,1.33,36.6
49328,3,2,0.6667,1.33,36.6
49330,3,2,0.6667,1.33,36.6
49352,3,2,0.6667,1.33,36.6
49363,3,2,0.6667,1.33,36.6
49397,3,2,0.6667,1.33,36.6
49402,3,2,0.6667,1.33,36.6
49416,3,2,0.6667,1.33,36.6
49424,3,2,0.6667,1.33,36.6
49442,3,2,0.6667,1.33,36.6
49444,3,2,0.6667,1.33,36.6
49464,3,2,0.6667,1.33,36.6
70483,3,2,0.6667,1.33,36.6
70492,3,2,0.6667,1.33,36.6
70495,3,2,0.6667,1.33,36.6
70506,3,2,0.6667,1.33,36.6
12077,3,2,0.6667,1.33,36.6
12078,3,2,0.6667,1.33,36.6
70568,3,2,0.6667,1.33,36.6
70577,3,2,0.6667,1.33,36.6
70579,3,2,0.6667,1.33,36.6
49517,3,2,0.6667,1.33,36.6
49524,3,2,0.6667,1.33,36.6
49529,3,2,0.6667,1.33,36.6
49557,3,2,0.6667,1.33,36.6
49576,3,2,0.6667,1.33,36.6
49577,3,2,0.6667,1.33,36.6
49654,3,2,0.6667,1.33,36.6
49664,3,2,0.6667,1.33,36.6
21388,3,2,0.6667,1.33,36.6
21390,3,2,0.6667,1.33,36.6
70377,3,2,0.6667,1.33,36.6
70379,3,2,0.6667,1.33,36.6
70380,3,2,0.6667,1.33,36.6
70381,3,2,0.6667,1.33,36.6
70410,3,2,0.6667,1.33,36.6
70432,3,2,0.6667,1.33,36.6
70433,3,2,0.6667,1.33,36.6
70435,3,2,0.6667,1.33,36.6
70457,3,2,0.6667,1.33,36.6
49671,3,2,0.6667,1.33,36.6
49694,3,2,0.6667,1.33,36.6
49758,3,2,0.6667,1.33,36.6
49806,3,2,0.6667,1.33,36.6
21333,3,2,0.6667,1.33,36.6
21350,3,2,0.6667,1.33,36.6
49881,3,2,0.6667,1.33,36.6
49891,3,2,0.6667,1.33,36.6
49894,3,2,0.6667,1.33,36.6
49904,3,2,0.6667,1.33,36.6
70206,3,2,0.6667,1.33,36.6
70211,3,2,0.6667,1.33,36.6
70213,3,2,0.6667,1.33,36.6
70251,3,2,0.6667,1.33,36.6
12137,3,2,0.6667,1.33,36.6
70276,3,2,0.6667,1.33,36.6
70290,3,2,0.6667,1.33,36.6
70322,3,2,0.6667,1.33,36.6
70333,3,2,0.6667,1.33,36.6
70095,3,2,0.6667,1.33,36.6
70121,3,2,0.6667,1.33,36.6
70164,3,2,0.6667,1.33,36.6
12168,3,2,0.6667,1.33,36.6
12170,3,2,0.6667,1.33,36.6
70168,3,2,0.6667,1.33,36.6
70171,3,2,0.6667,1.33,36.6
70187,3,2,0.6667,1.33,36.6
70188,3,2,0.6667,1.33,36.6
49913,3,2,0.6667,1.33,36.6
49928,3,2,0.6667,1.33,36.6
49935,3,2,0.6667,1.33,36.6
49937,3,2,0.6667,1.33,36.6
49944,3,2,0.6667,1.33,36.6
49946,3,2,0.6667,1.33,36.6
49963,3,2,0.6667,1.33,36.6
49986,3,2,0.6667,1.33,36.6
21323,3,2,0.6667,1.33,36.6
69968,3,2,0.6667,1.33,36.6
69973,3,2,0.6667,1.33,36.6
69975,3,2,0.6667,1.33,36.6
69981,3,2,0.6667,1.33,36.6
69982,3,2,0.6667,1.33,36.6
70000,3,2,0.6667,1.33,36.6
12220,3,2,0.6667,1.33,36.6
50167,3,2,0.6667,1.33,36.6
50173,3,2,0.6667,1.33,36.6
21303,3,2,0.6667,1.33,36.6
50181,3,2,0.6667,1.33,36.6
50184,3,2,0.6667,1.33,36.6
50192,3,2,0.6667,1.33,36.6
50205,3,2,0.6667,1.33,36.6
50210,3,2,0.6667,1.33,36.6
69830,3,2,0.6667,1.33,36.6
69832,3,2,0.6667,1.33,36.6
69841,3,2,0.6667,1.33,36.6
69887,3,2,0.6667,1.33,36.6
69910,3,2,0.6667,1.33,36.6
69925,3,2,0.6667,1.33,36.6
69935,3,2,0.6667,1.33,36.6
69936,3,2,0.6667,1.33,36.6
69940,3,2,0.6667,1.33,36.6
69941,3,2,0.6667,1.33,36.6
69964,3,2,0.6667,1.33,36.6
50218,3,2,0.6667,1.33,36.6
50220,3,2,0.6667,1.33,36.6
50261,3,2,0.6667,1.33,36.6
50267,3,2,0.6667,1.33,36.6
50278,3,2,0.6667,1.33,36.6
50295,3,2,0.6667,1.33,36.6
50299,3,2,0.6667,1.33,36.6
21234,3,2,0.6667,1.33,36.6
21238,3,2,0.6667,1.33,36.6
21244,3,2,0.6667,1.33,36.6
50386,3,2,0.6667,1.33,36.6
50398,3,2,0.6667,1.33,36.6
69691,3,2,0.6667,1.33,36.6
69707,3,2,0.6667,1.33,36.6
69747,3,2,0.6667,1.33,36.6
69759,3,2,0.6667,1.33,36.6
69776,3,2,0.6667,1.33,36.6
69782,3,2,0.6667,1.33,36.6
69803,3,2,0.6667,1.33,36.6
69608,3,2,0.6667,1.33,36.6
69611,3,2,0.6667,1.33,36.6
69614,3,2,0.6667,1.33,36.6
69636,3,2,0.6667,1.33,36.6
12433,3,2,0.6667,1.33,36.6
69668,3,2,0.6667,1.33,36.6
69669,3,2,0.6667,1.33,36.6
69670,3,2,0.6667,1.33,36.6
69686,3,2,0.6667,1.33,36.6
50403,3,2,0.6667,1.33,36.6
50496,3,2,0.6667,1.33,36.6
21228,3,2,0.6667,1.33,36.6
21231,3,2,0.6667,1.33,36.6
50512,3,2,0.6667,1.33,36.6
50515,3,2,0.6667,1.33,36.6
50526,3,2,0.6667,1.33,36.6
50530,3,2,0.6667,1.33,36.6
69511,3,2,0.6667,1.33,36.6
69512,3,2,0.6667,1.33,36.6
69531,3,2,0.6667,1.33,36.6
69540,3,2,0.6667,1.33,36.6
69569,3,2,0.6667,1.33,36.6
69580,3,2,0.6667,1.33,36.6
12442,3,2,0.6667,1.33,36.6
69591,3,2,0.6667,1.33,36.6
69606,3,2,0.6667,1.33,36.6
50560,3,2,0.6667,1.33,36.6
50572,3,2,0.6667,1.33,36.6
50582,3,2,0.6667,1.33,36.6
50602,3,2,0.6667,1.33,36.6
50603,3,2,0.6667,1.33,36.6
50618,3,2,0.6667,1.33,36.6
50621,3,2,0.6667,1.33,36.6
21191,3,2,0.6667,1.33,36.6
21195,3,2,0.6667,1.33,36.6
21200,3,2,0.6667,1.33,36.6
50649,3,2,0.6667,1.33,36.6
50652,3,2,0.6667,1.33,36.6
69437,3,2,0.6667,1.33,36.6
69439,3,2,0.6667,1.33,36.6
69452,3,2,0.6667,1.33,36.6
69468,3,2,0.6667,1.33,36.6
12511,3,2,0.6667,1.33,36.6
69494,3,2,0.6667,1.33,36.6
50669,3,2,0.6667,1.33,36.6
50701,3,2,0.6667,1.33,36.6
50708,3,2,0.6667,1.33,36.6
50749,3,2,0.6667,1.33,36.6
21132,3,2,0.6667,1.33,36.6
50778,3,2,0.6667,1.33,36.6
50786,3,2,0.6667,1.33,36.6
69394,3,2,0.6667,1.33,36.6
69406,3,2,0.6667,1.33,36.6
69410,3,2,0.6667,1.33,36.6
69411,3,2,0.6667,1.33,36.6
69412,3,2,0.6667,1.33,36.6
69413,3,2,0.6667,1.33,36.6
69417,3,2,0.6667,1.33,36.6
12620,3,2,0.6667,1.33,36.6
12622,3,2,0.6667,1.33,36.6
69422,3,2,0.6667,1.33,36.6
50795,3,2,0.6667,1.33,36.6
50797,3,2,0.6667,1.33,36.6
50802,3,2,0.6667,1.33,36.6
50804,3,2,0.6667,1.33,36.6
50807,3,2,0.6667,1.33,36.6
21117,3,2,0.6667,1.33,36.6
50841,3,2,0.6667,1.33,36.6
50843,3,2,0.6667,1.33,36.6
50853,3,2,0.6667,1.33,36.6
50854,3,2,0.6667,1.33,36.6
50877,3,2,0.6667,1.33,36.6
69282,3,2,0.6667,1.33,36.6
69288,3,2,0.6667,1.33,36.6
69293,3,2,0.6667,1.33,36.6
69316,3,2,0.6667,1.33,36.6
69323,3,2,0.6667,1.33,36.6
69349,3,2,0.6667,1.33,36.6
69351,3,2,0.6667,1.33,36.6
69360,3,2,0.6667,1.33,36.6
69363,3,2,0.6667,1.33,36.6
12630,3,2,0.6667,1.33,36.6
69382,3,2,0.6667,1.33,36.6
69183,3,2,0.6667,1.33,36.6
69186,3,2,0.6667,1.33,36.6
69195,3,2,0.6667,1.33,36.6
69203,3,2,0.6667,1.33,36.6
69205,3,2,0.6667,1.33,36.6
69231,3,2,0.6667,1.33,36.6
12698,3,2,0.6667,1.33,36.6
12706,3,2,0.6667,1.33,36.6
50914,3,2,0.6667,1.33,36.6
50923,3,2,0.6667,1.33,36.6
50947,3,2,0.6667,1.33,36.6
51014,3,2,0.6667,1.33,36.6
51062,3,2,0.6667,1.33,36.6
51123,3,2,0.6667,1.33,36.6
51138,3,2,0.6667,1.33,36.6
21107,3,2,0.6667,1.33,36.6
68961,3,2,0.6667,1.33,36.6
68968,3,2,0.6667,1.33,36.6
68981,3,2,0.6667,1.33,36.6
69003,3,2,0.6667,1.33,36.6
69013,3,2,0.6667,1.33,36.6
69020,3,2,0.6667,1.33,36.6
69033,3,2,0.6667,1.33,36.6
69040,3,2,0.6667,1.33,36.6
69053,3,2,0.6667,1.33,36.6
69056,3,2,0.6667,1.33,36.6
69089,3,2,0.6667,1.33,36.6
51190,3,2,0.6667,1.33,36.6
51203,3,2,0.6667,1.33,36.6
51216,3,2,0.6667,1.33,36.6
51238,3,2,0.6667,1.33,36.6
51299,3,2,0.6667,1.33,36.6
51314,3,2,0.6667,1.33,36.6
51357,3,2,0.6667,1.33,36.6
51379,3,2,0.6667,1.33,36.6
68772,3,2,0.6667,1.33,36.6
68773,3,2,0.6667,1.33,36.6
68774,3,2,0.6667,1.33,36.6
68845,3,2,0.6667,1.33,36.6
68854,3,2,0.6667,1.33,36.6
68857,3,2,0.6667,1.33,36.6
68862,3,2,0.6667,1.33,36.6
68872,3,2,0.6667,1.33,36.6
68895,3,2,0.6667,1.33,36.6
68904,3,2,0.6667,1.33,36.6
12864,3,2,0.6667,1.33,36.6
68949,3,2,0.6667,1.33,36.6
68950,3,2,0.6667,1.33,36.6
68573,3,2,0.6667,1.33,36.6
68576,3,2,0.6667,1.33,36.6
68598,3,2,0.6667,1.33,36.6
68608,3,2,0.6667,1.33,36.6
68672,3,2,0.6667,1.33,36.6
68713,3,2,0.6667,1.33,36.6
68763,3,2,0.6667,1.33,36.6
68770,3,2,0.6667,1.33,36.6
51401,3,2,0.6667,1.33,36.6
51412,3,2,0.6667,1.33,36.6
51416,3,2,0.6667,1.33,36.6
51466,3,2,0.6667,1.33,36.6
51467,3,2,0.6667,1.33,36.6
20993,3,2,0.6667,1.33,36.6
21017,3,2,0.6667,1.33,36.6
51484,3,2,0.6667,1.33,36.6
68387,3,2,0.6667,1.33,36.6
68419,3,2,0.6667,1.33,36.6
68472,3,2,0.6667,1.33,36.6
68478,3,2,0.6667,1.33,36.6
68508,3,2,0.6667,1.33,36.6
12939,3,2,0.6667,1.33,36.6
12998,3,2,0.6667,1.33,36.6
68571,3,2,0.6667,1.33,36.6
51570,3,2,0.6667,1.33,36.6
51584,3,2,0.6667,1.33,36.6
51607,3,2,0.6667,1.33,36.6
51610,3,2,0.6667,1.33,36.6
51611,3,2,0.6667,1.33,36.6
51616,3,2,0.6667,1.33,36.6
51691,3,2,0.6667,1.33,36.6
51698,3,2,0.6667,1.33,36.6
68278,3,2,0.6667,1.33,36.6
68287,3,2,0.6667,1.33,36.6
13009,3,2,0.6667,1.33,36.6
68302,3,2,0.6667,1.33,36.6
68320,3,2,0.6667,1.33,36.6
68343,3,2,0.6667,1.33,36.6
68349,3,2,0.6667,1.33,36.6
51791,3,2,0.6667,1.33,36.6
51835,3,2,0.6667,1.33,36.6
51840,3,2,0.6667,1.33,36.6
51849,3,2,0.6667,1.33,36.6
51879,3,2,0.6667,1.33,36.6
51897,3,2,0.6667,1.33,36.6
51909,3,2,0.6667,1.33,36.6
51920,3,2,0.6667,1.33,36.6
20891,3,2,0.6667,1.33,36.6
20907,3,2,0.6667,1.33,36.6
51934,3,2,0.6667,1.33,36.6
68247,3,2,0.6667,1.33,36.6
68253,3,2,0.6667,1.33,36.6
68254,3,2,0.6667,1.33,36.6
68256,3,2,0.6667,1.33,36.6
68267,3,2,0.6667,1.33,36.6
51993,3,2,0.6667,1.33,36.6
52037,3,2,0.6667,1.33,36.6
52083,3,2,0.6667,1.33,36.6
20871,3,2,0.6667,1.33,36.6
20879,3,2,0.6667,1.33,36.6
52122,3,2,0.6667,1.33,36.6
52123,3,2,0.6667,1.33,36.6
52156,3,2,0.6667,1.33,36.6
52169,3,2,0.6667,1.33,36.6
52170,3,2,0.6667,1.33,36.6
52213,3,2,0.6667,1.33,36.6
52242,3,2,0.6667,1.33,36.6
52250,3,2,0.6667,1.33,36.6
52382,3,2,0.6667,1.33,36.6
52388,3,2,0.6667,1.33,36.6
68018,3,2,0.6667,1.33,36.6
68025,3,2,0.6667,1.33,36.6
68036,3,2,0.6667,1.33,36.6
68048,3,2,0.6667,1.33,36.6
68065,3,2,0.6667,1.33,36.6
68070,3,2,0.6667,1.33,36.6
68074,3,2,0.6667,1.33,36.6
68094,3,2,0.6667,1.33,36.6
67832,3,2,0.6667,1.33,36.6
67836,3,2,0.6667,1.33,36.6
67842,3,2,0.6667,1.33,36.6
67848,3,2,0.6667,1.33,36.6
67863,3,2,0.6667,1.33,36.6
67895,3,2,0.6667,1.33,36.6
67917,3,2,0.6667,1.33,36.6
67919,3,2,0.6667,1.33,36.6
67943,3,2,0.6667,1.33,36.6
67956,3,2,0.6667,1.33,36.6
67980,3,2,0.6667,1.33,36.6
52392,3,2,0.6667,1.33,36.6
52408,3,2,0.6667,1.33,36.6
52420,3,2,0.6667,1.33,36.6
52477,3,2,0.6667,1.33,36.6
52485,3,2,0.6667,1.33,36.6
52491,3,2,0.6667,1.33,36.6
52507,3,2,0.6667,1.33,36.6
20717,3,2,0.6667,1.33,36.6
67752,3,2,0.6667,1.33,36.6
67757,3,2,0.6667,1.33,36.6
67782,3,2,0.6667,1.33,36.6
67791,3,2,0.6667,1.33,36.6
67796,3,2,0.6667,1.33,36.6
67800,3,2,0.6667,1.33,36.6
67830,3,2,0.6667,1.33,36.6
52568,3,2,0.6667,1.33,36.6
52580,3,2,0.6667,1.33,36.6
52602,3,2,0.6667,1.33,36.6
52603,3,2,0.6667,1.33,36.6
20694,3,2,0.6667,1.33,36.6
52626,3,2,0.6667,1.33,36.6
52635,3,2,0.6667,1.33,36.6
52642,3,2,0.6667,1.33,36.6
52644,3,2,0.6667,1.33,36.6
52654,3,2,0.6667,1.33,36.6
52660,3,2,0.6667,1.33,36.6
67596,3,2,0.6667,1.33,36.6
67664,3,2,0.6667,1.33,36.6
67668,3,2,0.6667,1.33,36.6
67738,3,2,0.6667,1.33,36.6
52665,3,2,0.6667,1.33,36.6
52687,3,2,0.6667,1.33,36.6
52690,3,2,0.6667,1.33,36.6
52715,3,2,0.6667,1.33,36.6
52717,3,2,0.6667,1.33,36.6
52719,3,2,0.6667,1.33,36.6
52751,3,2,0.6667,1.33,36.6
67484,3,2,0.6667,1.33,36.6
67487,3,2,0.6667,1.33,36.6
67491,3,2,0.6667,1.33,36.6
67530,3,2,0.6667,1.33,36.6
67533,3,2,0.6667,1.33,36.6
67551,3,2,0.6667,1.33,36.6
13554,3,2,0.6667,1.33,36.6
67563,3,2,0.6667,1.33,36.6
52858,3,2,0.6667,1.33,36.6
52889,3,2,0.6667,1.33,36.6
52948,3,2,0.6667,1.33,36.6
52950,3,2,0.6667,1.33,36.6
52995,3,2,0.6667,1.33,36.6
53004,3,2,0.6667,1.33,36.6
53005,3,2,0.6667,1.33,36.6
53076,3,2,0.6667,1.33,36.6
53081,3,2,0.6667,1.33,36.6
67335,3,2,0.6667,1.33,36.6
13656,3,2,0.6667,1.33,36.6
67394,3,2,0.6667,1.33,36.6
67421,3,2,0.6667,1.33,36.6
67428,3,2,0.6667,1.33,36.6
67436,3,2,0.6667,1.33,36.6
67437,3,2,0.6667,1.33,36.6
67454,3,2,0.6667,1.33,36.6
53207,3,2,0.6667,1.33,36.6
53238,3,2,0.6667,1.33,36.6
53256,3,2,0.6667,1.33,36.6
53266,3,2,0.6667,1.33,36.6
53283,3,2,0.6667,1.33,36.6
53308,3,2,0.6667,1.33,36.6
53317,3,2,0.6667,1.33,36.6
53320,3,2,0.6667,1.33,36.6
20440,3,2,0.6667,1.33,36.6
20473,3,2,0.6667,1.33,36.6
67166,3,2,0.6667,1.33,36.6
67240,3,2,0.6667,1.33,36.6
67251,3,2,0.6667,1.33,36.6
67269,3,2,0.6667,1.33,36.6
67272,3,2,0.6667,1.33,36.6
67309,3,2,0.6667,1.33,36.6
67323,3,2,0.6667,1.33,36.6
53382,3,2,0.6667,1.33,36.6
53383,3,2,0.6667,1.33,36.6
53386,3,2,0.6667,1.33,36.6
53387,3,2,0.6667,1.33,36.6
53396,3,2,0.6667,1.33,36.6
53408,3,2,0.6667,1.33,36.6
53468,3,2,0.6667,1.33,36.6
20407,3,2,0.6667,1.33,36.6
20417,3,2,0.6667,1.33,36.6
67003,3,2,0.6667,1.33,36.6
67016,3,2,0.6667,1.33,36.6
67025,3,2,0.6667,1.33,36.6
67052,3,2,0.6667,1.33,36.6
67060,3,2,0.6667,1.33,36.6
67076,3,2,0.6667,1.33,36.6
67122,3,2,0.6667,1.33,36.6
67131,3,2,0.6667,1.33,36.6
53480,3,2,0.6667,1.33,36.6
53526,3,2,0.6667,1.33,36.6
53530,3,2,0.6667,1.33,36.6
53535,3,2,0.6667,1.33,36.6
53551,3,2,0.6667,1.33,36.6
53563,3,2,0.6667,1.33,36.6
53583,3,2,0.6667,1.33,36.6
66779,3,2,0.6667,1.33,36.6
66801,3,2,0.6667,1.33,36.6
66833,3,2,0.6667,1.33,36.6
66834,3,2,0.6667,1.33,36.6
66906,3,2,0.6667,1.33,36.6
66909,3,2,0.6667,1.33,36.6
66967,3,2,0.6667,1.33,36.6
66989,3,2,0.6667,1.33,36.6
66992,3,2,0.6667,1.33,36.6
53649,3,2,0.6667,1.33,36.6
53651,3,2,0.6667,1.33,36.6
53681,3,2,0.6667,1.33,36.6
53689,3,2,0.6667,1.33,36.6
53694,3,2,0.6667,1.33,36.6
53695,3,2,0.6667,1.33,36.6
20315,3,2,0.6667,1.33,36.6
20333,3,2,0.6667,1.33,36.6
66693,3,2,0.6667,1.33,36.6
66698,3,2,0.6667,1.33,36.6
66699,3,2,0.6667,1.33,36.6
66700,3,2,0.6667,1.33,36.6
66706,3,2,0.6667,1.33,36.6
66709,3,2,0.6667,1.33,36.6
13939,3,2,0.6667,1.33,36.6
66731,3,2,0.6667,1.33,36.6
66739,3,2,0.6667,1.33,36.6
53756,3,2,0.6667,1.33,36.6
53760,3,2,0.6667,1.33,36.6
53778,3,2,0.6667,1.33,36.6
53783,3,2,0.6667,1.33,36.6
20253,3,2,0.6667,1.33,36.6
20293,3,2,0.6667,1.33,36.6
53838,3,2,0.6667,1.33,36.6
53839,3,2,0.6667,1.33,36.6
53840,3,2,0.6667,1.33,36.6
53841,3,2,0.6667,1.33,36.6
66591,3,2,0.6667,1.33,36.6
66593,3,2,0.6667,1.33,36.6
66603,3,2,0.6667,1.33,36.6
66621,3,2,0.6667,1.33,36.6
66637,3,2,0.6667,1.33,36.6
66664,3,2,0.6667,1.33,36.6
66673,3,2,0.6667,1.33,36.6
66676,3,2,0.6667,1.33,36.6
53879,3,2,0.6667,1.33,36.6
53907,3,2,0.6667,1.33,36.6
53912,3,2,0.6667,1.33,36.6
53918,3,2,0.6667,1.33,36.6
53949,3,2,0.6667,1.33,36.6
53951,3,2,0.6667,1.33,36.6
53971,3,2,0.6667,1.33,36.6
53981,3,2,0.6667,1.33,36.6
20184,3,2,0.6667,1.33,36.6
54005,3,2,0.6667,1.33,36.6
66514,3,2,0.6667,1.33,36.6
66522,3,2,0.6667,1.33,36.6
66536,3,2,0.6667,1.33,36.6
66541,3,2,0.6667,1.33,36.6
66542,3,2,0.6667,1.33,36.6
66551,3,2,0.6667,1.33,36.6
66557,3,2,0.6667,1.33,36.6
66559,3,2,0.6667,1.33,36.6
66560,3,2,0.6667,1.33,36.6
66578,3,2,0.6667,1.33,36.6
66326,3,2,0.6667,1.33,36.6
66332,3,2,0.6667,1.33,36.6
66334,3,2,0.6667,1.33,36.6
66382,3,2,0.6667,1.33,36.6
66396,3,2,0.6667,1.33,36.6
66467,3,2,0.6667,1.33,36.6
66468,3,2,0.6667,1.33,36.6
66491,3,2,0.6667,1.33,36.6
66499,3,2,0.6667,1.33,36.6
54021,3,2,0.6667,1.33,36.6
54046,3,2,0.6667,1.33,36.6
54086,3,2,0.6667,1.33,36.6
20157,3,2,0.6667,1.33,36.6
20179,3,2,0.6667,1.33,36.6
54100,3,2,0.6667,1.33,36.6
54122,3,2,0.6667,1.33,36.6
66188,3,2,0.6667,1.33,36.6
66204,3,2,0.6667,1.33,36.6
66222,3,2,0.6667,1.33,36.6
66234,3,2,0.6667,1.33,36.6
66245,3,2,0.6667,1.33,36.6
66273,3,2,0.6667,1.33,36.6
14295,3,2,0.6667,1.33,36.6
14306,3,2,0.6667,1.33,36.6
54209,3,2,0.6667,1.33,36.6
54219,3,2,0.6667,1.33,36.6
54237,3,2,0.6667,1.33,36.6
54249,3,2,0.6667,1.33,36.6
20123,3,2,0.6667,1.33,36.6
54262,3,2,0.6667,1.33,36.6
54308,3,2,0.6667,1.33,36.6
65996,3,2,0.6667,1.33,36.6
65997,3,2,0.6667,1.33,36.6
66003,3,2,0.6667,1.33,36.6
66007,3,2,0.6667,1.33,36.6
66013,3,2,0.6667,1.33,36.6
66015,3,2,0.6667,1.33,36.6
66023,3,2,0.6667,1.33,36.6
66042,3,2,0.6667,1.33,36.6
66066,3,2,0.6667,1.33,36.6
66092,3,2,0.6667,1.33,36.6
66163,3,2,0.6667,1.33,36.6
54313,3,2,0.6667,1.33,36.6
54340,3,2,0.6667,1.33,36.6
54351,3,2,0.6667,1.33,36.6
54398,3,2,0.6667,1.33,36.6
54400,3,2,0.6667,1.33,36.6
54526,3,2,0.6667,1.33,36.6
65898,3,2,0.6667,1.33,36.6
65903,3,2,0.6667,1.33,36.6
65904,3,2,0.6667,1.33,36.6
65908,3,2,0.6667,1.33,36.6
65934,3,2,0.6667,1.33,36.6
65960,3,2,0.6667,1.33,36.6
65972,3,2,0.6667,1.33,36.6
65981,3,2,0.6667,1.33,36.6
65991,3,2,0.6667,1.33,36.6
54557,3,2,0.6667,1.33,36.6
54581,3,2,0.6667,1.33,36.6
54595,3,2,0.6667,1.33,36.6
54628,3,2,0.6667,1.33,36.6
20023,3,2,0.6667,1.33,36.6
54748,3,2,0.6667,1.33,36.6
54774,3,2,0.6667,1.33,36.6
54793,3,2,0.6667,1.33,36.6
65863,3,2,0.6667,1.33,36.6
65864,3,2,0.6667,1.33,36.6
65872,3,2,0.6667,1.33,36.6
65877,3,2,0.6667,1.33,36.6
14573,3,2,0.6667,1.33,36.6
65889,3,2,0.6667,1.33,36.6
65894,3,2,0.6667,1.33,36.6
65895,3,2,0.6667,1.33,36.6
65897,3,2,0.6667,1.33,36.6
54809,3,2,0.6667,1.33,36.6
54835,3,2,0.6667,1.33,36.6
54856,3,2,0.6667,1.33,36.6
19943,3,2,0.6667,1.33,36.6
19967,3,2,0.6667,1.33,36.6
54921,3,2,0.6667,1.33,36.6
54963,3,2,0.6667,1.33,36.6
54984,3,2,0.6667,1.33,36.6
54989,3,2,0.6667,1.33,36.6
65724,3,2,0.6667,1.33,36.6
65764,3,2,0.6667,1.33,36.6
65783,3,2,0.6667,1.33,36.6
65789,3,2,0.6667,1.33,36.6
65810,3,2,0.6667,1.33,36.6
14640,3,2,0.6667,1.33,36.6
65818,3,2,0.6667,1.33,36.6
65825,3,2,0.6667,1.33,36.6
65829,3,2,0.6667,1.33,36.6
65850,3,2,0.6667,1.33,36.6
65853,3,2,0.6667,1.33,36.6
65648,3,2,0.6667,1.33,36.6
65655,3,2,0.6667,1.33,36.6
65693,3,2,0.6667,1.33,36.6
65698,3,2,0.6667,1.33,36.6
65707,3,2,0.6667,1.33,36.6
65713,3,2,0.6667,1.33,36.6
65714,3,2,0.6667,1.33,36.6
65716,3,2,0.6667,1.33,36.6
65717,3,2,0.6667,1.33,36.6
65719,3,2,0.6667,1.33,36.6
54996,3,2,0.6667,1.33,36.6
55000,3,2,0.6667,1.33,36.6
55006,3,2,0.6667,1.33,36.6
55042,3,2,0.6667,1.33,36.6
55050,3,2,0.6667,1.33,36.6
55060,3,2,0.6667,1.33,36.6
19920,3,2,0.6667,1.33,36.6
19925,3,2,0.6667,1.33,36.6
19936,3,2,0.6667,1.33,36.6
65546,3,2,0.6667,1.33,36.6
65551,3,2,0.6667,1.33,36.6
65561,3,2,0.6667,1.33,36.6
65566,3,2,0.6667,1.33,36.6
65581,3,2,0.6667,1.33,36.6
65590,3,2,0.6667,1.33,36.6
65603,3,2,0.6667,1.33,36.6
65606,3,2,0.6667,1.33,36.6
65613,3,2,0.6667,1.33,36.6
65641,3,2,0.6667,1.33,36.6
65642,3,2,0.6667,1.33,36.6
55126,3,2,0.6667,1.33,36.6
55192,3,2,0.6667,1.33,36.6
55282,3,2,0.6667,1.33,36.6
19806,3,2,0.6667,1.33,36.6
65453,3,2,0.6667,1.33,36.6
14818,3,2,0.6667,1.33,36.6
65469,3,2,0.6667,1.33,36.6
65492,3,2,0.6667,1.33,36.6
65496,3,2,0.6667,1.33,36.6
65540,3,2,0.6667,1.33,36.6
55342,3,2,0.6667,1.33,36.6
55371,3,2,0.6667,1.33,36.6
55386,3,2,0.6667,1.33,36.6
55394,3,2,0.6667,1.33,36.6
55446,3,2,0.6667,1.33,36.6
55465,3,2,0.6667,1.33,36.6
55499,3,2,0.6667,1.33,36.6
19798,3,2,0.6667,1.33,36.6
55503,3,2,0.6667,1.33,36.6
55510,3,2,0.6667,1.33,36.6
65304,3,2,0.6667,1.33,36.6
65353,3,2,0.6667,1.33,36.6
65379,3,2,0.6667,1.33,36.6
65386,3,2,0.6667,1.33,36.6
65419,3,2,0.6667,1.33,36.6
65434,3,2,0.6667,1.33,36.6
65439,3,2,0.6667,1.33,36.6
65451,3,2,0.6667,1.33,36.6
65452,3,2,0.6667,1.33,36.6
55554,3,2,0.6667,1.33,36.6
55563,3,2,0.6667,1.33,36.6
55586,3,2,0.6667,1.33,36.6
55609,3,2,0.6667,1.33,36.6
55635,3,2,0.6667,1.33,36.6
19755,3,2,0.6667,1.33,36.6
55672,3,2,0.6667,1.33,36.6
65117,3,2,0.6667,1.33,36.6
65124,3,2,0.6667,1.33,36.6
65186,3,2,0.6667,1.33,36.6
65207,3,2,0.6667,1.33,36.6
65218,3,2,0.6667,1.33,36.6
65231,3,2,0.6667,1.33,36.6
65277,3,2,0.6667,1.33,36.6
65294,3,2,0.6667,1.33,36.6
55748,3,2,0.6667,1.33,36.6
55786,3,2,0.6667,1.33,36.6
19619,3,2,0.6667,1.33,36.6
55907,3,2,0.6667,1.33,36.6
55932,3,2,0.6667,1.33,36.6
55968,3,2,0.6667,1.33,36.6
65005,3,2,0.6667,1.33,36.6
65007,3,2,0.6667,1.33,36.6
65012,3,2,0.6667,1.33,36.6
65032,3,2,0.6667,1.33,36.6
65037,3,2,0.6667,1.33,36.6
65042,3,2,0.6667,1.33,36.6
65065,3,2,0.6667,1.33,36.6
15151,3,2,0.6667,1.33,36.6
65091,3,2,0.6667,1.33,36.6
65101,3,2,0.6667,1.33,36.6
55973,3,2,0.6667,1.33,36.6
56024,3,2,0.6667,1.33,36.6
56064,3,2,0.6667,1.33,36.6
56157,3,2,0.6667,1.33,36.6
56163,3,2,0.6667,1.33,36.6
56171,3,2,0.6667,1.33,36.6
56262,3,2,0.6667,1.33,36.6
19521,3,2,0.6667,1.33,36.6
19567,3,2,0.6667,1.33,36.6
56351,3,2,0.6667,1.33,36.6
64902,3,2,0.6667,1.33,36.6
64911,3,2,0.6667,1.33,36.6
64915,3,2,0.6667,1.33,36.6
64921,3,2,0.6667,1.33,36.6
15302,3,2,0.6667,1.33,36.6
64993,3,2,0.6667,1.33,36.6
56371,3,2,0.6667,1.33,36.6
56393,3,2,0.6667,1.33,36.6
19484,3,2,0.6667,1.33,36.6
19493,3,2,0.6667,1.33,36.6
56416,3,2,0.6667,1.33,36.6
56437,3,2,0.6667,1.33,36.6
56440,3,2,0.6667,1.33,36.6
64748,3,2,0.6667,1.33,36.6
64766,3,2,0.6667,1.33,36.6
64775,3,2,0.6667,1.33,36.6
64786,3,2,0.6667,1.33,36.6
64812,3,2,0.6667,1.33,36.6
64813,3,2,0.6667,1.33,36.6
64822,3,2,0.6667,1.33,36.6
64834,3,2,0.6667,1.33,36.6
56447,3,2,0.6667,1.33,36.6
56460,3,2,0.6667,1.33,36.6
56503,3,2,0.6667,1.33,36.6
56514,3,2,0.6667,1.33,36.6
19449,3,2,0.6667,1.33,36.6
56667,3,2,0.6667,1.33,36.6
56701,3,2,0.6667,1.33,36.6
56702,3,2,0.6667,1.33,36.6
64642,3,2,0.6667,1.33,36.6
64643,3,2,0.6667,1.33,36.6
64661,3,2,0.6667,1.33,36.6
64676,3,2,0.6667,1.33,36.6
64692,3,2,0.6667,1.33,36.6
64696,3,2,0.6667,1.33,36.6
64700,3,2,0.6667,1.33,36.6
64742,3,2,0.6667,1.33,36.6
56768,3,2,0.6667,1.33,36.6
56830,3,2,0.6667,1.33,36.6
56866,3,2,0.6667,1.33,36.6
56885,3,2,0.6667,1.33,36.6
56896,3,2,0.6667,1.33,36.6
56897,3,2,0.6667,1.33,36.6
56900,3,2,0.6667,1.33,36.6
64506,3,2,0.6667,1.33,36.6
64507,3,2,0.6667,1.33,36.6
64508,3,2,0.6667,1.33,36.6
64512,3,2,0.6667,1.33,36.6
64554,3,2,0.6667,1.33,36.6
64559,3,2,0.6667,1.33,36.6
64630,3,2,0.6667,1.33,36.6
64634,3,2,0.6667,1.33,36.6
56930,3,2,0.6667,1.33,36.6
56931,3,2,0.6667,1.33,36.6
56963,3,2,0.6667,1.33,36.6
57052,3,2,0.6667,1.33,36.6
57090,3,2,0.6667,1.33,36.6
57105,3,2,0.6667,1.33,36.6
57134,3,2,0.6667,1.33,36.6
57174,3,2,0.6667,1.33,36.6
57175,3,2,0.6667,1.33,36.6
57181,3,2,0.6667,1.33,36.6
57236,3,2,0.6667,1.33,36.6
57247,3,2,0.6667,1.33,36.6
57260,3,2,0.6667,1.33,36.6
57261,3,2,0.6667,1.33,36.6
64356,3,2,0.6667,1.33,36.6
64411,3,2,0.6667,1.33,36.6
64431,3,2,0.6667,1.33,36.6
64443,3,2,0.6667,1.33,36.6
64445,3,2,0.6667,1.33,36.6
64455,3,2,0.6667,1.33,36.6
64490,3,2,0.6667,1.33,36.6
64494,3,2,0.6667,1.33,36.6
64495,3,2,0.6667,1.33,36.6
64205,3,2,0.6667,1.33,36.6
64210,3,2,0.6667,1.33,36.6
64224,3,2,0.6667,1.33,36.6
64289,3,2,0.6667,1.33,36.6
15811,3,2,0.6667,1.33,36.6
15824,3,2,0.6667,1.33,36.6
64344,3,2,0.6667,1.33,36.6
64345,3,2,0.6667,1.33,36.6
64355,3,2,0.6667,1.33,36.6
57277,3,2,0.6667,1.33,36.6
57288,3,2,0.6667,1.33,36.6
57332,3,2,0.6667,1.33,36.6
57334,3,2,0.6667,1.33,36.6
57347,3,2,0.6667,1.33,36.6
57428,3,2,0.6667,1.33,36.6
57437,3,2,0.6667,1.33,36.6
57547,3,2,0.6667,1.33,36.6
64087,3,2,0.6667,1.33,36.6
64118,3,2,0.6667,1.33,36.6
64121,3,2,0.6667,1.33,36.6
64161,3,2,0.6667,1.33,36.6
64170,3,2,0.6667,1.33,36.6
64177,3,2,0.6667,1.33,36.6
57553,3,2,0.6667,1.33,36.6
57554,3,2,0.6667,1.33,36.6
57615,3,2,0.6667,1.33,36.6
57624,3,2,0.6667,1.33,36.6
57633,3,2,0.6667,1.33,36.6
57661,3,2,0.6667,1.33,36.6
57671,3,2,0.6667,1.33,36.6
57673,3,2,0.6667,1.33,36.6
57697,3,2,0.6667,1.33,36.6
63962,3,2,0.6667,1.33,36.6
63978,3,2,0.6667,1.33,36.6
64002,3,2,0.6667,1.33,36.6
64004,3,2,0.6667,1.33,36.6
64045,3,2,0.6667,1.33,36.6
57737,3,2,0.6667,1.33,36.6
57797,3,2,0.6667,1.33,36.6
57818,3,2,0.6667,1.33,36.6
57840,3,2,0.6667,1.33,36.6
57845,3,2,0.6667,1.33,36.6
57901,3,2,0.6667,1.33,36.6
57923,3,2,0.6667,1.33,36.6
57936,3,2,0.6667,1.33,36.6
57948,3,2,0.6667,1.33,36.6
57952,3,2,0.6667,1.33,36.6
58030,3,2,0.6667,1.33,36.6
58037,3,2,0.6667,1.33,36.6
19158,3,2,0.6667,1.33,36.6
19165,3,2,0.6667,1.33,36.6
58057,3,2,0.6667,1.33,36.6
58059,3,2,0.6667,1.33,36.6
58060,3,2,0.6667,1.33,36.6
63861,3,2,0.6667,1.33,36.6
63884,3,2,0.6667,1.33,36.6
16145,3,2,0.6667,1.33,36.6
16157,3,2,0.6667,1.33,36.6
63911,3,2,0.6667,1.33,36.6
63934,3,2,0.6667,1.33,36.6
63936,3,2,0.6667,1.33,36.6
58112,3,2,0.6667,1.33,36.6
58156,3,2,0.6667,1.33,36.6
58177,3,2,0.6667,1.33,36.6
58187,3,2,0.6667,1.33,36.6
58211,3,2,0.6667,1.33,36.6
58235,3,2,0.6667,1.33,36.6
63777,3,2,0.6667,1.33,36.6
63778,3,2,0.6667,1.33,36.6
63799,3,2,0.6667,1.33,36.6
63832,3,2,0.6667,1.33,36.6
63835,3,2,0.6667,1.33,36.6
63838,3,2,0.6667,1.33,36.6
63845,3,2,0.6667,1.33,36.6
63847,3,2,0.6667,1.33,36.6
58246,3,2,0.6667,1.33,36.6
58324,3,2,0.6667,1.33,36.6
58338,3,2,0.6667,1.33,36.6
58459,3,2,0.6667,1.33,36.6
19076,3,2,0.6667,1.33,36.6
58487,3,2,0.6667,1.33,36.6
58513,3,2,0.6667,1.33,36.6
58518,3,2,0.6667,1.33,36.6
63634,3,2,0.6667,1.33,36.6
63654,3,2,0.6667,1.33,36.6
63703,3,2,0.6667,1.33,36.6
63723,3,2,0.6667,1.33,36.6
63740,3,2,0.6667,1.33,36.6
63754,3,2,0.6667,1.33,36.6
58566,3,2,0.6667,1.33,36.6
58574,3,2,0.6667,1.33,36.6
58614,3,2,0.6667,1.33,36.6
58615,3,2,0.6667,1.33,36.6
58634,3,2,0.6667,1.33,36.6
19021,3,2,0.6667,1.33,36.6
19034,3,2,0.6667,1.33,36.6
19053,3,2,0.6667,1.33,36.6
63549,3,2,0.6667,1.33,36.6
63550,3,2,0.6667,1.33,36.6
63551,3,2,0.6667,1.33,36.6
63552,3,2,0.6667,1.33,36.6
63554,3,2,0.6667,1.33,36.6
63556,3,2,0.6667,1.33,36.6
63573,3,2,0.6667,1.33,36.6
63579,3,2,0.6667,1.33,36.6
63590,3,2,0.6667,1.33,36.6
63594,3,2,0.6667,1.33,36.6
58729,3,2,0.6667,1.33,36.6
58731,3,2,0.6667,1.33,36.6
58751,3,2,0.6667,1.33,36.6
58777,3,2,0.6667,1.33,36.6
58782,3,2,0.6667,1.33,36.6
58787,3,2,0.6667,1.33,36.6
58796,3,2,0.6667,1.33,36.6
58799,3,2,0.6667,1.33,36.6
58807,3,2,0.6667,1.33,36.6
58816,3,2,0.6667,1.33,36.6
58846,3,2,0.6667,1.33,36.6
63425,3,2,0.6667,1.33,36.6
63458,3,2,0.6667,1.33,36.6
63459,3,2,0.6667,1.33,36.6
63471,3,2,0.6667,1.33,36.6
63476,3,2,0.6667,1.33,36.6
63479,3,2,0.6667,1.33,36.6
63487,3,2,0.6667,1.33,36.6
16590,3,2,0.6667,1.33,36.6
63547,3,2,0.6667,1.33,36.6
63548,3,2,0.6667,1.33,36.6
63265,3,2,0.6667,1.33,36.6
63270,3,2,0.6667,1.33,36.6
63274,3,2,0.6667,1.33,36.6
63277,3,2,0.6667,1.33,36.6
63292,3,2,0.6667,1.33,36.6
63308,3,2,0.6667,1.33,36.6
63352,3,2,0.6667,1.33,36.6
63353,3,2,0.6667,1.33,36.6
58861,3,2,0.6667,1.33,36.6
58867,3,2,0.6667,1.33,36.6
58921,3,2,0.6667,1.33,36.6
58967,3,2,0.6667,1.33,36.6
59115,3,2,0.6667,1.33,36.6
59124,3,2,0.6667,1.33,36.6
59171,3,2,0.6667,1.33,36.6
59176,3,2,0.6667,1.33,36.6
59178,3,2,0.6667,1.33,36.6
59196,3,2,0.6667,1.33,36.6
59238,3,2,0.6667,1.33,36.6
59257,3,2,0.6667,1.33,36.6
59260,3,2,0.6667,1.33,36.6
59267,3,2,0.6667,1.33,36.6
59291,3,2,0.6667,1.33,36.6
59298,3,2,0.6667,1.33,36.6
59318,3,2,0.6667,1.33,36.6
63121,3,2,0.6667,1.33,36.6
63127,3,2,0.6667,1.33,36.6
63154,3,2,0.6667,1.33,36.6
63184,3,2,0.6667,1.33,36.6
63201,3,2,0.6667,1.33,36.6
63203,3,2,0.6667,1.33,36.6
63228,3,2,0.6667,1.33,36.6
62896,3,2,0.6667,1.33,36.6
62924,3,2,0.6667,1.33,36.6
62929,3,2,0.6667,1.33,36.6
62993,3,2,0.6667,1.33,36.6
63028,3,2,0.6667,1.33,36.6
63035,3,2,0.6667,1.33,36.6
16841,3,2,0.6667,1.33,36.6
63052,3,2,0.6667,1.33,36.6
63098,3,2,0.6667,1.33,36.6
59340,3,2,0.6667,1.33,36.6
59371,3,2,0.6667,1.33,36.6
59381,3,2,0.6667,1.33,36.6
59382,3,2,0.6667,1.33,36.6
59399,3,2,0.6667,1.33,36.6
59405,3,2,0.6667,1.33,36.6
59406,3,2,0.6667,1.33,36.6
59449,3,2,0.6667,1.33,36.6
59475,3,2,0.6667,1.33,36.6
59509,3,2,0.6667,1.33,36.6
59521,3,2,0.6667,1.33,36.6
59556,3,2,0.6667,1.33,36.6
62788,3,2,0.6667,1.33,36.6
62821,3,2,0.6667,1.33,36.6
62823,3,2,0.6667,1.33,36.6
16981,3,2,0.6667,1.33,36.6
62866,3,2,0.6667,1.33,36.6
59581,3,2,0.6667,1.33,36.6
59602,3,2,0.6667,1.33,36.6
59634,3,2,0.6667,1.33,36.6
59636,3,2,0.6667,1.33,36.6
59637,3,2,0.6667,1.33,36.6
59642,3,2,0.6667,1.33,36.6
18870,3,2,0.6667,1.33,36.6
59646,3,2,0.6667,1.33,36.6
59680,3,2,0.6667,1.33,36.6
62503,3,2,0.6667,1.33,36.6
62514,3,2,0.6667,1.33,36.6
62662,3,2,0.6667,1.33,36.6
62692,3,2,0.6667,1.33,36.6
62700,3,2,0.6667,1.33,36.6
62725,3,2,0.6667,1.33,36.6
59724,3,2,0.6667,1.33,36.6
59763,3,2,0.6667,1.33,36.6
18831,3,2,0.6667,1.33,36.6
59810,3,2,0.6667,1.33,36.6
59821,3,2,0.6667,1.33,36.6
59832,3,2,0.6667,1.33,36.6
59839,3,2,0.6667,1.33,36.6
59840,3,2,0.6667,1.33,36.6
59849,3,2,0.6667,1.33,36.6
62210,3,2,0.6667,1.33,36.6
62382,3,2,0.6667,1.33,36.6
59868,3,2,0.6667,1.33,36.6
59926,3,2,0.6667,1.33,36.6
59945,3,2,0.6667,1.33,36.6
59952,3,2,0.6667,1.33,36.6
59957,3,2,0.6667,1.33,36.6
59968,3,2,0.6667,1.33,36.6
60008,3,2,0.6667,1.33,36.6
60010,3,2,0.6667,1.33,36.6
60013,3,2,0.6667,1.33,36.6
60020,3,2,0.6667,1.33,36.6
60046,3,2,0.6667,1.33,36.6
60070,3,2,0.6667,1.33,36.6
60084,3,2,0.6667,1.33,36.6
60089,3,2,0.6667,1.33,36.6
60105,3,2,0.6667,1.33,36.6
60134,3,2,0.6667,1.33,36.6
60195,3,2,0.6667,1.33,36.6
60201,3,2,0.6667,1.33,36.6
62066,3,2,0.6667,1.33,36.6
62100,3,2,0.6667,1.33,36.6
17378,3,2,0.6667,1.33,36.6
62116,3,2,0.6667,1.33,36.6
62121,3,2,0.6667,1.33,36.6
62151,3,2,0.6667,1.33,36.6
62153,3,2,0.6667,1.33,36.6
62157,3,2,0.6667,1.33,36.6
60240,3,2,0.6667,1.33,36.6
60251,3,2,0.6667,1.33,36.6
60317,3,2,0.6667,1.33,36.6
60323,3,2,0.6667,1.33,36.6
60344,3,2,0.6667,1.33,36.6
60362,3,2,0.6667,1.33,36.6
60408,3,2,0.6667,1.33,36.6
61894,3,2,0.6667,1.33,36.6
61909,3,2,0.6667,1.33,36.6
61962,3,2,0.6667,1.33,36.6
62024,3,2,0.6667,1.33,36.6
62032,3,2,0.6667,1.33,36.6
62060,3,2,0.6667,1.33,36.6
62065,3,2,0.6667,1.33,36.6
17488,3,2,0.6667,1.33,36.6
60485,3,2,0.6667,1.33,36.6
60488,3,2,0.6667,1.33,36.6
60491,3,2,0.6667,1.33,36.6
60499,3,2,0.6667,1.33,36.6
60509,3,2,0.6667,1.33,36.6
60534,3,2,0.6667,1.33,36.6
60567,3,2,0.6667,1.33,36.6
60643,3,2,0.6667,1.33,36.6
60654,3,2,0.6667,1.33,36.6
60688,3,2,0.6667,1.33,36.6
18376,3,2,0.6667,1.33,36.6
60716,3,2,0.6667,1.33,36.6
60720,3,2,0.6667,1.33,36.6
61807,3,2,0.6667,1.33,36.6
61808,3,2,0.6667,1.33,36.6
61814,3,2,0.6667,1.33,36.6
61849,3,2,0.6667,1.33,36.6
61851,3,2,0.6667,1.33,36.6
61859,3,2,0.6667,1.33,36.6
61867,3,2,0.6667,1.33,36.6
61868,3,2,0.6667,1.33,36.6
61874,3,2,0.6667,1.33,36.6
61880,3,2,0.6667,1.33,36.6
61515,3,2,0.6667,1.33,36.6
61648,3,2,0.6667,1.33,36.6
61657,3,2,0.6667,1.33,36.6
61660,3,2,0.6667,1.33,36.6
61676,3,2,0.6667,1.33,36.6
61679,3,2,0.6667,1.33,36.6
61682,3,2,0.6667,1.33,36.6
61684,3,2,0.6667,1.33,36.6
61715,3,2,0.6667,1.33,36.6
61739,3,2,0.6667,1.33,36.6
61773,3,2,0.6667,1.33,36.6
61803,3,2,0.6667,1.33,36.6
17731,3,2,0.6667,1.33,36.6
61805,3,2,0.6667,1.33,36.6
61352,3,2,0.6667,1.33,36.6
61365,3,2,0.6667,1.33,36.6
61376,3,2,0.6667,1.33,36.6
61413,3,2,0.6667,1.33,36.6
61421,3,2,0.6667,1.33,36.6
61426,3,2,0.6667,1.33,36.6
61477,3,2,0.6667,1.33,36.6
61494,3,2,0.6667,1.33,36.6
17796,3,2,0.6667,1.33,36.6
17854,3,2,0.6667,1.33,36.6
60726,3,2,0.6667,1.33,36.6
60751,3,2,0.6667,1.33,36.6
60759,3,2,0.6667,1.33,36.6
60762,3,2,0.6667,1.33,36.6
60764,3,2,0.6667,1.33,36.6
60779,3,2,0.6667,1.33,36.6
61186,3,2,0.6667,1.33,36.6
61197,3,2,0.6667,1.33,36.6
61199,3,2,0.6667,1.33,36.6
61246,3,2,0.6667,1.33,36.6
61269,3,2,0.6667,1.33,36.6
61270,3,2,0.6667,1.33,36.6
17988,3,2,0.6667,1.33,36.6
17991,3,2,0.6667,1.33,36.6
61310,3,2,0.6667,1.33,36.6
61322,3,2,0.6667,1.33,36.6
61328,3,2,0.6667,1.33,36.6
61349,3,2,0.6667,1.33,36.6
60907,3,2,0.6667,1.33,36.6
60972,3,2,0.6667,1.33,36.6
61029,3,2,0.6667,1.33,36.6
61057,3,2,0.6667,1.33,36.6
61059,3,2,0.6667,1.33,36.6
61073,3,2,0.6667,1.33,36.6
61078,3,2,0.6667,1.33,36.6
61085,3,2,0.6667,1.33,36.6
61096,3,2,0.6667,1.33,36.6
61118,3,2,0.6667,1.33,36.6
61154,3,2,0.6667,1.33,36.6
92696,3,2,0.6667,1.33,36.6
92772,3,2,0.6667,1.33,36.6
92779,3,2,0.6667,1.33,36.6
93213,3,2,0.6667,1.33,36.6
93258,3,2,0.6667,1.33,36.6
93265,3,2,0.6667,1.33,36.6
93315,3,2,0.6667,1.33,36.6
93321,3,2,0.6667,1.33,36.6
93358,3,2,0.6667,1.33,36.6
93463,3,2,0.6667,1.33,36.6
93472,3,2,0.6667,1.33,36.6
93525,3,2,0.6667,1.33,36.6
93561,3,2,0.6667,1.33,36.6
93664,3,2,0.6667,1.33,36.6
26339,3,2,0.6667,1.33,36.6
92046,3,2,0.6667,1.33,36.6
92092,3,2,0.6667,1.33,36.6
92183,3,2,0.6667,1.33,36.6
92190,3,2,0.6667,1.33,36.6
92236,3,2,0.6667,1.33,36.6
92240,3,2,0.6667,1.33,36.6
92311,3,2,0.6667,1.33,36.6
92357,3,2,0.6667,1.33,36.6
92429,3,2,0.6667,1.33,36.6
92430,3,2,0.6667,1.33,36.6
92495,3,2,0.6667,1.33,36.6
92555,3,2,0.6667,1.33,36.6
92576,3,2,0.6667,1.33,36.6
92582,3,2,0.6667,1.33,36.6
26356,4,3,0.5,1.5,28.8
92298,4,3,0.5,1.5,28.8
92189,4,3,0.5,1.5,28.8
26350,4,3,0.5,1.5,28.8
61182,4,3,0.5,1.5,28.8
61143,4,3,0.5,1.5,28.8
61136,4,3,0.5,1.5,28.8
61095,4,3,0.5,1.5,28.8
60877,4,3,0.5,1.5,28.8
26741,4,3,0.5,1.5,28.8
26754,4,3,0.5,1.5,28.8
26766,4,3,0.5,1.5,28.8
26774,4,3,0.5,1.5,28.8
26834,4,3,0.5,1.5,28.8
26873,4,3,0.5,1.5,28.8
26911,4,3,0.5,1.5,28.8
26913,4,3,0.5,1.5,28.8
89479,4,3,0.5,1.5,28.8
89517,4,3,0.5,1.5,28.8
89553,4,3,0.5,1.5,28.8
89572,4,3,0.5,1.5,28.8
89073,4,3,0.5,1.5,28.8
89266,4,3,0.5,1.5,28.8
89268,4,3,0.5,1.5,28.8
88861,4,3,0.5,1.5,28.8
62047,4,3,0.5,1.5,28.8
62057,4,3,0.5,1.5,28.8
60484,4,3,0.5,1.5,28.8
60564,4,3,0.5,1.5,28.8
60676,4,3,0.5,1.5,28.8
61809,4,3,0.5,1.5,28.8
61811,4,3,0.5,1.5,28.8
61831,4,3,0.5,1.5,28.8
17576,4,3,0.5,1.5,28.8
17619,4,3,0.5,1.5,28.8
61889,4,3,0.5,1.5,28.8
61801,4,3,0.5,1.5,28.8
61804,4,3,0.5,1.5,28.8
61461,4,3,0.5,1.5,28.8
61480,4,3,0.5,1.5,28.8
61491,4,3,0.5,1.5,28.8
62201,4,3,0.5,1.5,28.8
60228,4,3,0.5,1.5,28.8
60257,4,3,0.5,1.5,28.8
60325,4,3,0.5,1.5,28.8
60342,4,3,0.5,1.5,28.8
60352,4,3,0.5,1.5,28.8
60363,4,3,0.5,1.5,28.8
60389,4,3,0.5,1.5,28.8
18424,4,3,0.5,1.5,28.8
60449,4,3,0.5,1.5,28.8
61953,4,3,0.5,1.5,28.8
61968,4,3,0.5,1.5,28.8
62004,4,3,0.5,1.5,28.8
62010,4,3,0.5,1.5,28.8
62017,4,3,0.5,1.5,28.8
62029,4,3,0.5,1.5,28.8
60011,4,3,0.5,1.5,28.8
60016,4,3,0.5,1.5,28.8
60021,4,3,0.5,1.5,28.8
60071,4,3,0.5,1.5,28.8
60106,4,3,0.5,1.5,28.8
60108,4,3,0.5,1.5,28.8
60140,4,3,0.5,1.5,28.8
60178,4,3,0.5,1.5,28.8
18694,4,3,0.5,1.5,28.8
62082,4,3,0.5,1.5,28.8
62089,4,3,0.5,1.5,28.8
62097,4,3,0.5,1.5,28.8
62099,4,3,0.5,1.5,28.8
17409,4,3,0.5,1.5,28.8
17451,4,3,0.5,1.5,28.8
62152,4,3,0.5,1.5,28.8
62230,4,3,0.5,1.5,28.8
62260,4,3,0.5,1.5,28.8
62267,4,3,0.5,1.5,28.8
62330,4,3,0.5,1.5,28.8
62334,4,3,0.5,1.5,28.8
62352,4,3,0.5,1.5,28.8
62380,4,3,0.5,1.5,28.8
62384,4,3,0.5,1.5,28.8
62397,4,3,0.5,1.5,28.8
62419,4,3,0.5,1.5,28.8
62502,4,3,0.5,1.5,28.8
59919,4,3,0.5,1.5,28.8
59924,4,3,0.5,1.5,28.8
59964,4,3,0.5,1.5,28.8
59965,4,3,0.5,1.5,28.8
18728,4,3,0.5,1.5,28.8
62654,4,3,0.5,1.5,28.8
62664,4,3,0.5,1.5,28.8
62668,4,3,0.5,1.5,28.8
62671,4,3,0.5,1.5,28.8
62693,4,3,0.5,1.5,28.8
62782,4,3,0.5,1.5,28.8
59720,4,3,0.5,1.5,28.8
59721,4,3,0.5,1.5,28.8
59758,4,3,0.5,1.5,28.8
18799,4,3,0.5,1.5,28.8
59818,4,3,0.5,1.5,28.8
59824,4,3,0.5,1.5,28.8
59842,4,3,0.5,1.5,28.8
62217,4,3,0.5,1.5,28.8
62221,4,3,0.5,1.5,28.8
62229,4,3,0.5,1.5,28.8
17068,4,3,0.5,1.5,28.8
17097,4,3,0.5,1.5,28.8
62828,4,3,0.5,1.5,28.8
62854,4,3,0.5,1.5,28.8
62884,4,3,0.5,1.5,28.8
59576,4,3,0.5,1.5,28.8
59583,4,3,0.5,1.5,28.8
59598,4,3,0.5,1.5,28.8
59607,4,3,0.5,1.5,28.8
59638,4,3,0.5,1.5,28.8
18843,4,3,0.5,1.5,28.8
59707,4,3,0.5,1.5,28.8
62504,4,3,0.5,1.5,28.8
62578,4,3,0.5,1.5,28.8
62644,4,3,0.5,1.5,28.8
62649,4,3,0.5,1.5,28.8
62983,4,3,0.5,1.5,28.8
63013,4,3,0.5,1.5,28.8
63017,4,3,0.5,1.5,28.8
63042,4,3,0.5,1.5,28.8
16871,4,3,0.5,1.5,28.8
63102,4,3,0.5,1.5,28.8
59343,4,3,0.5,1.5,28.8
59375,4,3,0.5,1.5,28.8
59396,4,3,0.5,1.5,28.8
18885,4,3,0.5,1.5,28.8
62783,4,3,0.5,1.5,28.8
62787,4,3,0.5,1.5,28.8
62789,4,3,0.5,1.5,28.8
62795,4,3,0.5,1.5,28.8
62799,4,3,0.5,1.5,28.8
16975,4,3,0.5,1.5,28.8
18967,4,3,0.5,1.5,28.8
59243,4,3,0.5,1.5,28.8
59295,4,3,0.5,1.5,28.8
59312,4,3,0.5,1.5,28.8
18935,4,3,0.5,1.5,28.8
59321,4,3,0.5,1.5,28.8
63131,4,3,0.5,1.5,28.8
63140,4,3,0.5,1.5,28.8
63141,4,3,0.5,1.5,28.8
63142,4,3,0.5,1.5,28.8
63163,4,3,0.5,1.5,28.8
63167,4,3,0.5,1.5,28.8
63169,4,3,0.5,1.5,28.8
63174,4,3,0.5,1.5,28.8
63215,4,3,0.5,1.5,28.8
62965,4,3,0.5,1.5,28.8
63295,4,3,0.5,1.5,28.8
63297,4,3,0.5,1.5,28.8
63310,4,3,0.5,1.5,28.8
63317,4,3,0.5,1.5,28.8
63343,4,3,0.5,1.5,28.8
16686,4,3,0.5,1.5,28.8
63381,4,3,0.5,1.5,28.8
58852,4,3,0.5,1.5,28.8
58858,4,3,0.5,1.5,28.8
58898,4,3,0.5,1.5,28.8
58918,4,3,0.5,1.5,28.8
58966,4,3,0.5,1.5,28.8
58969,4,3,0.5,1.5,28.8
59041,4,3,0.5,1.5,28.8
18949,4,3,0.5,1.5,28.8
18957,4,3,0.5,1.5,28.8
63570,4,3,0.5,1.5,28.8
63576,4,3,0.5,1.5,28.8
63593,4,3,0.5,1.5,28.8
63605,4,3,0.5,1.5,28.8
58727,4,3,0.5,1.5,28.8
58785,4,3,0.5,1.5,28.8
58795,4,3,0.5,1.5,28.8
18991,4,3,0.5,1.5,28.8
58809,4,3,0.5,1.5,28.8
63387,4,3,0.5,1.5,28.8
63467,4,3,0.5,1.5,28.8
63470,4,3,0.5,1.5,28.8
63495,4,3,0.5,1.5,28.8
63497,4,3,0.5,1.5,28.8
63523,4,3,0.5,1.5,28.8
63276,4,3,0.5,1.5,28.8
63734,4,3,0.5,1.5,28.8
63742,4,3,0.5,1.5,28.8
63746,4,3,0.5,1.5,28.8
63755,4,3,0.5,1.5,28.8
63772,4,3,0.5,1.5,28.8
16350,4,3,0.5,1.5,28.8
58522,4,3,0.5,1.5,28.8
58536,4,3,0.5,1.5,28.8
58550,4,3,0.5,1.5,28.8
58561,4,3,0.5,1.5,28.8
58573,4,3,0.5,1.5,28.8
58628,4,3,0.5,1.5,28.8
58648,4,3,0.5,1.5,28.8
19052,4,3,0.5,1.5,28.8
63566,4,3,0.5,1.5,28.8
63569,4,3,0.5,1.5,28.8
63787,4,3,0.5,1.5,28.8
63802,4,3,0.5,1.5,28.8
63805,4,3,0.5,1.5,28.8
63850,4,3,0.5,1.5,28.8
58247,4,3,0.5,1.5,28.8
58310,4,3,0.5,1.5,28.8
58375,4,3,0.5,1.5,28.8
58394,4,3,0.5,1.5,28.8
58446,4,3,0.5,1.5,28.8
58450,4,3,0.5,1.5,28.8
19066,4,3,0.5,1.5,28.8
58503,4,3,0.5,1.5,28.8
63608,4,3,0.5,1.5,28.8
63698,4,3,0.5,1.5,28.8
63706,4,3,0.5,1.5,28.8
63730,4,3,0.5,1.5,28.8
63956,4,3,0.5,1.5,28.8
63961,4,3,0.5,1.5,28.8
58093,4,3,0.5,1.5,28.8
58098,4,3,0.5,1.5,28.8
58104,4,3,0.5,1.5,28.8
58153,4,3,0.5,1.5,28.8
58164,4,3,0.5,1.5,28.8
58168,4,3,0.5,1.5,28.8
58180,4,3,0.5,1.5,28.8
58201,4,3,0.5,1.5,28.8
58232,4,3,0.5,1.5,28.8
19106,4,3,0.5,1.5,28.8
63773,4,3,0.5,1.5,28.8
63774,4,3,0.5,1.5,28.8
63782,4,3,0.5,1.5,28.8
63786,4,3,0.5,1.5,28.8
57902,4,3,0.5,1.5,28.8
57920,4,3,0.5,1.5,28.8
57925,4,3,0.5,1.5,28.8
57933,4,3,0.5,1.5,28.8
57939,4,3,0.5,1.5,28.8
57954,4,3,0.5,1.5,28.8
57984,4,3,0.5,1.5,28.8
57999,4,3,0.5,1.5,28.8
58058,4,3,0.5,1.5,28.8
63856,4,3,0.5,1.5,28.8
63865,4,3,0.5,1.5,28.8
63898,4,3,0.5,1.5,28.8
63910,4,3,0.5,1.5,28.8
63917,4,3,0.5,1.5,28.8
63931,4,3,0.5,1.5,28.8
63942,4,3,0.5,1.5,28.8
63969,4,3,0.5,1.5,28.8
63976,4,3,0.5,1.5,28.8
63999,4,3,0.5,1.5,28.8
64000,4,3,0.5,1.5,28.8
64010,4,3,0.5,1.5,28.8
64016,4,3,0.5,1.5,28.8
64019,4,3,0.5,1.5,28.8
64062,4,3,0.5,1.5,28.8
64080,4,3,0.5,1.5,28.8
16028,4,3,0.5,1.5,28.8
57801,4,3,0.5,1.5,28.8
57802,4,3,0.5,1.5,28.8
57817,4,3,0.5,1.5,28.8
57821,4,3,0.5,1.5,28.8
57886,4,3,0.5,1.5,28.8
57891,4,3,0.5,1.5,28.8
64120,4,3,0.5,1.5,28.8
64122,4,3,0.5,1.5,28.8
64156,4,3,0.5,1.5,28.8
15941,4,3,0.5,1.5,28.8
64166,4,3,0.5,1.5,28.8
64173,4,3,0.5,1.5,28.8
64180,4,3,0.5,1.5,28.8
64183,4,3,0.5,1.5,28.8
57557,4,3,0.5,1.5,28.8
57561,4,3,0.5,1.5,28.8
57588,4,3,0.5,1.5,28.8
57610,4,3,0.5,1.5,28.8
19208,4,3,0.5,1.5,28.8
19223,4,3,0.5,1.5,28.8
57707,4,3,0.5,1.5,28.8
63967,4,3,0.5,1.5,28.8
64257,4,3,0.5,1.5,28.8
64266,4,3,0.5,1.5,28.8
64269,4,3,0.5,1.5,28.8
64329,4,3,0.5,1.5,28.8
15882,4,3,0.5,1.5,28.8
64346,4,3,0.5,1.5,28.8
57268,4,3,0.5,1.5,28.8
57333,4,3,0.5,1.5,28.8
57336,4,3,0.5,1.5,28.8
57382,4,3,0.5,1.5,28.8
57391,4,3,0.5,1.5,28.8
19271,4,3,0.5,1.5,28.8
57410,4,3,0.5,1.5,28.8
57467,4,3,0.5,1.5,28.8
64081,4,3,0.5,1.5,28.8
64115,4,3,0.5,1.5,28.8
57141,4,3,0.5,1.5,28.8
57182,4,3,0.5,1.5,28.8
57217,4,3,0.5,1.5,28.8
57226,4,3,0.5,1.5,28.8
57231,4,3,0.5,1.5,28.8
57245,4,3,0.5,1.5,28.8
57262,4,3,0.5,1.5,28.8
19338,4,3,0.5,1.5,28.8
64374,4,3,0.5,1.5,28.8
64376,4,3,0.5,1.5,28.8
64389,4,3,0.5,1.5,28.8
64399,4,3,0.5,1.5,28.8
64405,4,3,0.5,1.5,28.8
64408,4,3,0.5,1.5,28.8
64460,4,3,0.5,1.5,28.8
64208,4,3,0.5,1.5,28.8
64544,4,3,0.5,1.5,28.8
64553,4,3,0.5,1.5,28.8
64566,4,3,0.5,1.5,28.8
64573,4,3,0.5,1.5,28.8
64574,4,3,0.5,1.5,28.8
64593,4,3,0.5,1.5,28.8
56908,4,3,0.5,1.5,28.8
56929,4,3,0.5,1.5,28.8
56933,4,3,0.5,1.5,28.8
56964,4,3,0.5,1.5,28.8
57002,4,3,0.5,1.5,28.8
19363,4,3,0.5,1.5,28.8
19372,4,3,0.5,1.5,28.8
57108,4,3,0.5,1.5,28.8
57109,4,3,0.5,1.5,28.8
57131,4,3,0.5,1.5,28.8
64647,4,3,0.5,1.5,28.8
64693,4,3,0.5,1.5,28.8
15495,4,3,0.5,1.5,28.8
64733,4,3,0.5,1.5,28.8
64744,4,3,0.5,1.5,28.8
56713,4,3,0.5,1.5,28.8
56714,4,3,0.5,1.5,28.8
56739,4,3,0.5,1.5,28.8
56827,4,3,0.5,1.5,28.8
56848,4,3,0.5,1.5,28.8
19410,4,3,0.5,1.5,28.8
19422,4,3,0.5,1.5,28.8
19438,4,3,0.5,1.5,28.8
56895,4,3,0.5,1.5,28.8
64515,4,3,0.5,1.5,28.8
64518,4,3,0.5,1.5,28.8
64818,4,3,0.5,1.5,28.8
64833,4,3,0.5,1.5,28.8
64838,4,3,0.5,1.5,28.8
64841,4,3,0.5,1.5,28.8
64853,4,3,0.5,1.5,28.8
56442,4,3,0.5,1.5,28.8
56443,4,3,0.5,1.5,28.8
56516,4,3,0.5,1.5,28.8
56523,4,3,0.5,1.5,28.8
56550,4,3,0.5,1.5,28.8
19451,4,3,0.5,1.5,28.8
19472,4,3,0.5,1.5,28.8
56697,4,3,0.5,1.5,28.8
64638,4,3,0.5,1.5,28.8
64639,4,3,0.5,1.5,28.8
64640,4,3,0.5,1.5,28.8
64984,4,3,0.5,1.5,28.8
64989,4,3,0.5,1.5,28.8
64994,4,3,0.5,1.5,28.8
65003,4,3,0.5,1.5,28.8
56368,4,3,0.5,1.5,28.8
56392,4,3,0.5,1.5,28.8
56403,4,3,0.5,1.5,28.8
56407,4,3,0.5,1.5,28.8
19507,4,3,0.5,1.5,28.8
56433,4,3,0.5,1.5,28.8
56434,4,3,0.5,1.5,28.8
56438,4,3,0.5,1.5,28.8
56441,4,3,0.5,1.5,28.8
64765,4,3,0.5,1.5,28.8
64815,4,3,0.5,1.5,28.8
64817,4,3,0.5,1.5,28.8
56158,4,3,0.5,1.5,28.8
56169,4,3,0.5,1.5,28.8
56188,4,3,0.5,1.5,28.8
56208,4,3,0.5,1.5,28.8
56250,4,3,0.5,1.5,28.8
56265,4,3,0.5,1.5,28.8
56293,4,3,0.5,1.5,28.8
56296,4,3,0.5,1.5,28.8
56304,4,3,0.5,1.5,28.8
56319,4,3,0.5,1.5,28.8
64893,4,3,0.5,1.5,28.8
64896,4,3,0.5,1.5,28.8
64913,4,3,0.5,1.5,28.8
64949,4,3,0.5,1.5,28.8
64955,4,3,0.5,1.5,28.8
64982,4,3,0.5,1.5,28.8
65019,4,3,0.5,1.5,28.8
15146,4,3,0.5,1.5,28.8
65067,4,3,0.5,1.5,28.8
65102,4,3,0.5,1.5,28.8
55986,4,3,0.5,1.5,28.8
55989,4,3,0.5,1.5,28.8
56016,4,3,0.5,1.5,28.8
56051,4,3,0.5,1.5,28.8
56052,4,3,0.5,1.5,28.8
56063,4,3,0.5,1.5,28.8
56070,4,3,0.5,1.5,28.8
56084,4,3,0.5,1.5,28.8
56096,4,3,0.5,1.5,28.8
56152,4,3,0.5,1.5,28.8
19584,4,3,0.5,1.5,28.8
19592,4,3,0.5,1.5,28.8
65258,4,3,0.5,1.5,28.8
65268,4,3,0.5,1.5,28.8
65287,4,3,0.5,1.5,28.8
65292,4,3,0.5,1.5,28.8
55780,4,3,0.5,1.5,28.8
55792,4,3,0.5,1.5,28.8
55798,4,3,0.5,1.5,28.8
55810,4,3,0.5,1.5,28.8
55865,4,3,0.5,1.5,28.8
55905,4,3,0.5,1.5,28.8
55906,4,3,0.5,1.5,28.8
55930,4,3,0.5,1.5,28.8
55936,4,3,0.5,1.5,28.8
55970,4,3,0.5,1.5,28.8
65008,4,3,0.5,1.5,28.8
65018,4,3,0.5,1.5,28.8
65411,4,3,0.5,1.5,28.8
65418,4,3,0.5,1.5,28.8
65448,4,3,0.5,1.5,28.8
55588,4,3,0.5,1.5,28.8
55589,4,3,0.5,1.5,28.8
55597,4,3,0.5,1.5,28.8
55614,4,3,0.5,1.5,28.8
55627,4,3,0.5,1.5,28.8
55644,4,3,0.5,1.5,28.8
19742,4,3,0.5,1.5,28.8
55723,4,3,0.5,1.5,28.8
55728,4,3,0.5,1.5,28.8
65128,4,3,0.5,1.5,28.8
65135,4,3,0.5,1.5,28.8
65139,4,3,0.5,1.5,28.8
65148,4,3,0.5,1.5,28.8
14820,4,3,0.5,1.5,28.8
14848,4,3,0.5,1.5,28.8
65466,4,3,0.5,1.5,28.8
65470,4,3,0.5,1.5,28.8
65476,4,3,0.5,1.5,28.8
65514,4,3,0.5,1.5,28.8
55349,4,3,0.5,1.5,28.8
55357,4,3,0.5,1.5,28.8
55363,4,3,0.5,1.5,28.8
55468,4,3,0.5,1.5,28.8
55506,4,3,0.5,1.5,28.8
55551,4,3,0.5,1.5,28.8
65302,4,3,0.5,1.5,28.8
65303,4,3,0.5,1.5,28.8
65344,4,3,0.5,1.5,28.8
65349,4,3,0.5,1.5,28.8
55174,4,3,0.5,1.5,28.8
55177,4,3,0.5,1.5,28.8
55178,4,3,0.5,1.5,28.8
55183,4,3,0.5,1.5,28.8
55202,4,3,0.5,1.5,28.8
55215,4,3,0.5,1.5,28.8
55296,4,3,0.5,1.5,28.8
19804,4,3,0.5,1.5,28.8
19808,4,3,0.5,1.5,28.8
19810,4,3,0.5,1.5,28.8
19814,4,3,0.5,1.5,28.8
55326,4,3,0.5,1.5,28.8
65454,4,3,0.5,1.5,28.8
65455,4,3,0.5,1.5,28.8
65458,4,3,0.5,1.5,28.8
14815,4,3,0.5,1.5,28.8
14686,4,3,0.5,1.5,28.8
65715,4,3,0.5,1.5,28.8
65718,4,3,0.5,1.5,28.8
65720,4,3,0.5,1.5,28.8
54990,4,3,0.5,1.5,28.8
55002,4,3,0.5,1.5,28.8
55024,4,3,0.5,1.5,28.8
55059,4,3,0.5,1.5,28.8
19883,4,3,0.5,1.5,28.8
55063,4,3,0.5,1.5,28.8
55084,4,3,0.5,1.5,28.8
65569,4,3,0.5,1.5,28.8
65574,4,3,0.5,1.5,28.8
65579,4,3,0.5,1.5,28.8
65593,4,3,0.5,1.5,28.8
65605,4,3,0.5,1.5,28.8
65886,4,3,0.5,1.5,28.8
65891,4,3,0.5,1.5,28.8
54816,4,3,0.5,1.5,28.8
19959,4,3,0.5,1.5,28.8
19984,4,3,0.5,1.5,28.8
54915,4,3,0.5,1.5,28.8
54932,4,3,0.5,1.5,28.8
54962,4,3,0.5,1.5,28.8
54988,4,3,0.5,1.5,28.8
65776,4,3,0.5,1.5,28.8
65792,4,3,0.5,1.5,28.8
65813,4,3,0.5,1.5,28.8
65847,4,3,0.5,1.5,28.8
65851,4,3,0.5,1.5,28.8
65703,4,3,0.5,1.5,28.8
65705,4,3,0.5,1.5,28.8
65961,4,3,0.5,1.5,28.8
14429,4,3,0.5,1.5,28.8
14536,4,3,0.5,1.5,28.8
54531,4,3,0.5,1.5,28.8
54615,4,3,0.5,1.5,28.8
54631,4,3,0.5,1.5,28.8
54703,4,3,0.5,1.5,28.8
54731,4,3,0.5,1.5,28.8
54769,4,3,0.5,1.5,28.8
54771,4,3,0.5,1.5,28.8
54772,4,3,0.5,1.5,28.8
65865,4,3,0.5,1.5,28.8
65880,4,3,0.5,1.5,28.8
14546,4,3,0.5,1.5,28.8
14567,4,3,0.5,1.5,28.8
65883,4,3,0.5,1.5,28.8
66158,4,3,0.5,1.5,28.8
66160,4,3,0.5,1.5,28.8
54343,4,3,0.5,1.5,28.8
54345,4,3,0.5,1.5,28.8
54352,4,3,0.5,1.5,28.8
54357,4,3,0.5,1.5,28.8
54359,4,3,0.5,1.5,28.8
54362,4,3,0.5,1.5,28.8
54363,4,3,0.5,1.5,28.8
20047,4,3,0.5,1.5,28.8
20061,4,3,0.5,1.5,28.8
20082,4,3,0.5,1.5,28.8
65905,4,3,0.5,1.5,28.8
65909,4,3,0.5,1.5,28.8
65913,4,3,0.5,1.5,28.8
65940,4,3,0.5,1.5,28.8
66211,4,3,0.5,1.5,28.8
66225,4,3,0.5,1.5,28.8
66235,4,3,0.5,1.5,28.8
66247,4,3,0.5,1.5,28.8
54153,4,3,0.5,1.5,28.8
54155,4,3,0.5,1.5,28.8
54187,4,3,0.5,1.5,28.8
54201,4,3,0.5,1.5,28.8
20092,4,3,0.5,1.5,28.8
20093,4,3,0.5,1.5,28.8
20134,4,3,0.5,1.5,28.8
20137,4,3,0.5,1.5,28.8
54305,4,3,0.5,1.5,28.8
14381,4,3,0.5,1.5,28.8
66114,4,3,0.5,1.5,28.8
66116,4,3,0.5,1.5,28.8
14279,4,3,0.5,1.5,28.8
66431,4,3,0.5,1.5,28.8
66486,4,3,0.5,1.5,28.8
54014,4,3,0.5,1.5,28.8
54015,4,3,0.5,1.5,28.8
54024,4,3,0.5,1.5,28.8
54042,4,3,0.5,1.5,28.8
54078,4,3,0.5,1.5,28.8
20149,4,3,0.5,1.5,28.8
54104,4,3,0.5,1.5,28.8
54124,4,3,0.5,1.5,28.8
54150,4,3,0.5,1.5,28.8
66165,4,3,0.5,1.5,28.8
66181,4,3,0.5,1.5,28.8
66193,4,3,0.5,1.5,28.8
66208,4,3,0.5,1.5,28.8
53886,4,3,0.5,1.5,28.8
53926,4,3,0.5,1.5,28.8
53928,4,3,0.5,1.5,28.8
20218,4,3,0.5,1.5,28.8
20232,4,3,0.5,1.5,28.8
53982,4,3,0.5,1.5,28.8
66510,4,3,0.5,1.5,28.8
66516,4,3,0.5,1.5,28.8
66524,4,3,0.5,1.5,28.8
66546,4,3,0.5,1.5,28.8
14080,4,3,0.5,1.5,28.8
14140,4,3,0.5,1.5,28.8
66292,4,3,0.5,1.5,28.8
66331,4,3,0.5,1.5,28.8
66335,4,3,0.5,1.5,28.8
14261,4,3,0.5,1.5,28.8
66766,4,3,0.5,1.5,28.8
66767,4,3,0.5,1.5,28.8
53750,4,3,0.5,1.5,28.8
53777,4,3,0.5,1.5,28.8
53782,4,3,0.5,1.5,28.8
20300,4,3,0.5,1.5,28.8
53800,4,3,0.5,1.5,28.8
53859,4,3,0.5,1.5,28.8
66589,4,3,0.5,1.5,28.8
66592,4,3,0.5,1.5,28.8
66594,4,3,0.5,1.5,28.8
66600,4,3,0.5,1.5,28.8
66607,4,3,0.5,1.5,28.8
66633,4,3,0.5,1.5,28.8
66653,4,3,0.5,1.5,28.8
66691,4,3,0.5,1.5,28.8
66873,4,3,0.5,1.5,28.8
66879,4,3,0.5,1.5,28.8
66929,4,3,0.5,1.5,28.8
53589,4,3,0.5,1.5,28.8
53594,4,3,0.5,1.5,28.8
53595,4,3,0.5,1.5,28.8
53686,4,3,0.5,1.5,28.8
53719,4,3,0.5,1.5,28.8
53720,4,3,0.5,1.5,28.8
20342,4,3,0.5,1.5,28.8
20343,4,3,0.5,1.5,28.8
13977,4,3,0.5,1.5,28.8
13981,4,3,0.5,1.5,28.8
66721,4,3,0.5,1.5,28.8
66734,4,3,0.5,1.5,28.8
66746,4,3,0.5,1.5,28.8
13722,4,3,0.5,1.5,28.8
13731,4,3,0.5,1.5,28.8
67120,4,3,0.5,1.5,28.8
53512,4,3,0.5,1.5,28.8
53519,4,3,0.5,1.5,28.8
53531,4,3,0.5,1.5,28.8
53533,4,3,0.5,1.5,28.8
53555,4,3,0.5,1.5,28.8
53560,4,3,0.5,1.5,28.8
53566,4,3,0.5,1.5,28.8
53574,4,3,0.5,1.5,28.8
20390,4,3,0.5,1.5,28.8
66771,4,3,0.5,1.5,28.8
66804,4,3,0.5,1.5,28.8
66848,4,3,0.5,1.5,28.8
66866,4,3,0.5,1.5,28.8
67213,4,3,0.5,1.5,28.8
67217,4,3,0.5,1.5,28.8
67275,4,3,0.5,1.5,28.8
67328,4,3,0.5,1.5,28.8
53345,4,3,0.5,1.5,28.8
53351,4,3,0.5,1.5,28.8
53357,4,3,0.5,1.5,28.8
53388,4,3,0.5,1.5,28.8
53404,4,3,0.5,1.5,28.8
20419,4,3,0.5,1.5,28.8
53474,4,3,0.5,1.5,28.8
66993,4,3,0.5,1.5,28.8
67008,4,3,0.5,1.5,28.8
67042,4,3,0.5,1.5,28.8
67054,4,3,0.5,1.5,28.8
67065,4,3,0.5,1.5,28.8
13586,4,3,0.5,1.5,28.8
13648,4,3,0.5,1.5,28.8
67445,4,3,0.5,1.5,28.8
67450,4,3,0.5,1.5,28.8
67458,4,3,0.5,1.5,28.8
53208,4,3,0.5,1.5,28.8
53243,4,3,0.5,1.5,28.8
53273,4,3,0.5,1.5,28.8
53274,4,3,0.5,1.5,28.8
53291,4,3,0.5,1.5,28.8
53336,4,3,0.5,1.5,28.8
67161,4,3,0.5,1.5,28.8
67163,4,3,0.5,1.5,28.8
67180,4,3,0.5,1.5,28.8
67200,4,3,0.5,1.5,28.8
67211,4,3,0.5,1.5,28.8
67501,4,3,0.5,1.5,28.8
67550,4,3,0.5,1.5,28.8
67552,4,3,0.5,1.5,28.8
67560,4,3,0.5,1.5,28.8
67567,4,3,0.5,1.5,28.8
67570,4,3,0.5,1.5,28.8
52905,4,3,0.5,1.5,28.8
53006,4,3,0.5,1.5,28.8
53047,4,3,0.5,1.5,28.8
53067,4,3,0.5,1.5,28.8
53100,4,3,0.5,1.5,28.8
53125,4,3,0.5,1.5,28.8
53199,4,3,0.5,1.5,28.8
67329,4,3,0.5,1.5,28.8
67356,4,3,0.5,1.5,28.8
67365,4,3,0.5,1.5,28.8
67732,4,3,0.5,1.5,28.8
67734,4,3,0.5,1.5,28.8
67736,4,3,0.5,1.5,28.8
67737,4,3,0.5,1.5,28.8
13502,4,3,0.5,1.5,28.8
52721,4,3,0.5,1.5,28.8
52739,4,3,0.5,1.5,28.8
52750,4,3,0.5,1.5,28.8
52769,4,3,0.5,1.5,28.8
52777,4,3,0.5,1.5,28.8
52803,4,3,0.5,1.5,28.8
52815,4,3,0.5,1.5,28.8
20557,4,3,0.5,1.5,28.8
52837,4,3,0.5,1.5,28.8
67469,4,3,0.5,1.5,28.8
67499,4,3,0.5,1.5,28.8
67792,4,3,0.5,1.5,28.8
67793,4,3,0.5,1.5,28.8
13369,4,3,0.5,1.5,28.8
13385,4,3,0.5,1.5,28.8
52585,4,3,0.5,1.5,28.8
52601,4,3,0.5,1.5,28.8
52606,4,3,0.5,1.5,28.8
20668,4,3,0.5,1.5,28.8
52634,4,3,0.5,1.5,28.8
67610,4,3,0.5,1.5,28.8
67622,4,3,0.5,1.5,28.8
67633,4,3,0.5,1.5,28.8
67644,4,3,0.5,1.5,28.8
67652,4,3,0.5,1.5,28.8
67657,4,3,0.5,1.5,28.8
67700,4,3,0.5,1.5,28.8
67862,4,3,0.5,1.5,28.8
67890,4,3,0.5,1.5,28.8
67966,4,3,0.5,1.5,28.8
52405,4,3,0.5,1.5,28.8
52425,4,3,0.5,1.5,28.8
52433,4,3,0.5,1.5,28.8
52504,4,3,0.5,1.5,28.8
52527,4,3,0.5,1.5,28.8
52528,4,3,0.5,1.5,28.8
20767,4,3,0.5,1.5,28.8
20777,4,3,0.5,1.5,28.8
67751,4,3,0.5,1.5,28.8
67756,4,3,0.5,1.5,28.8
67778,4,3,0.5,1.5,28.8
67789,4,3,0.5,1.5,28.8
67790,4,3,0.5,1.5,28.8
52129,4,3,0.5,1.5,28.8
52145,4,3,0.5,1.5,28.8
52181,4,3,0.5,1.5,28.8
52241,4,3,0.5,1.5,28.8
52262,4,3,0.5,1.5,28.8
52358,4,3,0.5,1.5,28.8
67985,4,3,0.5,1.5,28.8
68015,4,3,0.5,1.5,28.8
68034,4,3,0.5,1.5,28.8
68039,4,3,0.5,1.5,28.8
68049,4,3,0.5,1.5,28.8
68067,4,3,0.5,1.5,28.8
13234,4,3,0.5,1.5,28.8
68095,4,3,0.5,1.5,28.8
67831,4,3,0.5,1.5,28.8
67855,4,3,0.5,1.5,28.8
68207,4,3,0.5,1.5,28.8
68216,4,3,0.5,1.5,28.8
68239,4,3,0.5,1.5,28.8
68255,4,3,0.5,1.5,28.8
68265,4,3,0.5,1.5,28.8
51944,4,3,0.5,1.5,28.8
51972,4,3,0.5,1.5,28.8
51995,4,3,0.5,1.5,28.8
52002,4,3,0.5,1.5,28.8
52007,4,3,0.5,1.5,28.8
52064,4,3,0.5,1.5,28.8
52078,4,3,0.5,1.5,28.8
52092,4,3,0.5,1.5,28.8
20834,4,3,0.5,1.5,28.8
20842,4,3,0.5,1.5,28.8
20870,4,3,0.5,1.5,28.8
68309,4,3,0.5,1.5,28.8
68319,4,3,0.5,1.5,28.8
68333,4,3,0.5,1.5,28.8
68351,4,3,0.5,1.5,28.8
68367,4,3,0.5,1.5,28.8
51837,4,3,0.5,1.5,28.8
51903,4,3,0.5,1.5,28.8
51912,4,3,0.5,1.5,28.8
20910,4,3,0.5,1.5,28.8
51938,4,3,0.5,1.5,28.8
68100,4,3,0.5,1.5,28.8
68108,4,3,0.5,1.5,28.8
68110,4,3,0.5,1.5,28.8
68165,4,3,0.5,1.5,28.8
68169,4,3,0.5,1.5,28.8
68180,4,3,0.5,1.5,28.8
68448,4,3,0.5,1.5,28.8
68475,4,3,0.5,1.5,28.8
68485,4,3,0.5,1.5,28.8
68564,4,3,0.5,1.5,28.8
51515,4,3,0.5,1.5,28.8
51523,4,3,0.5,1.5,28.8
51554,4,3,0.5,1.5,28.8
51568,4,3,0.5,1.5,28.8
51585,4,3,0.5,1.5,28.8
51628,4,3,0.5,1.5,28.8
51654,4,3,0.5,1.5,28.8
51706,4,3,0.5,1.5,28.8
68301,4,3,0.5,1.5,28.8
13029,4,3,0.5,1.5,28.8
13044,4,3,0.5,1.5,28.8
68305,4,3,0.5,1.5,28.8
68682,4,3,0.5,1.5,28.8
68710,4,3,0.5,1.5,28.8
68711,4,3,0.5,1.5,28.8
68769,4,3,0.5,1.5,28.8
51411,4,3,0.5,1.5,28.8
51415,4,3,0.5,1.5,28.8
51433,4,3,0.5,1.5,28.8
51448,4,3,0.5,1.5,28.8
21008,4,3,0.5,1.5,28.8
51485,4,3,0.5,1.5,28.8
51503,4,3,0.5,1.5,28.8
51505,4,3,0.5,1.5,28.8
68375,4,3,0.5,1.5,28.8
68382,4,3,0.5,1.5,28.8
68435,4,3,0.5,1.5,28.8
68442,4,3,0.5,1.5,28.8
69134,4,3,0.5,1.5,28.8
51212,4,3,0.5,1.5,28.8
51243,4,3,0.5,1.5,28.8
51254,4,3,0.5,1.5,28.8
51282,4,3,0.5,1.5,28.8
51309,4,3,0.5,1.5,28.8
51316,4,3,0.5,1.5,28.8
21025,4,3,0.5,1.5,28.8
51375,4,3,0.5,1.5,28.8
68847,4,3,0.5,1.5,28.8
68875,4,3,0.5,1.5,28.8
68934,4,3,0.5,1.5,28.8
68619,4,3,0.5,1.5,28.8
68661,4,3,0.5,1.5,28.8
68676,4,3,0.5,1.5,28.8
68678,4,3,0.5,1.5,28.8
69236,4,3,0.5,1.5,28.8
69246,4,3,0.5,1.5,28.8
69267,4,3,0.5,1.5,28.8
69272,4,3,0.5,1.5,28.8
50884,4,3,0.5,1.5,28.8
50911,4,3,0.5,1.5,28.8
50935,4,3,0.5,1.5,28.8
50990,4,3,0.5,1.5,28.8
50998,4,3,0.5,1.5,28.8
51060,4,3,0.5,1.5,28.8
51130,4,3,0.5,1.5,28.8
51132,4,3,0.5,1.5,28.8
68951,4,3,0.5,1.5,28.8
69044,4,3,0.5,1.5,28.8
69051,4,3,0.5,1.5,28.8
69091,4,3,0.5,1.5,28.8
69419,4,3,0.5,1.5,28.8
69427,4,3,0.5,1.5,28.8
50806,4,3,0.5,1.5,28.8
50809,4,3,0.5,1.5,28.8
50817,4,3,0.5,1.5,28.8
50829,4,3,0.5,1.5,28.8
21128,4,3,0.5,1.5,28.8
69284,4,3,0.5,1.5,28.8
69287,4,3,0.5,1.5,28.8
69353,4,3,0.5,1.5,28.8
69361,4,3,0.5,1.5,28.8
69376,4,3,0.5,1.5,28.8
69173,4,3,0.5,1.5,28.8
69191,4,3,0.5,1.5,28.8
69223,4,3,0.5,1.5,28.8
69229,4,3,0.5,1.5,28.8
69506,4,3,0.5,1.5,28.8
69508,4,3,0.5,1.5,28.8
69510,4,3,0.5,1.5,28.8
50697,4,3,0.5,1.5,28.8
50699,4,3,0.5,1.5,28.8
50703,4,3,0.5,1.5,28.8
50711,4,3,0.5,1.5,28.8
50714,4,3,0.5,1.5,28.8
50724,4,3,0.5,1.5,28.8
50747,4,3,0.5,1.5,28.8
50758,4,3,0.5,1.5,28.8
50769,4,3,0.5,1.5,28.8
69386,4,3,0.5,1.5,28.8
69414,4,3,0.5,1.5,28.8
69415,4,3,0.5,1.5,28.8
12607,4,3,0.5,1.5,28.8
69576,4,3,0.5,1.5,28.8
12441,4,3,0.5,1.5,28.8
12486,4,3,0.5,1.5,28.8
69582,4,3,0.5,1.5,28.8
69605,4,3,0.5,1.5,28.8
50531,4,3,0.5,1.5,28.8
50562,4,3,0.5,1.5,28.8
50574,4,3,0.5,1.5,28.8
50667,4,3,0.5,1.5,28.8
69432,4,3,0.5,1.5,28.8
69435,4,3,0.5,1.5,28.8
69465,4,3,0.5,1.5,28.8
12572,4,3,0.5,1.5,28.8
12579,4,3,0.5,1.5,28.8
12585,4,3,0.5,1.5,28.8
69496,4,3,0.5,1.5,28.8
69659,4,3,0.5,1.5,28.8
69665,4,3,0.5,1.5,28.8
12417,4,3,0.5,1.5,28.8
12434,4,3,0.5,1.5,28.8
12435,4,3,0.5,1.5,28.8
69672,4,3,0.5,1.5,28.8
50404,4,3,0.5,1.5,28.8
50470,4,3,0.5,1.5,28.8
50487,4,3,0.5,1.5,28.8
21211,4,3,0.5,1.5,28.8
21219,4,3,0.5,1.5,28.8
21224,4,3,0.5,1.5,28.8
21232,4,3,0.5,1.5,28.8
50521,4,3,0.5,1.5,28.8
69535,4,3,0.5,1.5,28.8
69573,4,3,0.5,1.5,28.8
69943,4,3,0.5,1.5,28.8
69947,4,3,0.5,1.5,28.8
50213,4,3,0.5,1.5,28.8
50237,4,3,0.5,1.5,28.8
50322,4,3,0.5,1.5,28.8
50402,4,3,0.5,1.5,28.8
69690,4,3,0.5,1.5,28.8
69701,4,3,0.5,1.5,28.8
69711,4,3,0.5,1.5,28.8
69725,4,3,0.5,1.5,28.8
12363,4,3,0.5,1.5,28.8
12388,4,3,0.5,1.5,28.8
69763,4,3,0.5,1.5,28.8
69778,4,3,0.5,1.5,28.8
69817,4,3,0.5,1.5,28.8
69634,4,3,0.5,1.5,28.8
70019,4,3,0.5,1.5,28.8
70050,4,3,0.5,1.5,28.8
70081,4,3,0.5,1.5,28.8
70085,4,3,0.5,1.5,28.8
70087,4,3,0.5,1.5,28.8
50071,4,3,0.5,1.5,28.8
50084,4,3,0.5,1.5,28.8
50087,4,3,0.5,1.5,28.8
50098,4,3,0.5,1.5,28.8
21267,4,3,0.5,1.5,28.8
21307,4,3,0.5,1.5,28.8
50180,4,3,0.5,1.5,28.8
50186,4,3,0.5,1.5,28.8
69890,4,3,0.5,1.5,28.8
69906,4,3,0.5,1.5,28.8
69907,4,3,0.5,1.5,28.8
70154,4,3,0.5,1.5,28.8
70160,4,3,0.5,1.5,28.8
70161,4,3,0.5,1.5,28.8
70165,4,3,0.5,1.5,28.8
70170,4,3,0.5,1.5,28.8
49920,4,3,0.5,1.5,28.8
49948,4,3,0.5,1.5,28.8
49975,4,3,0.5,1.5,28.8
49980,4,3,0.5,1.5,28.8
49999,4,3,0.5,1.5,28.8
50022,4,3,0.5,1.5,28.8
50058,4,3,0.5,1.5,28.8
69965,4,3,0.5,1.5,28.8
69969,4,3,0.5,1.5,28.8
70003,4,3,0.5,1.5,28.8
70008,4,3,0.5,1.5,28.8
70449,4,3,0.5,1.5,28.8
49684,4,3,0.5,1.5,28.8
49734,4,3,0.5,1.5,28.8
49789,4,3,0.5,1.5,28.8
49845,4,3,0.5,1.5,28.8
49886,4,3,0.5,1.5,28.8
49889,4,3,0.5,1.5,28.8
70254,4,3,0.5,1.5,28.8
70255,4,3,0.5,1.5,28.8
12140,4,3,0.5,1.5,28.8
12144,4,3,0.5,1.5,28.8
70261,4,3,0.5,1.5,28.8
70269,4,3,0.5,1.5,28.8
70274,4,3,0.5,1.5,28.8
70120,4,3,0.5,1.5,28.8
70122,4,3,0.5,1.5,28.8
70512,4,3,0.5,1.5,28.8
70528,4,3,0.5,1.5,28.8
12076,4,3,0.5,1.5,28.8
70576,4,3,0.5,1.5,28.8
49508,4,3,0.5,1.5,28.8
49553,4,3,0.5,1.5,28.8
49567,4,3,0.5,1.5,28.8
49600,4,3,0.5,1.5,28.8
49612,4,3,0.5,1.5,28.8
49631,4,3,0.5,1.5,28.8
70373,4,3,0.5,1.5,28.8
70375,4,3,0.5,1.5,28.8
70392,4,3,0.5,1.5,28.8
70406,4,3,0.5,1.5,28.8
70417,4,3,0.5,1.5,28.8
70441,4,3,0.5,1.5,28.8
70590,4,3,0.5,1.5,28.8
70593,4,3,0.5,1.5,28.8
70608,4,3,0.5,1.5,28.8
70617,4,3,0.5,1.5,28.8
70649,4,3,0.5,1.5,28.8
70653,4,3,0.5,1.5,28.8
70655,4,3,0.5,1.5,28.8
70659,4,3,0.5,1.5,28.8
70682,4,3,0.5,1.5,28.8
49420,4,3,0.5,1.5,28.8
49439,4,3,0.5,1.5,28.8
21412,4,3,0.5,1.5,28.8
49496,4,3,0.5,1.5,28.8
70479,4,3,0.5,1.5,28.8
70480,4,3,0.5,1.5,28.8
70484,4,3,0.5,1.5,28.8
70723,4,3,0.5,1.5,28.8
70779,4,3,0.5,1.5,28.8
70781,4,3,0.5,1.5,28.8
70821,4,3,0.5,1.5,28.8
70824,4,3,0.5,1.5,28.8
70859,4,3,0.5,1.5,28.8
70860,4,3,0.5,1.5,28.8
11951,4,3,0.5,1.5,28.8
49192,4,3,0.5,1.5,28.8
49268,4,3,0.5,1.5,28.8
49306,4,3,0.5,1.5,28.8
49314,4,3,0.5,1.5,28.8
49324,4,3,0.5,1.5,28.8
21474,4,3,0.5,1.5,28.8
70580,4,3,0.5,1.5,28.8
70585,4,3,0.5,1.5,28.8
49059,4,3,0.5,1.5,28.8
49060,4,3,0.5,1.5,28.8
49094,4,3,0.5,1.5,28.8
49113,4,3,0.5,1.5,28.8
49118,4,3,0.5,1.5,28.8
21485,4,3,0.5,1.5,28.8
49155,4,3,0.5,1.5,28.8
49166,4,3,0.5,1.5,28.8
70937,4,3,0.5,1.5,28.8
70939,4,3,0.5,1.5,28.8
70951,4,3,0.5,1.5,28.8
70961,4,3,0.5,1.5,28.8
70996,4,3,0.5,1.5,28.8
71019,4,3,0.5,1.5,28.8
71092,4,3,0.5,1.5,28.8
70711,4,3,0.5,1.5,28.8
11762,4,3,0.5,1.5,28.8
71373,4,3,0.5,1.5,28.8
71375,4,3,0.5,1.5,28.8
71377,4,3,0.5,1.5,28.8
71419,4,3,0.5,1.5,28.8
48887,4,3,0.5,1.5,28.8
48905,4,3,0.5,1.5,28.8
48966,4,3,0.5,1.5,28.8
48973,4,3,0.5,1.5,28.8
21566,4,3,0.5,1.5,28.8
21568,4,3,0.5,1.5,28.8
71118,4,3,0.5,1.5,28.8
71162,4,3,0.5,1.5,28.8
71167,4,3,0.5,1.5,28.8
71171,4,3,0.5,1.5,28.8
71223,4,3,0.5,1.5,28.8
71461,4,3,0.5,1.5,28.8
71478,4,3,0.5,1.5,28.8
71565,4,3,0.5,1.5,28.8
71585,4,3,0.5,1.5,28.8
71595,4,3,0.5,1.5,28.8
48674,4,3,0.5,1.5,28.8
48680,4,3,0.5,1.5,28.8
48723,4,3,0.5,1.5,28.8
48803,4,3,0.5,1.5,28.8
48830,4,3,0.5,1.5,28.8
48844,4,3,0.5,1.5,28.8
21599,4,3,0.5,1.5,28.8
71279,4,3,0.5,1.5,28.8
71293,4,3,0.5,1.5,28.8
71324,4,3,0.5,1.5,28.8
11758,4,3,0.5,1.5,28.8
71642,4,3,0.5,1.5,28.8
71655,4,3,0.5,1.5,28.8
71666,4,3,0.5,1.5,28.8
71668,4,3,0.5,1.5,28.8
71669,4,3,0.5,1.5,28.8
71682,4,3,0.5,1.5,28.8
71720,4,3,0.5,1.5,28.8
71755,4,3,0.5,1.5,28.8
48458,4,3,0.5,1.5,28.8
48465,4,3,0.5,1.5,28.8
48502,4,3,0.5,1.5,28.8
48525,4,3,0.5,1.5,28.8
48555,4,3,0.5,1.5,28.8
48644,4,3,0.5,1.5,28.8
48657,4,3,0.5,1.5,28.8
71443,4,3,0.5,1.5,28.8
48289,4,3,0.5,1.5,28.8
48295,4,3,0.5,1.5,28.8
48306,4,3,0.5,1.5,28.8
48342,4,3,0.5,1.5,28.8
48351,4,3,0.5,1.5,28.8
48392,4,3,0.5,1.5,28.8
48393,4,3,0.5,1.5,28.8
48442,4,3,0.5,1.5,28.8
48450,4,3,0.5,1.5,28.8
21663,4,3,0.5,1.5,28.8
71785,4,3,0.5,1.5,28.8
71786,4,3,0.5,1.5,28.8
71821,4,3,0.5,1.5,28.8
71840,4,3,0.5,1.5,28.8
71870,4,3,0.5,1.5,28.8
71600,4,3,0.5,1.5,28.8
71961,4,3,0.5,1.5,28.8
72012,4,3,0.5,1.5,28.8
72022,4,3,0.5,1.5,28.8
72023,4,3,0.5,1.5,28.8
72071,4,3,0.5,1.5,28.8
11401,4,3,0.5,1.5,28.8
48174,4,3,0.5,1.5,28.8
48175,4,3,0.5,1.5,28.8
48212,4,3,0.5,1.5,28.8
48213,4,3,0.5,1.5,28.8
48214,4,3,0.5,1.5,28.8
48222,4,3,0.5,1.5,28.8
48236,4,3,0.5,1.5,28.8
48272,4,3,0.5,1.5,28.8
21764,4,3,0.5,1.5,28.8
48284,4,3,0.5,1.5,28.8
48025,4,3,0.5,1.5,28.8
48056,4,3,0.5,1.5,28.8
48063,4,3,0.5,1.5,28.8
48067,4,3,0.5,1.5,28.8
48070,4,3,0.5,1.5,28.8
48093,4,3,0.5,1.5,28.8
48099,4,3,0.5,1.5,28.8
21814,4,3,0.5,1.5,28.8
48112,4,3,0.5,1.5,28.8
48137,4,3,0.5,1.5,28.8
48138,4,3,0.5,1.5,28.8
72177,4,3,0.5,1.5,28.8
72217,4,3,0.5,1.5,28.8
72258,4,3,0.5,1.5,28.8
71898,4,3,0.5,1.5,28.8
71955,4,3,0.5,1.5,28.8
72506,4,3,0.5,1.5,28.8
72535,4,3,0.5,1.5,28.8
11262,4,3,0.5,1.5,28.8
47875,4,3,0.5,1.5,28.8
47896,4,3,0.5,1.5,28.8
47909,4,3,0.5,1.5,28.8
47916,4,3,0.5,1.5,28.8
47937,4,3,0.5,1.5,28.8
47947,4,3,0.5,1.5,28.8
48022,4,3,0.5,1.5,28.8
21848,4,3,0.5,1.5,28.8
72321,4,3,0.5,1.5,28.8
72335,4,3,0.5,1.5,28.8
11277,4,3,0.5,1.5,28.8
72432,4,3,0.5,1.5,28.8
72433,4,3,0.5,1.5,28.8
72703,4,3,0.5,1.5,28.8
72704,4,3,0.5,1.5,28.8
72731,4,3,0.5,1.5,28.8
47784,4,3,0.5,1.5,28.8
47793,4,3,0.5,1.5,28.8
47814,4,3,0.5,1.5,28.8
47820,4,3,0.5,1.5,28.8
47825,4,3,0.5,1.5,28.8
47829,4,3,0.5,1.5,28.8
47830,4,3,0.5,1.5,28.8
47831,4,3,0.5,1.5,28.8
47836,4,3,0.5,1.5,28.8
47856,4,3,0.5,1.5,28.8
72457,4,3,0.5,1.5,28.8
72475,4,3,0.5,1.5,28.8
72505,4,3,0.5,1.5,28.8
72800,4,3,0.5,1.5,28.8
72819,4,3,0.5,1.5,28.8
11027,4,3,0.5,1.5,28.8
47620,4,3,0.5,1.5,28.8
47627,4,3,0.5,1.5,28.8
47659,4,3,0.5,1.5,28.8
47721,4,3,0.5,1.5,28.8
47722,4,3,0.5,1.5,28.8
47727,4,3,0.5,1.5,28.8
47732,4,3,0.5,1.5,28.8
72592,4,3,0.5,1.5,28.8
72597,4,3,0.5,1.5,28.8
72601,4,3,0.5,1.5,28.8
11074,4,3,0.5,1.5,28.8
72605,4,3,0.5,1.5,28.8
72696,4,3,0.5,1.5,28.8
72945,4,3,0.5,1.5,28.8
72987,4,3,0.5,1.5,28.8
73055,4,3,0.5,1.5,28.8
73056,4,3,0.5,1.5,28.8
73066,4,3,0.5,1.5,28.8
47457,4,3,0.5,1.5,28.8
47482,4,3,0.5,1.5,28.8
47486,4,3,0.5,1.5,28.8
47513,4,3,0.5,1.5,28.8
47543,4,3,0.5,1.5,28.8
47555,4,3,0.5,1.5,28.8
47561,4,3,0.5,1.5,28.8
47570,4,3,0.5,1.5,28.8
47597,4,3,0.5,1.5,28.8
72748,4,3,0.5,1.5,28.8
72798,4,3,0.5,1.5,28.8
47038,4,3,0.5,1.5,28.8
47262,4,3,0.5,1.5,28.8
47292,4,3,0.5,1.5,28.8
47310,4,3,0.5,1.5,28.8
47374,4,3,0.5,1.5,28.8
47377,4,3,0.5,1.5,28.8
47401,4,3,0.5,1.5,28.8
73067,4,3,0.5,1.5,28.8
73111,4,3,0.5,1.5,28.8
73125,4,3,0.5,1.5,28.8
73135,4,3,0.5,1.5,28.8
73137,4,3,0.5,1.5,28.8
73158,4,3,0.5,1.5,28.8
73159,4,3,0.5,1.5,28.8
73193,4,3,0.5,1.5,28.8
72940,4,3,0.5,1.5,28.8
10799,4,3,0.5,1.5,28.8
73504,4,3,0.5,1.5,28.8
46629,4,3,0.5,1.5,28.8
46652,4,3,0.5,1.5,28.8
46653,4,3,0.5,1.5,28.8
46750,4,3,0.5,1.5,28.8
46772,4,3,0.5,1.5,28.8
46773,4,3,0.5,1.5,28.8
46880,4,3,0.5,1.5,28.8
73201,4,3,0.5,1.5,28.8
73277,4,3,0.5,1.5,28.8
73278,4,3,0.5,1.5,28.8
73292,4,3,0.5,1.5,28.8
73297,4,3,0.5,1.5,28.8
73319,4,3,0.5,1.5,28.8
73322,4,3,0.5,1.5,28.8
73779,4,3,0.5,1.5,28.8
73780,4,3,0.5,1.5,28.8
46369,4,3,0.5,1.5,28.8
46391,4,3,0.5,1.5,28.8
46453,4,3,0.5,1.5,28.8
46463,4,3,0.5,1.5,28.8
46470,4,3,0.5,1.5,28.8
46565,4,3,0.5,1.5,28.8
73558,4,3,0.5,1.5,28.8
73563,4,3,0.5,1.5,28.8
73568,4,3,0.5,1.5,28.8
73570,4,3,0.5,1.5,28.8
73395,4,3,0.5,1.5,28.8
73396,4,3,0.5,1.5,28.8
73436,4,3,0.5,1.5,28.8
73457,4,3,0.5,1.5,28.8
73877,4,3,0.5,1.5,28.8
73911,4,3,0.5,1.5,28.8
45930,4,3,0.5,1.5,28.8
45986,4,3,0.5,1.5,28.8
45989,4,3,0.5,1.5,28.8
46096,4,3,0.5,1.5,28.8
46104,4,3,0.5,1.5,28.8
46116,4,3,0.5,1.5,28.8
46141,4,3,0.5,1.5,28.8
46162,4,3,0.5,1.5,28.8
46177,4,3,0.5,1.5,28.8
73652,4,3,0.5,1.5,28.8
73712,4,3,0.5,1.5,28.8
73713,4,3,0.5,1.5,28.8
73716,4,3,0.5,1.5,28.8
73727,4,3,0.5,1.5,28.8
10394,4,3,0.5,1.5,28.8
74017,4,3,0.5,1.5,28.8
45640,4,3,0.5,1.5,28.8
45645,4,3,0.5,1.5,28.8
45848,4,3,0.5,1.5,28.8
22181,4,3,0.5,1.5,28.8
22221,4,3,0.5,1.5,28.8
22237,4,3,0.5,1.5,28.8
45892,4,3,0.5,1.5,28.8
45907,4,3,0.5,1.5,28.8
45920,4,3,0.5,1.5,28.8
73781,4,3,0.5,1.5,28.8
73782,4,3,0.5,1.5,28.8
73794,4,3,0.5,1.5,28.8
73799,4,3,0.5,1.5,28.8
73854,4,3,0.5,1.5,28.8
74034,4,3,0.5,1.5,28.8
74052,4,3,0.5,1.5,28.8
45255,4,3,0.5,1.5,28.8
45325,4,3,0.5,1.5,28.8
45391,4,3,0.5,1.5,28.8
45411,4,3,0.5,1.5,28.8
45561,4,3,0.5,1.5,28.8
45564,4,3,0.5,1.5,28.8
22262,4,3,0.5,1.5,28.8
22269,4,3,0.5,1.5,28.8
22290,4,3,0.5,1.5,28.8
73934,4,3,0.5,1.5,28.8
73935,4,3,0.5,1.5,28.8
73941,4,3,0.5,1.5,28.8
73943,4,3,0.5,1.5,28.8
73993,4,3,0.5,1.5,28.8
10245,4,3,0.5,1.5,28.8
74341,4,3,0.5,1.5,28.8
74385,4,3,0.5,1.5,28.8
44793,4,3,0.5,1.5,28.8
44889,4,3,0.5,1.5,28.8
44893,4,3,0.5,1.5,28.8
44969,4,3,0.5,1.5,28.8
45022,4,3,0.5,1.5,28.8
45142,4,3,0.5,1.5,28.8
74181,4,3,0.5,1.5,28.8
10288,4,3,0.5,1.5,28.8
10302,4,3,0.5,1.5,28.8
74232,4,3,0.5,1.5,28.8
74256,4,3,0.5,1.5,28.8
74018,4,3,0.5,1.5,28.8
74028,4,3,0.5,1.5,28.8
74500,4,3,0.5,1.5,28.8
44483,4,3,0.5,1.5,28.8
44555,4,3,0.5,1.5,28.8
44578,4,3,0.5,1.5,28.8
44618,4,3,0.5,1.5,28.8
44622,4,3,0.5,1.5,28.8
44675,4,3,0.5,1.5,28.8
44680,4,3,0.5,1.5,28.8
44685,4,3,0.5,1.5,28.8
22356,4,3,0.5,1.5,28.8
44754,4,3,0.5,1.5,28.8
74257,4,3,0.5,1.5,28.8
74286,4,3,0.5,1.5,28.8
74313,4,3,0.5,1.5,28.8
10241,4,3,0.5,1.5,28.8
10243,4,3,0.5,1.5,28.8
10108,4,3,0.5,1.5,28.8
44126,4,3,0.5,1.5,28.8
44179,4,3,0.5,1.5,28.8
44195,4,3,0.5,1.5,28.8
44264,4,3,0.5,1.5,28.8
44292,4,3,0.5,1.5,28.8
44363,4,3,0.5,1.5,28.8
44371,4,3,0.5,1.5,28.8
44375,4,3,0.5,1.5,28.8
44404,4,3,0.5,1.5,28.8
44409,4,3,0.5,1.5,28.8
74401,4,3,0.5,1.5,28.8
74420,4,3,0.5,1.5,28.8
74431,4,3,0.5,1.5,28.8
74434,4,3,0.5,1.5,28.8
74472,4,3,0.5,1.5,28.8
10011,4,3,0.5,1.5,28.8
43768,4,3,0.5,1.5,28.8
43811,4,3,0.5,1.5,28.8
43819,4,3,0.5,1.5,28.8
43888,4,3,0.5,1.5,28.8
43955,4,3,0.5,1.5,28.8
44022,4,3,0.5,1.5,28.8
44054,4,3,0.5,1.5,28.8
44058,4,3,0.5,1.5,28.8
22523,4,3,0.5,1.5,28.8
44125,4,3,0.5,1.5,28.8
74551,4,3,0.5,1.5,28.8
74554,4,3,0.5,1.5,28.8
74621,4,3,0.5,1.5,28.8
74629,4,3,0.5,1.5,28.8
74646,4,3,0.5,1.5,28.8
75008,4,3,0.5,1.5,28.8
75021,4,3,0.5,1.5,28.8
43296,4,3,0.5,1.5,28.8
43299,4,3,0.5,1.5,28.8
43310,4,3,0.5,1.5,28.8
43313,4,3,0.5,1.5,28.8
43457,4,3,0.5,1.5,28.8
43699,4,3,0.5,1.5,28.8
43746,4,3,0.5,1.5,28.8
74813,4,3,0.5,1.5,28.8
74816,4,3,0.5,1.5,28.8
74838,4,3,0.5,1.5,28.8
74725,4,3,0.5,1.5,28.8
74726,4,3,0.5,1.5,28.8
74757,4,3,0.5,1.5,28.8
74762,4,3,0.5,1.5,28.8
42929,4,3,0.5,1.5,28.8
42936,4,3,0.5,1.5,28.8
42963,4,3,0.5,1.5,28.8
43028,4,3,0.5,1.5,28.8
43147,4,3,0.5,1.5,28.8
43202,4,3,0.5,1.5,28.8
22641,4,3,0.5,1.5,28.8
43230,4,3,0.5,1.5,28.8
74888,4,3,0.5,1.5,28.8
74890,4,3,0.5,1.5,28.8
9841,4,3,0.5,1.5,28.8
9863,4,3,0.5,1.5,28.8
74962,4,3,0.5,1.5,28.8
74972,4,3,0.5,1.5,28.8
74976,4,3,0.5,1.5,28.8
74982,4,3,0.5,1.5,28.8
75349,4,3,0.5,1.5,28.8
75377,4,3,0.5,1.5,28.8
75409,4,3,0.5,1.5,28.8
75427,4,3,0.5,1.5,28.8
42716,4,3,0.5,1.5,28.8
42726,4,3,0.5,1.5,28.8
42729,4,3,0.5,1.5,28.8
22747,4,3,0.5,1.5,28.8
42850,4,3,0.5,1.5,28.8
75061,4,3,0.5,1.5,28.8
75078,4,3,0.5,1.5,28.8
75107,4,3,0.5,1.5,28.8
75114,4,3,0.5,1.5,28.8
75221,4,3,0.5,1.5,28.8
75290,4,3,0.5,1.5,28.8
75299,4,3,0.5,1.5,28.8
75624,4,3,0.5,1.5,28.8
9646,4,3,0.5,1.5,28.8
75678,4,3,0.5,1.5,28.8
42451,4,3,0.5,1.5,28.8
42565,4,3,0.5,1.5,28.8
42609,4,3,0.5,1.5,28.8
42628,4,3,0.5,1.5,28.8
42678,4,3,0.5,1.5,28.8
75444,4,3,0.5,1.5,28.8
75497,4,3,0.5,1.5,28.8
9673,4,3,0.5,1.5,28.8
75508,4,3,0.5,1.5,28.8
75520,4,3,0.5,1.5,28.8
75326,4,3,0.5,1.5,28.8
75327,4,3,0.5,1.5,28.8
75346,4,3,0.5,1.5,28.8
9567,4,3,0.5,1.5,28.8
9595,4,3,0.5,1.5,28.8
75811,4,3,0.5,1.5,28.8
75829,4,3,0.5,1.5,28.8
42043,4,3,0.5,1.5,28.8
42073,4,3,0.5,1.5,28.8
42111,4,3,0.5,1.5,28.8
42141,4,3,0.5,1.5,28.8
42164,4,3,0.5,1.5,28.8
42173,4,3,0.5,1.5,28.8
42269,4,3,0.5,1.5,28.8
42287,4,3,0.5,1.5,28.8
42417,4,3,0.5,1.5,28.8
42420,4,3,0.5,1.5,28.8
75531,4,3,0.5,1.5,28.8
75572,4,3,0.5,1.5,28.8
75931,4,3,0.5,1.5,28.8
75938,4,3,0.5,1.5,28.8
75948,4,3,0.5,1.5,28.8
75983,4,3,0.5,1.5,28.8
41851,4,3,0.5,1.5,28.8
41854,4,3,0.5,1.5,28.8
41874,4,3,0.5,1.5,28.8
41897,4,3,0.5,1.5,28.8
41955,4,3,0.5,1.5,28.8
41959,4,3,0.5,1.5,28.8
22883,4,3,0.5,1.5,28.8
22906,4,3,0.5,1.5,28.8
75722,4,3,0.5,1.5,28.8
75723,4,3,0.5,1.5,28.8
75737,4,3,0.5,1.5,28.8
75793,4,3,0.5,1.5,28.8
76021,4,3,0.5,1.5,28.8
9469,4,3,0.5,1.5,28.8
76051,4,3,0.5,1.5,28.8
76052,4,3,0.5,1.5,28.8
76104,4,3,0.5,1.5,28.8
76133,4,3,0.5,1.5,28.8
41490,4,3,0.5,1.5,28.8
41514,4,3,0.5,1.5,28.8
41575,4,3,0.5,1.5,28.8
41606,4,3,0.5,1.5,28.8
41615,4,3,0.5,1.5,28.8
41616,4,3,0.5,1.5,28.8
41674,4,3,0.5,1.5,28.8
41679,4,3,0.5,1.5,28.8
75870,4,3,0.5,1.5,28.8
75880,4,3,0.5,1.5,28.8
76674,4,3,0.5,1.5,28.8
76694,4,3,0.5,1.5,28.8
41379,4,3,0.5,1.5,28.8
41387,4,3,0.5,1.5,28.8
41413,4,3,0.5,1.5,28.8
22958,4,3,0.5,1.5,28.8
22965,4,3,0.5,1.5,28.8
76441,4,3,0.5,1.5,28.8
76444,4,3,0.5,1.5,28.8
76458,4,3,0.5,1.5,28.8
76470,4,3,0.5,1.5,28.8
76474,4,3,0.5,1.5,28.8
76262,4,3,0.5,1.5,28.8
76357,4,3,0.5,1.5,28.8
9411,4,3,0.5,1.5,28.8
76012,4,3,0.5,1.5,28.8
76754,4,3,0.5,1.5,28.8
76778,4,3,0.5,1.5,28.8
40903,4,3,0.5,1.5,28.8
40970,4,3,0.5,1.5,28.8
41058,4,3,0.5,1.5,28.8
41110,4,3,0.5,1.5,28.8
41164,4,3,0.5,1.5,28.8
41192,4,3,0.5,1.5,28.8
41222,4,3,0.5,1.5,28.8
41262,4,3,0.5,1.5,28.8
23002,4,3,0.5,1.5,28.8
23050,4,3,0.5,1.5,28.8
23065,4,3,0.5,1.5,28.8
76586,4,3,0.5,1.5,28.8
76589,4,3,0.5,1.5,28.8
76667,4,3,0.5,1.5,28.8
76856,4,3,0.5,1.5,28.8
76858,4,3,0.5,1.5,28.8
76861,4,3,0.5,1.5,28.8
76870,4,3,0.5,1.5,28.8
9024,4,3,0.5,1.5,28.8
76882,4,3,0.5,1.5,28.8
40434,4,3,0.5,1.5,28.8
40661,4,3,0.5,1.5,28.8
40673,4,3,0.5,1.5,28.8
40694,4,3,0.5,1.5,28.8
40794,4,3,0.5,1.5,28.8
40852,4,3,0.5,1.5,28.8
40890,4,3,0.5,1.5,28.8
76720,4,3,0.5,1.5,28.8
76734,4,3,0.5,1.5,28.8
76752,4,3,0.5,1.5,28.8
77035,4,3,0.5,1.5,28.8
39990,4,3,0.5,1.5,28.8
39998,4,3,0.5,1.5,28.8
40006,4,3,0.5,1.5,28.8
40039,4,3,0.5,1.5,28.8
40072,4,3,0.5,1.5,28.8
23141,4,3,0.5,1.5,28.8
76884,4,3,0.5,1.5,28.8
76885,4,3,0.5,1.5,28.8
76891,4,3,0.5,1.5,28.8
76936,4,3,0.5,1.5,28.8
8994,4,3,0.5,1.5,28.8
76947,4,3,0.5,1.5,28.8
76949,4,3,0.5,1.5,28.8
76823,4,3,0.5,1.5,28.8
76826,4,3,0.5,1.5,28.8
77222,4,3,0.5,1.5,28.8
77225,4,3,0.5,1.5,28.8
77240,4,3,0.5,1.5,28.8
77253,4,3,0.5,1.5,28.8
77272,4,3,0.5,1.5,28.8
77275,4,3,0.5,1.5,28.8
77308,4,3,0.5,1.5,28.8
39607,4,3,0.5,1.5,28.8
39628,4,3,0.5,1.5,28.8
39637,4,3,0.5,1.5,28.8
39677,4,3,0.5,1.5,28.8
39790,4,3,0.5,1.5,28.8
39793,4,3,0.5,1.5,28.8
39811,4,3,0.5,1.5,28.8
76974,4,3,0.5,1.5,28.8
77002,4,3,0.5,1.5,28.8
77495,4,3,0.5,1.5,28.8
77497,4,3,0.5,1.5,28.8
77498,4,3,0.5,1.5,28.8
39459,4,3,0.5,1.5,28.8
39485,4,3,0.5,1.5,28.8
39571,4,3,0.5,1.5,28.8
39573,4,3,0.5,1.5,28.8
23333,4,3,0.5,1.5,28.8
77411,4,3,0.5,1.5,28.8
77451,4,3,0.5,1.5,28.8
77453,4,3,0.5,1.5,28.8
8688,4,3,0.5,1.5,28.8
77333,4,3,0.5,1.5,28.8
77379,4,3,0.5,1.5,28.8
77121,4,3,0.5,1.5,28.8
77127,4,3,0.5,1.5,28.8
77609,4,3,0.5,1.5,28.8
77619,4,3,0.5,1.5,28.8
39052,4,3,0.5,1.5,28.8
39096,4,3,0.5,1.5,28.8
39189,4,3,0.5,1.5,28.8
39214,4,3,0.5,1.5,28.8
39221,4,3,0.5,1.5,28.8
39244,4,3,0.5,1.5,28.8
39362,4,3,0.5,1.5,28.8
39369,4,3,0.5,1.5,28.8
23436,4,3,0.5,1.5,28.8
39373,4,3,0.5,1.5,28.8
77461,4,3,0.5,1.5,28.8
77471,4,3,0.5,1.5,28.8
77488,4,3,0.5,1.5,28.8
77492,4,3,0.5,1.5,28.8
38719,4,3,0.5,1.5,28.8
38769,4,3,0.5,1.5,28.8
38933,4,3,0.5,1.5,28.8
23457,4,3,0.5,1.5,28.8
38985,4,3,0.5,1.5,28.8
38990,4,3,0.5,1.5,28.8
77807,4,3,0.5,1.5,28.8
77871,4,3,0.5,1.5,28.8
8315,4,3,0.5,1.5,28.8
77640,4,3,0.5,1.5,28.8
77714,4,3,0.5,1.5,28.8
77760,4,3,0.5,1.5,28.8
77761,4,3,0.5,1.5,28.8
77518,4,3,0.5,1.5,28.8
77550,4,3,0.5,1.5,28.8
77554,4,3,0.5,1.5,28.8
78393,4,3,0.5,1.5,28.8
38455,4,3,0.5,1.5,28.8
38484,4,3,0.5,1.5,28.8
38492,4,3,0.5,1.5,28.8
38567,4,3,0.5,1.5,28.8
38580,4,3,0.5,1.5,28.8
23505,4,3,0.5,1.5,28.8
23588,4,3,0.5,1.5,28.8
38609,4,3,0.5,1.5,28.8
78046,4,3,0.5,1.5,28.8
78052,4,3,0.5,1.5,28.8
78055,4,3,0.5,1.5,28.8
78199,4,3,0.5,1.5,28.8
77907,4,3,0.5,1.5,28.8
78019,4,3,0.5,1.5,28.8
78024,4,3,0.5,1.5,28.8
78478,4,3,0.5,1.5,28.8
38333,4,3,0.5,1.5,28.8
38372,4,3,0.5,1.5,28.8
38380,4,3,0.5,1.5,28.8
38388,4,3,0.5,1.5,28.8
23609,4,3,0.5,1.5,28.8
38394,4,3,0.5,1.5,28.8
38410,4,3,0.5,1.5,28.8
78257,4,3,0.5,1.5,28.8
8114,4,3,0.5,1.5,28.8
8128,4,3,0.5,1.5,28.8
78285,4,3,0.5,1.5,28.8
78308,4,3,0.5,1.5,28.8
78318,4,3,0.5,1.5,28.8
78369,4,3,0.5,1.5,28.8
78374,4,3,0.5,1.5,28.8
78501,4,3,0.5,1.5,28.8
78545,4,3,0.5,1.5,28.8
78626,4,3,0.5,1.5,28.8
38180,4,3,0.5,1.5,28.8
38201,4,3,0.5,1.5,28.8
38246,4,3,0.5,1.5,28.8
38282,4,3,0.5,1.5,28.8
38285,4,3,0.5,1.5,28.8
38305,4,3,0.5,1.5,28.8
38306,4,3,0.5,1.5,28.8
38307,4,3,0.5,1.5,28.8
78407,4,3,0.5,1.5,28.8
78434,4,3,0.5,1.5,28.8
78452,4,3,0.5,1.5,28.8
78456,4,3,0.5,1.5,28.8
78458,4,3,0.5,1.5,28.8
78774,4,3,0.5,1.5,28.8
78776,4,3,0.5,1.5,28.8
78781,4,3,0.5,1.5,28.8
78786,4,3,0.5,1.5,28.8
37713,4,3,0.5,1.5,28.8
37743,4,3,0.5,1.5,28.8
37834,4,3,0.5,1.5,28.8
37851,4,3,0.5,1.5,28.8
37867,4,3,0.5,1.5,28.8
38101,4,3,0.5,1.5,28.8
38108,4,3,0.5,1.5,28.8
23719,4,3,0.5,1.5,28.8
23738,4,3,0.5,1.5,28.8
78493,4,3,0.5,1.5,28.8
78494,4,3,0.5,1.5,28.8
78500,4,3,0.5,1.5,28.8
78860,4,3,0.5,1.5,28.8
78877,4,3,0.5,1.5,28.8
78880,4,3,0.5,1.5,28.8
7891,4,3,0.5,1.5,28.8
78942,4,3,0.5,1.5,28.8
78973,4,3,0.5,1.5,28.8
37577,4,3,0.5,1.5,28.8
37603,4,3,0.5,1.5,28.8
37630,4,3,0.5,1.5,28.8
37679,4,3,0.5,1.5,28.8
23802,4,3,0.5,1.5,28.8
37689,4,3,0.5,1.5,28.8
78705,4,3,0.5,1.5,28.8
78763,4,3,0.5,1.5,28.8
78771,4,3,0.5,1.5,28.8
78773,4,3,0.5,1.5,28.8
79156,4,3,0.5,1.5,28.8
79172,4,3,0.5,1.5,28.8
79237,4,3,0.5,1.5,28.8
37329,4,3,0.5,1.5,28.8
37379,4,3,0.5,1.5,28.8
37451,4,3,0.5,1.5,28.8
37461,4,3,0.5,1.5,28.8
37465,4,3,0.5,1.5,28.8
37537,4,3,0.5,1.5,28.8
23849,4,3,0.5,1.5,28.8
23852,4,3,0.5,1.5,28.8
79035,4,3,0.5,1.5,28.8
79043,4,3,0.5,1.5,28.8
79057,4,3,0.5,1.5,28.8
79085,4,3,0.5,1.5,28.8
78795,4,3,0.5,1.5,28.8
37180,4,3,0.5,1.5,28.8
37188,4,3,0.5,1.5,28.8
37198,4,3,0.5,1.5,28.8
37220,4,3,0.5,1.5,28.8
37241,4,3,0.5,1.5,28.8
23899,4,3,0.5,1.5,28.8
23913,4,3,0.5,1.5,28.8
37256,4,3,0.5,1.5,28.8
79272,4,3,0.5,1.5,28.8
79274,4,3,0.5,1.5,28.8
79299,4,3,0.5,1.5,28.8
79100,4,3,0.5,1.5,28.8
79107,4,3,0.5,1.5,28.8
79110,4,3,0.5,1.5,28.8
79131,4,3,0.5,1.5,28.8
79149,4,3,0.5,1.5,28.8
79522,4,3,0.5,1.5,28.8
36873,4,3,0.5,1.5,28.8
36898,4,3,0.5,1.5,28.8
36905,4,3,0.5,1.5,28.8
37017,4,3,0.5,1.5,28.8
37047,4,3,0.5,1.5,28.8
23964,4,3,0.5,1.5,28.8
23965,4,3,0.5,1.5,28.8
23976,4,3,0.5,1.5,28.8
23982,4,3,0.5,1.5,28.8
79327,4,3,0.5,1.5,28.8
79393,4,3,0.5,1.5,28.8
79394,4,3,0.5,1.5,28.8
79401,4,3,0.5,1.5,28.8
79420,4,3,0.5,1.5,28.8
79437,4,3,0.5,1.5,28.8
24079,4,3,0.5,1.5,28.8
36625,4,3,0.5,1.5,28.8
36628,4,3,0.5,1.5,28.8
36645,4,3,0.5,1.5,28.8
36649,4,3,0.5,1.5,28.8
36675,4,3,0.5,1.5,28.8
36676,4,3,0.5,1.5,28.8
36693,4,3,0.5,1.5,28.8
36695,4,3,0.5,1.5,28.8
36704,4,3,0.5,1.5,28.8
23993,4,3,0.5,1.5,28.8
24010,4,3,0.5,1.5,28.8
36746,4,3,0.5,1.5,28.8
36749,4,3,0.5,1.5,28.8
79458,4,3,0.5,1.5,28.8
79517,4,3,0.5,1.5,28.8
79541,4,3,0.5,1.5,28.8
79551,4,3,0.5,1.5,28.8
79552,4,3,0.5,1.5,28.8
79555,4,3,0.5,1.5,28.8
79564,4,3,0.5,1.5,28.8
7509,4,3,0.5,1.5,28.8
79567,4,3,0.5,1.5,28.8
36442,4,3,0.5,1.5,28.8
36491,4,3,0.5,1.5,28.8
36526,4,3,0.5,1.5,28.8
36543,4,3,0.5,1.5,28.8
36545,4,3,0.5,1.5,28.8
36593,4,3,0.5,1.5,28.8
36598,4,3,0.5,1.5,28.8
36599,4,3,0.5,1.5,28.8
24070,4,3,0.5,1.5,28.8
79640,4,3,0.5,1.5,28.8
79681,4,3,0.5,1.5,28.8
79683,4,3,0.5,1.5,28.8
79685,4,3,0.5,1.5,28.8
36223,4,3,0.5,1.5,28.8
36246,4,3,0.5,1.5,28.8
36265,4,3,0.5,1.5,28.8
36314,4,3,0.5,1.5,28.8
36373,4,3,0.5,1.5,28.8
36404,4,3,0.5,1.5,28.8
24136,4,3,0.5,1.5,28.8
24198,4,3,0.5,1.5,28.8
24203,4,3,0.5,1.5,28.8
36433,4,3,0.5,1.5,28.8
79524,4,3,0.5,1.5,28.8
79530,4,3,0.5,1.5,28.8
36026,4,3,0.5,1.5,28.8
36049,4,3,0.5,1.5,28.8
36058,4,3,0.5,1.5,28.8
36066,4,3,0.5,1.5,28.8
36073,4,3,0.5,1.5,28.8
36128,4,3,0.5,1.5,28.8
36133,4,3,0.5,1.5,28.8
36141,4,3,0.5,1.5,28.8
36142,4,3,0.5,1.5,28.8
24218,4,3,0.5,1.5,28.8
24252,4,3,0.5,1.5,28.8
24267,4,3,0.5,1.5,28.8
36210,4,3,0.5,1.5,28.8
36213,4,3,0.5,1.5,28.8
79610,4,3,0.5,1.5,28.8
79627,4,3,0.5,1.5,28.8
79714,4,3,0.5,1.5,28.8
7331,4,3,0.5,1.5,28.8
79773,4,3,0.5,1.5,28.8
79780,4,3,0.5,1.5,28.8
79794,4,3,0.5,1.5,28.8
79797,4,3,0.5,1.5,28.8
79800,4,3,0.5,1.5,28.8
35829,4,3,0.5,1.5,28.8
35865,4,3,0.5,1.5,28.8
35922,4,3,0.5,1.5,28.8
35923,4,3,0.5,1.5,28.8
35968,4,3,0.5,1.5,28.8
35995,4,3,0.5,1.5,28.8
36001,4,3,0.5,1.5,28.8
36020,4,3,0.5,1.5,28.8
36025,4,3,0.5,1.5,28.8
79820,4,3,0.5,1.5,28.8
79842,4,3,0.5,1.5,28.8
79844,4,3,0.5,1.5,28.8
35558,4,3,0.5,1.5,28.8
35598,4,3,0.5,1.5,28.8
35657,4,3,0.5,1.5,28.8
35713,4,3,0.5,1.5,28.8
35722,4,3,0.5,1.5,28.8
35732,4,3,0.5,1.5,28.8
35745,4,3,0.5,1.5,28.8
35793,4,3,0.5,1.5,28.8
35797,4,3,0.5,1.5,28.8
35801,4,3,0.5,1.5,28.8
24347,4,3,0.5,1.5,28.8
24359,4,3,0.5,1.5,28.8
79713,4,3,0.5,1.5,28.8
80209,4,3,0.5,1.5,28.8
80217,4,3,0.5,1.5,28.8
80226,4,3,0.5,1.5,28.8
35317,4,3,0.5,1.5,28.8
35466,4,3,0.5,1.5,28.8
35509,4,3,0.5,1.5,28.8
80008,4,3,0.5,1.5,28.8
7133,4,3,0.5,1.5,28.8
80093,4,3,0.5,1.5,28.8
80109,4,3,0.5,1.5,28.8
79901,4,3,0.5,1.5,28.8
79942,4,3,0.5,1.5,28.8
79946,4,3,0.5,1.5,28.8
79971,4,3,0.5,1.5,28.8
79978,4,3,0.5,1.5,28.8
79815,4,3,0.5,1.5,28.8
80395,4,3,0.5,1.5,28.8
6915,4,3,0.5,1.5,28.8
80425,4,3,0.5,1.5,28.8
80426,4,3,0.5,1.5,28.8
34994,4,3,0.5,1.5,28.8
35053,4,3,0.5,1.5,28.8
35116,4,3,0.5,1.5,28.8
35122,4,3,0.5,1.5,28.8
35144,4,3,0.5,1.5,28.8
35214,4,3,0.5,1.5,28.8
35223,4,3,0.5,1.5,28.8
80279,4,3,0.5,1.5,28.8
80307,4,3,0.5,1.5,28.8
80318,4,3,0.5,1.5,28.8
80355,4,3,0.5,1.5,28.8
80128,4,3,0.5,1.5,28.8
80783,4,3,0.5,1.5,28.8
34652,4,3,0.5,1.5,28.8
34703,4,3,0.5,1.5,28.8
34820,4,3,0.5,1.5,28.8
34839,4,3,0.5,1.5,28.8
34911,4,3,0.5,1.5,28.8
24520,4,3,0.5,1.5,28.8
24527,4,3,0.5,1.5,28.8
80581,4,3,0.5,1.5,28.8
80592,4,3,0.5,1.5,28.8
80650,4,3,0.5,1.5,28.8
6825,4,3,0.5,1.5,28.8
80500,4,3,0.5,1.5,28.8
80505,4,3,0.5,1.5,28.8
80561,4,3,0.5,1.5,28.8
80392,4,3,0.5,1.5,28.8
81067,4,3,0.5,1.5,28.8
81102,4,3,0.5,1.5,28.8
34270,4,3,0.5,1.5,28.8
34436,4,3,0.5,1.5,28.8
34475,4,3,0.5,1.5,28.8
34499,4,3,0.5,1.5,28.8
34509,4,3,0.5,1.5,28.8
34576,4,3,0.5,1.5,28.8
34618,4,3,0.5,1.5,28.8
80937,4,3,0.5,1.5,28.8
6625,4,3,0.5,1.5,28.8
80976,4,3,0.5,1.5,28.8
80723,4,3,0.5,1.5,28.8
80737,4,3,0.5,1.5,28.8
80756,4,3,0.5,1.5,28.8
80761,4,3,0.5,1.5,28.8
34048,4,3,0.5,1.5,28.8
34117,4,3,0.5,1.5,28.8
34159,4,3,0.5,1.5,28.8
34161,4,3,0.5,1.5,28.8
34196,4,3,0.5,1.5,28.8
34227,4,3,0.5,1.5,28.8
34230,4,3,0.5,1.5,28.8
81136,4,3,0.5,1.5,28.8
6389,4,3,0.5,1.5,28.8
6406,4,3,0.5,1.5,28.8
81275,4,3,0.5,1.5,28.8
81286,4,3,0.5,1.5,28.8
81287,4,3,0.5,1.5,28.8
81034,4,3,0.5,1.5,28.8
81042,4,3,0.5,1.5,28.8
81059,4,3,0.5,1.5,28.8
33822,4,3,0.5,1.5,28.8
33867,4,3,0.5,1.5,28.8
33910,4,3,0.5,1.5,28.8
33911,4,3,0.5,1.5,28.8
33935,4,3,0.5,1.5,28.8
33943,4,3,0.5,1.5,28.8
33953,4,3,0.5,1.5,28.8
24681,4,3,0.5,1.5,28.8
24691,4,3,0.5,1.5,28.8
34037,4,3,0.5,1.5,28.8
34040,4,3,0.5,1.5,28.8
81376,4,3,0.5,1.5,28.8
81381,4,3,0.5,1.5,28.8
6323,4,3,0.5,1.5,28.8
81488,4,3,0.5,1.5,28.8
81496,4,3,0.5,1.5,28.8
33521,4,3,0.5,1.5,28.8
33523,4,3,0.5,1.5,28.8
33524,4,3,0.5,1.5,28.8
33530,4,3,0.5,1.5,28.8
33582,4,3,0.5,1.5,28.8
33713,4,3,0.5,1.5,28.8
33720,4,3,0.5,1.5,28.8
33747,4,3,0.5,1.5,28.8
24732,4,3,0.5,1.5,28.8
33804,4,3,0.5,1.5,28.8
81521,4,3,0.5,1.5,28.8
81535,4,3,0.5,1.5,28.8
81547,4,3,0.5,1.5,28.8
81553,4,3,0.5,1.5,28.8
6288,4,3,0.5,1.5,28.8
81593,4,3,0.5,1.5,28.8
33258,4,3,0.5,1.5,28.8
33266,4,3,0.5,1.5,28.8
33290,4,3,0.5,1.5,28.8
33341,4,3,0.5,1.5,28.8
33362,4,3,0.5,1.5,28.8
33365,4,3,0.5,1.5,28.8
33387,4,3,0.5,1.5,28.8
33439,4,3,0.5,1.5,28.8
24837,4,3,0.5,1.5,28.8
33515,4,3,0.5,1.5,28.8
81811,4,3,0.5,1.5,28.8
81672,4,3,0.5,1.5,28.8
81677,4,3,0.5,1.5,28.8
81680,4,3,0.5,1.5,28.8
81698,4,3,0.5,1.5,28.8
81705,4,3,0.5,1.5,28.8
82045,4,3,0.5,1.5,28.8
82084,4,3,0.5,1.5,28.8
82126,4,3,0.5,1.5,28.8
82168,4,3,0.5,1.5,28.8
33118,4,3,0.5,1.5,28.8
33186,4,3,0.5,1.5,28.8
33187,4,3,0.5,1.5,28.8
33194,4,3,0.5,1.5,28.8
33215,4,3,0.5,1.5,28.8
33218,4,3,0.5,1.5,28.8
33227,4,3,0.5,1.5,28.8
33238,4,3,0.5,1.5,28.8
24843,4,3,0.5,1.5,28.8
81924,4,3,0.5,1.5,28.8
81955,4,3,0.5,1.5,28.8
81959,4,3,0.5,1.5,28.8
32836,4,3,0.5,1.5,28.8
32851,4,3,0.5,1.5,28.8
32868,4,3,0.5,1.5,28.8
32879,4,3,0.5,1.5,28.8
32905,4,3,0.5,1.5,28.8
32924,4,3,0.5,1.5,28.8
32932,4,3,0.5,1.5,28.8
32939,4,3,0.5,1.5,28.8
33010,4,3,0.5,1.5,28.8
33020,4,3,0.5,1.5,28.8
33023,4,3,0.5,1.5,28.8
33064,4,3,0.5,1.5,28.8
33085,4,3,0.5,1.5,28.8
81996,4,3,0.5,1.5,28.8
82009,4,3,0.5,1.5,28.8
82044,4,3,0.5,1.5,28.8
82456,4,3,0.5,1.5,28.8
82482,4,3,0.5,1.5,28.8
32578,4,3,0.5,1.5,28.8
32580,4,3,0.5,1.5,28.8
32660,4,3,0.5,1.5,28.8
32662,4,3,0.5,1.5,28.8
32665,4,3,0.5,1.5,28.8
32692,4,3,0.5,1.5,28.8
32704,4,3,0.5,1.5,28.8
32738,4,3,0.5,1.5,28.8
82321,4,3,0.5,1.5,28.8
82334,4,3,0.5,1.5,28.8
82227,4,3,0.5,1.5,28.8
82229,4,3,0.5,1.5,28.8
82244,4,3,0.5,1.5,28.8
82282,4,3,0.5,1.5,28.8
82700,4,3,0.5,1.5,28.8
82760,4,3,0.5,1.5,28.8
32254,4,3,0.5,1.5,28.8
32255,4,3,0.5,1.5,28.8
32258,4,3,0.5,1.5,28.8
32388,4,3,0.5,1.5,28.8
32447,4,3,0.5,1.5,28.8
32462,4,3,0.5,1.5,28.8
32478,4,3,0.5,1.5,28.8
32482,4,3,0.5,1.5,28.8
32487,4,3,0.5,1.5,28.8
24975,4,3,0.5,1.5,28.8
32513,4,3,0.5,1.5,28.8
82511,4,3,0.5,1.5,28.8
82433,4,3,0.5,1.5,28.8
82434,4,3,0.5,1.5,28.8
32056,4,3,0.5,1.5,28.8
32084,4,3,0.5,1.5,28.8
32219,4,3,0.5,1.5,28.8
32243,4,3,0.5,1.5,28.8
25006,4,3,0.5,1.5,28.8
82935,4,3,0.5,1.5,28.8
82941,4,3,0.5,1.5,28.8
82971,4,3,0.5,1.5,28.8
82977,4,3,0.5,1.5,28.8
82987,4,3,0.5,1.5,28.8
82994,4,3,0.5,1.5,28.8
82844,4,3,0.5,1.5,28.8
82853,4,3,0.5,1.5,28.8
82859,4,3,0.5,1.5,28.8
82654,4,3,0.5,1.5,28.8
82683,4,3,0.5,1.5,28.8
31865,4,3,0.5,1.5,28.8
31871,4,3,0.5,1.5,28.8
31914,4,3,0.5,1.5,28.8
32035,4,3,0.5,1.5,28.8
25037,4,3,0.5,1.5,28.8
25050,4,3,0.5,1.5,28.8
25060,4,3,0.5,1.5,28.8
25065,4,3,0.5,1.5,28.8
83288,4,3,0.5,1.5,28.8
83188,4,3,0.5,1.5,28.8
83191,4,3,0.5,1.5,28.8
83245,4,3,0.5,1.5,28.8
83271,4,3,0.5,1.5,28.8
83089,4,3,0.5,1.5,28.8
4990,4,3,0.5,1.5,28.8
83119,4,3,0.5,1.5,28.8
83710,4,3,0.5,1.5,28.8
83737,4,3,0.5,1.5,28.8
83757,4,3,0.5,1.5,28.8
31635,4,3,0.5,1.5,28.8
31655,4,3,0.5,1.5,28.8
31672,4,3,0.5,1.5,28.8
31746,4,3,0.5,1.5,28.8
31747,4,3,0.5,1.5,28.8
31755,4,3,0.5,1.5,28.8
31804,4,3,0.5,1.5,28.8
83460,4,3,0.5,1.5,28.8
83503,4,3,0.5,1.5,28.8
83543,4,3,0.5,1.5,28.8
83634,4,3,0.5,1.5,28.8
83639,4,3,0.5,1.5,28.8
83641,4,3,0.5,1.5,28.8
84338,4,3,0.5,1.5,28.8
84357,4,3,0.5,1.5,28.8
84379,4,3,0.5,1.5,28.8
31417,4,3,0.5,1.5,28.8
31466,4,3,0.5,1.5,28.8
31629,4,3,0.5,1.5,28.8
25192,4,3,0.5,1.5,28.8
84033,4,3,0.5,1.5,28.8
84039,4,3,0.5,1.5,28.8
84100,4,3,0.5,1.5,28.8
4538,4,3,0.5,1.5,28.8
83957,4,3,0.5,1.5,28.8
83967,4,3,0.5,1.5,28.8
83681,4,3,0.5,1.5,28.8
83688,4,3,0.5,1.5,28.8
83707,4,3,0.5,1.5,28.8
84633,4,3,0.5,1.5,28.8
31064,4,3,0.5,1.5,28.8
31084,4,3,0.5,1.5,28.8
31092,4,3,0.5,1.5,28.8
31093,4,3,0.5,1.5,28.8
31099,4,3,0.5,1.5,28.8
31105,4,3,0.5,1.5,28.8
31193,4,3,0.5,1.5,28.8
25220,4,3,0.5,1.5,28.8
25239,4,3,0.5,1.5,28.8
84417,4,3,0.5,1.5,28.8
84471,4,3,0.5,1.5,28.8
84504,4,3,0.5,1.5,28.8
84168,4,3,0.5,1.5,28.8
84169,4,3,0.5,1.5,28.8
84195,4,3,0.5,1.5,28.8
4138,4,3,0.5,1.5,28.8
30751,4,3,0.5,1.5,28.8
30760,4,3,0.5,1.5,28.8
30884,4,3,0.5,1.5,28.8
30989,4,3,0.5,1.5,28.8
25276,4,3,0.5,1.5,28.8
25277,4,3,0.5,1.5,28.8
31043,4,3,0.5,1.5,28.8
84685,4,3,0.5,1.5,28.8
84802,4,3,0.5,1.5,28.8
4174,4,3,0.5,1.5,28.8
4186,4,3,0.5,1.5,28.8
84583,4,3,0.5,1.5,28.8
84585,4,3,0.5,1.5,28.8
84611,4,3,0.5,1.5,28.8
84624,4,3,0.5,1.5,28.8
84953,4,3,0.5,1.5,28.8
30539,4,3,0.5,1.5,28.8
30543,4,3,0.5,1.5,28.8
30589,4,3,0.5,1.5,28.8
30590,4,3,0.5,1.5,28.8
30650,4,3,0.5,1.5,28.8
30656,4,3,0.5,1.5,28.8
30661,4,3,0.5,1.5,28.8
30672,4,3,0.5,1.5,28.8
25339,4,3,0.5,1.5,28.8
25341,4,3,0.5,1.5,28.8
30685,4,3,0.5,1.5,28.8
84828,4,3,0.5,1.5,28.8
84834,4,3,0.5,1.5,28.8
84837,4,3,0.5,1.5,28.8
84882,4,3,0.5,1.5,28.8
85099,4,3,0.5,1.5,28.8
85149,4,3,0.5,1.5,28.8
30330,4,3,0.5,1.5,28.8
30339,4,3,0.5,1.5,28.8
30347,4,3,0.5,1.5,28.8
30373,4,3,0.5,1.5,28.8
30380,4,3,0.5,1.5,28.8
30440,4,3,0.5,1.5,28.8
30502,4,3,0.5,1.5,28.8
30512,4,3,0.5,1.5,28.8
25348,4,3,0.5,1.5,28.8
25349,4,3,0.5,1.5,28.8
25379,4,3,0.5,1.5,28.8
84898,4,3,0.5,1.5,28.8
84911,4,3,0.5,1.5,28.8
84939,4,3,0.5,1.5,28.8
85346,4,3,0.5,1.5,28.8
85348,4,3,0.5,1.5,28.8
85399,4,3,0.5,1.5,28.8
30014,4,3,0.5,1.5,28.8
30055,4,3,0.5,1.5,28.8
30061,4,3,0.5,1.5,28.8
30065,4,3,0.5,1.5,28.8
30069,4,3,0.5,1.5,28.8
30208,4,3,0.5,1.5,28.8
30220,4,3,0.5,1.5,28.8
25385,4,3,0.5,1.5,28.8
85167,4,3,0.5,1.5,28.8
85182,4,3,0.5,1.5,28.8
85183,4,3,0.5,1.5,28.8
85214,4,3,0.5,1.5,28.8
85074,4,3,0.5,1.5,28.8
85685,4,3,0.5,1.5,28.8
29752,4,3,0.5,1.5,28.8
29758,4,3,0.5,1.5,28.8
29776,4,3,0.5,1.5,28.8
29892,4,3,0.5,1.5,28.8
29894,4,3,0.5,1.5,28.8
29928,4,3,0.5,1.5,28.8
29963,4,3,0.5,1.5,28.8
29986,4,3,0.5,1.5,28.8
25439,4,3,0.5,1.5,28.8
85247,4,3,0.5,1.5,28.8
85303,4,3,0.5,1.5,28.8
85308,4,3,0.5,1.5,28.8
85311,4,3,0.5,1.5,28.8
85319,4,3,0.5,1.5,28.8
85336,4,3,0.5,1.5,28.8
85735,4,3,0.5,1.5,28.8
85763,4,3,0.5,1.5,28.8
3211,4,3,0.5,1.5,28.8
85784,4,3,0.5,1.5,28.8
29471,4,3,0.5,1.5,28.8
29522,4,3,0.5,1.5,28.8
29538,4,3,0.5,1.5,28.8
29652,4,3,0.5,1.5,28.8
29691,4,3,0.5,1.5,28.8
29697,4,3,0.5,1.5,28.8
25551,4,3,0.5,1.5,28.8
29726,4,3,0.5,1.5,28.8
85455,4,3,0.5,1.5,28.8
85467,4,3,0.5,1.5,28.8
85528,4,3,0.5,1.5,28.8
3542,4,3,0.5,1.5,28.8
29129,4,3,0.5,1.5,28.8
29225,4,3,0.5,1.5,28.8
29228,4,3,0.5,1.5,28.8
29246,4,3,0.5,1.5,28.8
29292,4,3,0.5,1.5,28.8
29351,4,3,0.5,1.5,28.8
29409,4,3,0.5,1.5,28.8
29417,4,3,0.5,1.5,28.8
29438,4,3,0.5,1.5,28.8
29452,4,3,0.5,1.5,28.8
85814,4,3,0.5,1.5,28.8
85908,4,3,0.5,1.5,28.8
2999,4,3,0.5,1.5,28.8
85718,4,3,0.5,1.5,28.8
85733,4,3,0.5,1.5,28.8
85734,4,3,0.5,1.5,28.8
86000,4,3,0.5,1.5,28.8
86079,4,3,0.5,1.5,28.8
86080,4,3,0.5,1.5,28.8
86093,4,3,0.5,1.5,28.8
86122,4,3,0.5,1.5,28.8
28926,4,3,0.5,1.5,28.8
28937,4,3,0.5,1.5,28.8
28965,4,3,0.5,1.5,28.8
28984,4,3,0.5,1.5,28.8
28989,4,3,0.5,1.5,28.8
29002,4,3,0.5,1.5,28.8
29007,4,3,0.5,1.5,28.8
29059,4,3,0.5,1.5,28.8
29072,4,3,0.5,1.5,28.8
25620,4,3,0.5,1.5,28.8
25645,4,3,0.5,1.5,28.8
86449,4,3,0.5,1.5,28.8
86508,4,3,0.5,1.5,28.8
86516,4,3,0.5,1.5,28.8
28693,4,3,0.5,1.5,28.8
28700,4,3,0.5,1.5,28.8
28736,4,3,0.5,1.5,28.8
28786,4,3,0.5,1.5,28.8
28845,4,3,0.5,1.5,28.8
28850,4,3,0.5,1.5,28.8
28867,4,3,0.5,1.5,28.8
25717,4,3,0.5,1.5,28.8
25724,4,3,0.5,1.5,28.8
86189,4,3,0.5,1.5,28.8
86247,4,3,0.5,1.5,28.8
86268,4,3,0.5,1.5,28.8
85942,4,3,0.5,1.5,28.8
2269,4,3,0.5,1.5,28.8
86936,4,3,0.5,1.5,28.8
86939,4,3,0.5,1.5,28.8
28383,4,3,0.5,1.5,28.8
28401,4,3,0.5,1.5,28.8
28457,4,3,0.5,1.5,28.8
28467,4,3,0.5,1.5,28.8
28579,4,3,0.5,1.5,28.8
28591,4,3,0.5,1.5,28.8
28602,4,3,0.5,1.5,28.8
25798,4,3,0.5,1.5,28.8
86552,4,3,0.5,1.5,28.8
86618,4,3,0.5,1.5,28.8
86685,4,3,0.5,1.5,28.8
86353,4,3,0.5,1.5,28.8
86379,4,3,0.5,1.5,28.8
1854,4,3,0.5,1.5,28.8
28162,4,3,0.5,1.5,28.8
28256,4,3,0.5,1.5,28.8
28305,4,3,0.5,1.5,28.8
28312,4,3,0.5,1.5,28.8
28318,4,3,0.5,1.5,28.8
25845,4,3,0.5,1.5,28.8
25847,4,3,0.5,1.5,28.8
25857,4,3,0.5,1.5,28.8
87287,4,3,0.5,1.5,28.8
87346,4,3,0.5,1.5,28.8
2214,4,3,0.5,1.5,28.8
87113,4,3,0.5,1.5,28.8
87144,4,3,0.5,1.5,28.8
87157,4,3,0.5,1.5,28.8
86784,4,3,0.5,1.5,28.8
27988,4,3,0.5,1.5,28.8
28003,4,3,0.5,1.5,28.8
28009,4,3,0.5,1.5,28.8
28097,4,3,0.5,1.5,28.8
28102,4,3,0.5,1.5,28.8
28127,4,3,0.5,1.5,28.8
25866,4,3,0.5,1.5,28.8
25892,4,3,0.5,1.5,28.8
25912,4,3,0.5,1.5,28.8
28153,4,3,0.5,1.5,28.8
87690,4,3,0.5,1.5,28.8
87789,4,3,0.5,1.5,28.8
87803,4,3,0.5,1.5,28.8
1748,4,3,0.5,1.5,28.8
87505,4,3,0.5,1.5,28.8
87594,4,3,0.5,1.5,28.8
27671,4,3,0.5,1.5,28.8
27673,4,3,0.5,1.5,28.8
27735,4,3,0.5,1.5,28.8
27736,4,3,0.5,1.5,28.8
27806,4,3,0.5,1.5,28.8
27822,4,3,0.5,1.5,28.8
27849,4,3,0.5,1.5,28.8
27853,4,3,0.5,1.5,28.8
27857,4,3,0.5,1.5,28.8
27885,4,3,0.5,1.5,28.8
27891,4,3,0.5,1.5,28.8
87880,4,3,0.5,1.5,28.8
87905,4,3,0.5,1.5,28.8
87927,4,3,0.5,1.5,28.8
1622,4,3,0.5,1.5,28.8
1624,4,3,0.5,1.5,28.8
1324,4,3,0.5,1.5,28.8
27521,4,3,0.5,1.5,28.8
27564,4,3,0.5,1.5,28.8
27576,4,3,0.5,1.5,28.8
27582,4,3,0.5,1.5,28.8
27586,4,3,0.5,1.5,28.8
27594,4,3,0.5,1.5,28.8
27597,4,3,0.5,1.5,28.8
27630,4,3,0.5,1.5,28.8
27642,4,3,0.5,1.5,28.8
26002,4,3,0.5,1.5,28.8
26048,4,3,0.5,1.5,28.8
26075,4,3,0.5,1.5,28.8
88084,4,3,0.5,1.5,28.8
88198,4,3,0.5,1.5,28.8
88199,4,3,0.5,1.5,28.8
88511,4,3,0.5,1.5,28.8
88516,4,3,0.5,1.5,28.8
27280,4,3,0.5,1.5,28.8
27287,4,3,0.5,1.5,28.8
27289,4,3,0.5,1.5,28.8
27353,4,3,0.5,1.5,28.8
27375,4,3,0.5,1.5,28.8
27392,4,3,0.5,1.5,28.8
27406,4,3,0.5,1.5,28.8
27431,4,3,0.5,1.5,28.8
27444,4,3,0.5,1.5,28.8
27449,4,3,0.5,1.5,28.8
26128,4,3,0.5,1.5,28.8
88390,4,3,0.5,1.5,28.8
88391,4,3,0.5,1.5,28.8
88406,4,3,0.5,1.5,28.8
88942,4,3,0.5,1.5,28.8
26996,4,3,0.5,1.5,28.8
27002,4,3,0.5,1.5,28.8
27014,4,3,0.5,1.5,28.8
27016,4,3,0.5,1.5,28.8
27051,4,3,0.5,1.5,28.8
27136,4,3,0.5,1.5,28.8
27147,4,3,0.5,1.5,28.8
27193,4,3,0.5,1.5,28.8
26159,4,3,0.5,1.5,28.8
27244,4,3,0.5,1.5,28.8
88558,4,3,0.5,1.5,28.8
892,4,3,0.5,1.5,28.8
88624,4,3,0.5,1.5,28.8
88775,4,3,0.5,1.5,28.8
1107,4,3,0.5,1.5,28.8
61351,4,3,0.5,1.5,28.8
26403,4,3,0.5,1.5,28.8
26520,4,3,0.5,1.5,28.8
26523,4,3,0.5,1.5,28.8
26665,4,3,0.5,1.5,28.8
26684,4,3,0.5,1.5,28.8
26290,4,3,0.5,1.5,28.8
91662,4,3,0.5,1.5,28.8
92006,4,3,0.5,1.5,28.8
90622,4,3,0.5,1.5,28.8
90758,4,3,0.5,1.5,28.8
90119,4,3,0.5,1.5,28.8
89920,4,3,0.5,1.5,28.8
89770,4,3,0.5,1.5,28.8
89774,4,3,0.5,1.5,28.8
89848,4,3,0.5,1.5,28.8
17801,4,3,0.5,1.5,28.8
61501,4,3,0.5,1.5,28.8
61512,4,3,0.5,1.5,28.8
60735,4,3,0.5,1.5,28.8
18258,4,3,0.5,1.5,28.8
18310,4,3,0.5,1.5,28.8
60766,4,3,0.5,1.5,28.8
60777,4,3,0.5,1.5,28.8
60786,4,3,0.5,1.5,28.8
60797,4,3,0.5,1.5,28.8
60818,4,3,0.5,1.5,28.8
60822,4,3,0.5,1.5,28.8
60858,4,3,0.5,1.5,28.8
61200,4,3,0.5,1.5,28.8
61261,4,3,0.5,1.5,28.8
61315,4,3,0.5,1.5,28.8
55889,5,4,0.4,1.6,24.2
21115,5,4,0.4,1.6,24.2
50832,5,4,0.4,1.6,24.2
50938,5,4,0.4,1.6,24.2
50922,5,4,0.4,1.6,24.2
50919,5,4,0.4,1.6,24.2
50907,5,4,0.4,1.6,24.2
50811,5,4,0.4,1.6,24.2
50789,5,4,0.4,1.6,24.2
50787,5,4,0.4,1.6,24.2
58588,5,4,0.4,1.6,24.2
58565,5,4,0.4,1.6,24.2
58521,5,4,0.4,1.6,24.2
58509,5,4,0.4,1.6,24.2
50709,5,4,0.4,1.6,24.2
50662,5,4,0.4,1.6,24.2
19058,5,4,0.4,1.6,24.2
19035,5,4,0.4,1.6,24.2
58662,5,4,0.4,1.6,24.2
58685,5,4,0.4,1.6,24.2
58680,5,4,0.4,1.6,24.2
50762,5,4,0.4,1.6,24.2
50730,5,4,0.4,1.6,24.2
26459,5,4,0.4,1.6,24.2
89812,5,4,0.4,1.6,24.2
26438,5,4,0.4,1.6,24.2
50615,5,4,0.4,1.6,24.2
58794,5,4,0.4,1.6,24.2
58761,5,4,0.4,1.6,24.2
58753,5,4,0.4,1.6,24.2
58750,5,4,0.4,1.6,24.2
21131,5,4,0.4,1.6,24.2
51059,5,4,0.4,1.6,24.2
50474,5,4,0.4,1.6,24.2
89431,5,4,0.4,1.6,24.2
50606,5,4,0.4,1.6,24.2
50586,5,4,0.4,1.6,24.2
50577,5,4,0.4,1.6,24.2
50528,5,4,0.4,1.6,24.2
21258,5,4,0.4,1.6,24.2
21213,5,4,0.4,1.6,24.2
50510,5,4,0.4,1.6,24.2
18984,5,4,0.4,1.6,24.2
50467,5,4,0.4,1.6,24.2
50464,5,4,0.4,1.6,24.2
50447,5,4,0.4,1.6,24.2
50440,5,4,0.4,1.6,24.2
50435,5,4,0.4,1.6,24.2
50195,5,4,0.4,1.6,24.2
50179,5,4,0.4,1.6,24.2
50303,5,4,0.4,1.6,24.2
19589,5,4,0.4,1.6,24.2
19581,5,4,0.4,1.6,24.2
55775,5,4,0.4,1.6,24.2
55699,5,4,0.4,1.6,24.2
58886,5,4,0.4,1.6,24.2
58857,5,4,0.4,1.6,24.2
51000,5,4,0.4,1.6,24.2
50945,5,4,0.4,1.6,24.2
21090,5,4,0.4,1.6,24.2
51147,5,4,0.4,1.6,24.2
18953,5,4,0.4,1.6,24.2
21270,5,4,0.4,1.6,24.2
21268,5,4,0.4,1.6,24.2
50175,5,4,0.4,1.6,24.2
50117,5,4,0.4,1.6,24.2
1125,5,4,0.4,1.6,24.2
26574,5,4,0.4,1.6,24.2
59162,5,4,0.4,1.6,24.2
59141,5,4,0.4,1.6,24.2
50060,5,4,0.4,1.6,24.2
50032,5,4,0.4,1.6,24.2
50029,5,4,0.4,1.6,24.2
49994,5,4,0.4,1.6,24.2
49974,5,4,0.4,1.6,24.2
49851,5,4,0.4,1.6,24.2
49936,5,4,0.4,1.6,24.2
49933,5,4,0.4,1.6,24.2
49930,5,4,0.4,1.6,24.2
49794,5,4,0.4,1.6,24.2
49731,5,4,0.4,1.6,24.2
21348,5,4,0.4,1.6,24.2
21343,5,4,0.4,1.6,24.2
19740,5,4,0.4,1.6,24.2
21114,5,4,0.4,1.6,24.2
49725,5,4,0.4,1.6,24.2
49697,5,4,0.4,1.6,24.2
49686,5,4,0.4,1.6,24.2
49823,5,4,0.4,1.6,24.2
49811,5,4,0.4,1.6,24.2
59300,5,4,0.4,1.6,24.2
59286,5,4,0.4,1.6,24.2
59233,5,4,0.4,1.6,24.2
59231,5,4,0.4,1.6,24.2
59198,5,4,0.4,1.6,24.2
59316,5,4,0.4,1.6,24.2
21378,5,4,0.4,1.6,24.2
49669,5,4,0.4,1.6,24.2
49668,5,4,0.4,1.6,24.2
49666,5,4,0.4,1.6,24.2
49637,5,4,0.4,1.6,24.2
49610,5,4,0.4,1.6,24.2
49599,5,4,0.4,1.6,24.2
49596,5,4,0.4,1.6,24.2
58436,5,4,0.4,1.6,24.2
26251,5,4,0.4,1.6,24.2
26246,5,4,0.4,1.6,24.2
26237,5,4,0.4,1.6,24.2
26675,5,4,0.4,1.6,24.2
26674,5,4,0.4,1.6,24.2
1309,5,4,0.4,1.6,24.2
58385,5,4,0.4,1.6,24.2
58384,5,4,0.4,1.6,24.2
58356,5,4,0.4,1.6,24.2
58349,5,4,0.4,1.6,24.2
58348,5,4,0.4,1.6,24.2
58329,5,4,0.4,1.6,24.2
58319,5,4,0.4,1.6,24.2
58309,5,4,0.4,1.6,24.2
58306,5,4,0.4,1.6,24.2
2270,5,4,0.4,1.6,24.2
86751,5,4,0.4,1.6,24.2
2085,5,4,0.4,1.6,24.2
26287,5,4,0.4,1.6,24.2
49586,5,4,0.4,1.6,24.2
49500,5,4,0.4,1.6,24.2
49492,5,4,0.4,1.6,24.2
49484,5,4,0.4,1.6,24.2
49428,5,4,0.4,1.6,24.2
49423,5,4,0.4,1.6,24.2
26815,5,4,0.4,1.6,24.2
26784,5,4,0.4,1.6,24.2
2720,5,4,0.4,1.6,24.2
87036,5,4,0.4,1.6,24.2
49342,5,4,0.4,1.6,24.2
59554,5,4,0.4,1.6,24.2
59501,5,4,0.4,1.6,24.2
59390,5,4,0.4,1.6,24.2
49276,5,4,0.4,1.6,24.2
49271,5,4,0.4,1.6,24.2
49255,5,4,0.4,1.6,24.2
49251,5,4,0.4,1.6,24.2
49331,5,4,0.4,1.6,24.2
21477,5,4,0.4,1.6,24.2
49183,5,4,0.4,1.6,24.2
49165,5,4,0.4,1.6,24.2
49149,5,4,0.4,1.6,24.2
49320,5,4,0.4,1.6,24.2
55473,5,4,0.4,1.6,24.2
55615,5,4,0.4,1.6,24.2
55593,5,4,0.4,1.6,24.2
55536,5,4,0.4,1.6,24.2
86513,5,4,0.4,1.6,24.2
49313,5,4,0.4,1.6,24.2
49312,5,4,0.4,1.6,24.2
49299,5,4,0.4,1.6,24.2
51249,5,4,0.4,1.6,24.2
51247,5,4,0.4,1.6,24.2
51240,5,4,0.4,1.6,24.2
51234,5,4,0.4,1.6,24.2
51204,5,4,0.4,1.6,24.2
51199,5,4,0.4,1.6,24.2
2879,5,4,0.4,1.6,24.2
86100,5,4,0.4,1.6,24.2
86377,5,4,0.4,1.6,24.2
86359,5,4,0.4,1.6,24.2
86336,5,4,0.4,1.6,24.2
26839,5,4,0.4,1.6,24.2
26832,5,4,0.4,1.6,24.2
26822,5,4,0.4,1.6,24.2
18891,5,4,0.4,1.6,24.2
49235,5,4,0.4,1.6,24.2
49025,5,4,0.4,1.6,24.2
49017,5,4,0.4,1.6,24.2
49140,5,4,0.4,1.6,24.2
49115,5,4,0.4,1.6,24.2
59592,5,4,0.4,1.6,24.2
59612,5,4,0.4,1.6,24.2
26869,5,4,0.4,1.6,24.2
2958,5,4,0.4,1.6,24.2
49048,5,4,0.4,1.6,24.2
49030,5,4,0.4,1.6,24.2
48883,5,4,0.4,1.6,24.2
48870,5,4,0.4,1.6,24.2
48859,5,4,0.4,1.6,24.2
49008,5,4,0.4,1.6,24.2
59732,5,4,0.4,1.6,24.2
59702,5,4,0.4,1.6,24.2
59682,5,4,0.4,1.6,24.2
48971,5,4,0.4,1.6,24.2
48954,5,4,0.4,1.6,24.2
48726,5,4,0.4,1.6,24.2
21594,5,4,0.4,1.6,24.2
21581,5,4,0.4,1.6,24.2
18782,5,4,0.4,1.6,24.2
18777,5,4,0.4,1.6,24.2
85652,5,4,0.4,1.6,24.2
26973,5,4,0.4,1.6,24.2
3544,5,4,0.4,1.6,24.2
26937,5,4,0.4,1.6,24.2
48652,5,4,0.4,1.6,24.2
48559,5,4,0.4,1.6,24.2
48845,5,4,0.4,1.6,24.2
48808,5,4,0.4,1.6,24.2
48787,5,4,0.4,1.6,24.2
48785,5,4,0.4,1.6,24.2
21077,5,4,0.4,1.6,24.2
21028,5,4,0.4,1.6,24.2
51453,5,4,0.4,1.6,24.2
51441,5,4,0.4,1.6,24.2
51427,5,4,0.4,1.6,24.2
59844,5,4,0.4,1.6,24.2
55445,5,4,0.4,1.6,24.2
55432,5,4,0.4,1.6,24.2
55360,5,4,0.4,1.6,24.2
55317,5,4,0.4,1.6,24.2
55313,5,4,0.4,1.6,24.2
55304,5,4,0.4,1.6,24.2
59819,5,4,0.4,1.6,24.2
59806,5,4,0.4,1.6,24.2
59788,5,4,0.4,1.6,24.2
18788,5,4,0.4,1.6,24.2
48711,5,4,0.4,1.6,24.2
48669,5,4,0.4,1.6,24.2
48464,5,4,0.4,1.6,24.2
21644,5,4,0.4,1.6,24.2
85556,5,4,0.4,1.6,24.2
48536,5,4,0.4,1.6,24.2
18741,5,4,0.4,1.6,24.2
18726,5,4,0.4,1.6,24.2
59958,5,4,0.4,1.6,24.2
48530,5,4,0.4,1.6,24.2
48477,5,4,0.4,1.6,24.2
48474,5,4,0.4,1.6,24.2
48471,5,4,0.4,1.6,24.2
48425,5,4,0.4,1.6,24.2
21712,5,4,0.4,1.6,24.2
48340,5,4,0.4,1.6,24.2
48339,5,4,0.4,1.6,24.2
48307,5,4,0.4,1.6,24.2
48304,5,4,0.4,1.6,24.2
4171,5,4,0.4,1.6,24.2
3733,5,4,0.4,1.6,24.2
27045,5,4,0.4,1.6,24.2
27026,5,4,0.4,1.6,24.2
85153,5,4,0.4,1.6,24.2
48283,5,4,0.4,1.6,24.2
48281,5,4,0.4,1.6,24.2
48280,5,4,0.4,1.6,24.2
48451,5,4,0.4,1.6,24.2
60166,5,4,0.4,1.6,24.2
60155,5,4,0.4,1.6,24.2
60099,5,4,0.4,1.6,24.2
60098,5,4,0.4,1.6,24.2
60074,5,4,0.4,1.6,24.2
18762,5,4,0.4,1.6,24.2
48347,5,4,0.4,1.6,24.2
48209,5,4,0.4,1.6,24.2
48278,5,4,0.4,1.6,24.2
27127,5,4,0.4,1.6,24.2
27106,5,4,0.4,1.6,24.2
21777,5,4,0.4,1.6,24.2
21758,5,4,0.4,1.6,24.2
60188,5,4,0.4,1.6,24.2
18687,5,4,0.4,1.6,24.2
18627,5,4,0.4,1.6,24.2
48276,5,4,0.4,1.6,24.2
48274,5,4,0.4,1.6,24.2
48273,5,4,0.4,1.6,24.2
48089,5,4,0.4,1.6,24.2
48205,5,4,0.4,1.6,24.2
48204,5,4,0.4,1.6,24.2
48165,5,4,0.4,1.6,24.2
48129,5,4,0.4,1.6,24.2
27200,5,4,0.4,1.6,24.2
84350,5,4,0.4,1.6,24.2
4179,5,4,0.4,1.6,24.2
84696,5,4,0.4,1.6,24.2
27167,5,4,0.4,1.6,24.2
51376,5,4,0.4,1.6,24.2
51337,5,4,0.4,1.6,24.2
60237,5,4,0.4,1.6,24.2
60221,5,4,0.4,1.6,24.2
21791,5,4,0.4,1.6,24.2
21778,5,4,0.4,1.6,24.2
48034,5,4,0.4,1.6,24.2
48029,5,4,0.4,1.6,24.2
21860,5,4,0.4,1.6,24.2
60392,5,4,0.4,1.6,24.2
60345,5,4,0.4,1.6,24.2
60311,5,4,0.4,1.6,24.2
47861,5,4,0.4,1.6,24.2
56298,5,4,0.4,1.6,24.2
56294,5,4,0.4,1.6,24.2
56285,5,4,0.4,1.6,24.2
56168,5,4,0.4,1.6,24.2
55466,5,4,0.4,1.6,24.2
4190,5,4,0.4,1.6,24.2
27237,5,4,0.4,1.6,24.2
47993,5,4,0.4,1.6,24.2
47992,5,4,0.4,1.6,24.2
47964,5,4,0.4,1.6,24.2
47955,5,4,0.4,1.6,24.2
47940,5,4,0.4,1.6,24.2
47936,5,4,0.4,1.6,24.2
18568,5,4,0.4,1.6,24.2
18541,5,4,0.4,1.6,24.2
83826,5,4,0.4,1.6,24.2
4541,5,4,0.4,1.6,24.2
26184,5,4,0.4,1.6,24.2
56301,5,4,0.4,1.6,24.2
47924,5,4,0.4,1.6,24.2
47908,5,4,0.4,1.6,24.2
47789,5,4,0.4,1.6,24.2
60477,5,4,0.4,1.6,24.2
60444,5,4,0.4,1.6,24.2
47834,5,4,0.4,1.6,24.2
47833,5,4,0.4,1.6,24.2
47675,5,4,0.4,1.6,24.2
47674,5,4,0.4,1.6,24.2
21945,5,4,0.4,1.6,24.2
21919,5,4,0.4,1.6,24.2
83747,5,4,0.4,1.6,24.2
83732,5,4,0.4,1.6,24.2
83726,5,4,0.4,1.6,24.2
83722,5,4,0.4,1.6,24.2
27316,5,4,0.4,1.6,24.2
27272,5,4,0.4,1.6,24.2
27261,5,4,0.4,1.6,24.2
27248,5,4,0.4,1.6,24.2
83908,5,4,0.4,1.6,24.2
18393,5,4,0.4,1.6,24.2
18363,5,4,0.4,1.6,24.2
21916,5,4,0.4,1.6,24.2
21913,5,4,0.4,1.6,24.2
47780,5,4,0.4,1.6,24.2
47683,5,4,0.4,1.6,24.2
83361,5,4,0.4,1.6,24.2
4636,5,4,0.4,1.6,24.2
27341,5,4,0.4,1.6,24.2
27332,5,4,0.4,1.6,24.2
27331,5,4,0.4,1.6,24.2
47672,5,4,0.4,1.6,24.2
51586,5,4,0.4,1.6,24.2
51575,5,4,0.4,1.6,24.2
51565,5,4,0.4,1.6,24.2
51559,5,4,0.4,1.6,24.2
51535,5,4,0.4,1.6,24.2
47510,5,4,0.4,1.6,24.2
47604,5,4,0.4,1.6,24.2
18201,5,4,0.4,1.6,24.2
60755,5,4,0.4,1.6,24.2
60743,5,4,0.4,1.6,24.2
47464,5,4,0.4,1.6,24.2
47433,5,4,0.4,1.6,24.2
47432,5,4,0.4,1.6,24.2
4871,5,4,0.4,1.6,24.2
83591,5,4,0.4,1.6,24.2
47430,5,4,0.4,1.6,24.2
21954,5,4,0.4,1.6,24.2
60966,5,4,0.4,1.6,24.2
60871,5,4,0.4,1.6,24.2
60854,5,4,0.4,1.6,24.2
18276,5,4,0.4,1.6,24.2
47483,5,4,0.4,1.6,24.2
47477,5,4,0.4,1.6,24.2
47363,5,4,0.4,1.6,24.2
47316,5,4,0.4,1.6,24.2
47408,5,4,0.4,1.6,24.2
27478,5,4,0.4,1.6,24.2
27472,5,4,0.4,1.6,24.2
27452,5,4,0.4,1.6,24.2
83293,5,4,0.4,1.6,24.2
83292,5,4,0.4,1.6,24.2
83284,5,4,0.4,1.6,24.2
61035,5,4,0.4,1.6,24.2
61128,5,4,0.4,1.6,24.2
61125,5,4,0.4,1.6,24.2
61105,5,4,0.4,1.6,24.2
18056,5,4,0.4,1.6,24.2
47189,5,4,0.4,1.6,24.2
47001,5,4,0.4,1.6,24.2
46997,5,4,0.4,1.6,24.2
22113,5,4,0.4,1.6,24.2
61188,5,4,0.4,1.6,24.2
61187,5,4,0.4,1.6,24.2
55300,5,4,0.4,1.6,24.2
55298,5,4,0.4,1.6,24.2
83154,5,4,0.4,1.6,24.2
51495,5,4,0.4,1.6,24.2
51486,5,4,0.4,1.6,24.2
51676,5,4,0.4,1.6,24.2
51653,5,4,0.4,1.6,24.2
46941,5,4,0.4,1.6,24.2
46795,5,4,0.4,1.6,24.2
46757,5,4,0.4,1.6,24.2
22130,5,4,0.4,1.6,24.2
46731,5,4,0.4,1.6,24.2
46676,5,4,0.4,1.6,24.2
46673,5,4,0.4,1.6,24.2
46645,5,4,0.4,1.6,24.2
46639,5,4,0.4,1.6,24.2
61449,5,4,0.4,1.6,24.2
61438,5,4,0.4,1.6,24.2
61276,5,4,0.4,1.6,24.2
83091,5,4,0.4,1.6,24.2
26120,5,4,0.4,1.6,24.2
5012,5,4,0.4,1.6,24.2
5085,5,4,0.4,1.6,24.2
5071,5,4,0.4,1.6,24.2
46566,5,4,0.4,1.6,24.2
61470,5,4,0.4,1.6,24.2
51602,5,4,0.4,1.6,24.2
51718,5,4,0.4,1.6,24.2
51697,5,4,0.4,1.6,24.2
51690,5,4,0.4,1.6,24.2
51688,5,4,0.4,1.6,24.2
82491,5,4,0.4,1.6,24.2
5069,5,4,0.4,1.6,24.2
27527,5,4,0.4,1.6,24.2
27514,5,4,0.4,1.6,24.2
82748,5,4,0.4,1.6,24.2
5119,5,4,0.4,1.6,24.2
46441,5,4,0.4,1.6,24.2
46125,5,4,0.4,1.6,24.2
61511,5,4,0.4,1.6,24.2
46277,5,4,0.4,1.6,24.2
46249,5,4,0.4,1.6,24.2
46216,5,4,0.4,1.6,24.2
45883,5,4,0.4,1.6,24.2
46012,5,4,0.4,1.6,24.2
45990,5,4,0.4,1.6,24.2
61695,5,4,0.4,1.6,24.2
61521,5,4,0.4,1.6,24.2
82230,5,4,0.4,1.6,24.2
5234,5,4,0.4,1.6,24.2
82572,5,4,0.4,1.6,24.2
45950,5,4,0.4,1.6,24.2
45940,5,4,0.4,1.6,24.2
22218,5,4,0.4,1.6,24.2
45823,5,4,0.4,1.6,24.2
61779,5,4,0.4,1.6,24.2
61755,5,4,0.4,1.6,24.2
51842,5,4,0.4,1.6,24.2
20963,5,4,0.4,1.6,24.2
20949,5,4,0.4,1.6,24.2
45788,5,4,0.4,1.6,24.2
45702,5,4,0.4,1.6,24.2
17779,5,4,0.4,1.6,24.2
27640,5,4,0.4,1.6,24.2
5561,5,4,0.4,1.6,24.2
82165,5,4,0.4,1.6,24.2
82489,5,4,0.4,1.6,24.2
82421,5,4,0.4,1.6,24.2
82355,5,4,0.4,1.6,24.2
82351,5,4,0.4,1.6,24.2
5511,5,4,0.4,1.6,24.2
27614,5,4,0.4,1.6,24.2
27604,5,4,0.4,1.6,24.2
22270,5,4,0.4,1.6,24.2
45449,5,4,0.4,1.6,24.2
45442,5,4,0.4,1.6,24.2
61870,5,4,0.4,1.6,24.2
45275,5,4,0.4,1.6,24.2
45268,5,4,0.4,1.6,24.2
45244,5,4,0.4,1.6,24.2
58154,5,4,0.4,1.6,24.2
82103,5,4,0.4,1.6,24.2
5643,5,4,0.4,1.6,24.2
82185,5,4,0.4,1.6,24.2
5569,5,4,0.4,1.6,24.2
58115,5,4,0.4,1.6,24.2
58095,5,4,0.4,1.6,24.2
51917,5,4,0.4,1.6,24.2
51916,5,4,0.4,1.6,24.2
51915,5,4,0.4,1.6,24.2
51910,5,4,0.4,1.6,24.2
51902,5,4,0.4,1.6,24.2
51887,5,4,0.4,1.6,24.2
45234,5,4,0.4,1.6,24.2
45229,5,4,0.4,1.6,24.2
55240,5,4,0.4,1.6,24.2
55180,5,4,0.4,1.6,24.2
82162,5,4,0.4,1.6,24.2
22353,5,4,0.4,1.6,24.2
22330,5,4,0.4,1.6,24.2
17540,5,4,0.4,1.6,24.2
44976,5,4,0.4,1.6,24.2
44966,5,4,0.4,1.6,24.2
44819,5,4,0.4,1.6,24.2
45222,5,4,0.4,1.6,24.2
45115,5,4,0.4,1.6,24.2
61904,5,4,0.4,1.6,24.2
61876,5,4,0.4,1.6,24.2
45088,5,4,0.4,1.6,24.2
45006,5,4,0.4,1.6,24.2
44569,5,4,0.4,1.6,24.2
44818,5,4,0.4,1.6,24.2
22400,5,4,0.4,1.6,24.2
22357,5,4,0.4,1.6,24.2
22355,5,4,0.4,1.6,24.2
62023,5,4,0.4,1.6,24.2
61993,5,4,0.4,1.6,24.2
6060,5,4,0.4,1.6,24.2
81626,5,4,0.4,1.6,24.2
81589,5,4,0.4,1.6,24.2
17498,5,4,0.4,1.6,24.2
17463,5,4,0.4,1.6,24.2
44730,5,4,0.4,1.6,24.2
44713,5,4,0.4,1.6,24.2
44694,5,4,0.4,1.6,24.2
44611,5,4,0.4,1.6,24.2
51858,5,4,0.4,1.6,24.2
44558,5,4,0.4,1.6,24.2
81449,5,4,0.4,1.6,24.2
6340,5,4,0.4,1.6,24.2
27810,5,4,0.4,1.6,24.2
22507,5,4,0.4,1.6,24.2
22449,5,4,0.4,1.6,24.2
44430,5,4,0.4,1.6,24.2
44360,5,4,0.4,1.6,24.2
44308,5,4,0.4,1.6,24.2
62113,5,4,0.4,1.6,24.2
62101,5,4,0.4,1.6,24.2
62095,5,4,0.4,1.6,24.2
44184,5,4,0.4,1.6,24.2
44180,5,4,0.4,1.6,24.2
44086,5,4,0.4,1.6,24.2
44080,5,4,0.4,1.6,24.2
54943,5,4,0.4,1.6,24.2
54927,5,4,0.4,1.6,24.2
54922,5,4,0.4,1.6,24.2
55081,5,4,0.4,1.6,24.2
19873,5,4,0.4,1.6,24.2
56309,5,4,0.4,1.6,24.2
19569,5,4,0.4,1.6,24.2
17375,5,4,0.4,1.6,24.2
62219,5,4,0.4,1.6,24.2
62169,5,4,0.4,1.6,24.2
62161,5,4,0.4,1.6,24.2
62159,5,4,0.4,1.6,24.2
62137,5,4,0.4,1.6,24.2
44107,5,4,0.4,1.6,24.2
51918,5,4,0.4,1.6,24.2
52032,5,4,0.4,1.6,24.2
52006,5,4,0.4,1.6,24.2
44009,5,4,0.4,1.6,24.2
44001,5,4,0.4,1.6,24.2
81184,5,4,0.4,1.6,24.2
27813,5,4,0.4,1.6,24.2
27898,5,4,0.4,1.6,24.2
27851,5,4,0.4,1.6,24.2
27848,5,4,0.4,1.6,24.2
6330,5,4,0.4,1.6,24.2
81336,5,4,0.4,1.6,24.2
81327,5,4,0.4,1.6,24.2
62270,5,4,0.4,1.6,24.2
62349,5,4,0.4,1.6,24.2
43751,5,4,0.4,1.6,24.2
43550,5,4,0.4,1.6,24.2
22602,5,4,0.4,1.6,24.2
22598,5,4,0.4,1.6,24.2
25924,5,4,0.4,1.6,24.2
25923,5,4,0.4,1.6,24.2
27920,5,4,0.4,1.6,24.2
27908,5,4,0.4,1.6,24.2
81195,5,4,0.4,1.6,24.2
43691,5,4,0.4,1.6,24.2
17308,5,4,0.4,1.6,24.2
62501,5,4,0.4,1.6,24.2
62495,5,4,0.4,1.6,24.2
62491,5,4,0.4,1.6,24.2
62453,5,4,0.4,1.6,24.2
17345,5,4,0.4,1.6,24.2
43495,5,4,0.4,1.6,24.2
43443,5,4,0.4,1.6,24.2
62585,5,4,0.4,1.6,24.2
62567,5,4,0.4,1.6,24.2
17183,5,4,0.4,1.6,24.2
43407,5,4,0.4,1.6,24.2
43334,5,4,0.4,1.6,24.2
43215,5,4,0.4,1.6,24.2
80730,5,4,0.4,1.6,24.2
80719,5,4,0.4,1.6,24.2
80714,5,4,0.4,1.6,24.2
80713,5,4,0.4,1.6,24.2
80662,5,4,0.4,1.6,24.2
81043,5,4,0.4,1.6,24.2
27963,5,4,0.4,1.6,24.2
25962,5,4,0.4,1.6,24.2
25931,5,4,0.4,1.6,24.2
19138,5,4,0.4,1.6,24.2
52106,5,4,0.4,1.6,24.2
42966,5,4,0.4,1.6,24.2
43209,5,4,0.4,1.6,24.2
80618,5,4,0.4,1.6,24.2
80599,5,4,0.4,1.6,24.2
80588,5,4,0.4,1.6,24.2
27989,5,4,0.4,1.6,24.2
43206,5,4,0.4,1.6,24.2
43142,5,4,0.4,1.6,24.2
43059,5,4,0.4,1.6,24.2
43030,5,4,0.4,1.6,24.2
17044,5,4,0.4,1.6,24.2
62763,5,4,0.4,1.6,24.2
62710,5,4,0.4,1.6,24.2
22758,5,4,0.4,1.6,24.2
22718,5,4,0.4,1.6,24.2
22711,5,4,0.4,1.6,24.2
42818,5,4,0.4,1.6,24.2
42754,5,4,0.4,1.6,24.2
19513,5,4,0.4,1.6,24.2
56399,5,4,0.4,1.6,24.2
56382,5,4,0.4,1.6,24.2
56369,5,4,0.4,1.6,24.2
54992,5,4,0.4,1.6,24.2
54961,5,4,0.4,1.6,24.2
80631,5,4,0.4,1.6,24.2
80620,5,4,0.4,1.6,24.2
52069,5,4,0.4,1.6,24.2
52141,5,4,0.4,1.6,24.2
52132,5,4,0.4,1.6,24.2
22771,5,4,0.4,1.6,24.2
42727,5,4,0.4,1.6,24.2
42702,5,4,0.4,1.6,24.2
42591,5,4,0.4,1.6,24.2
7211,5,4,0.4,1.6,24.2
28069,5,4,0.4,1.6,24.2
80407,5,4,0.4,1.6,24.2
80381,5,4,0.4,1.6,24.2
42493,5,4,0.4,1.6,24.2
42491,5,4,0.4,1.6,24.2
62958,5,4,0.4,1.6,24.2
62907,5,4,0.4,1.6,24.2
62904,5,4,0.4,1.6,24.2
62870,5,4,0.4,1.6,24.2
62827,5,4,0.4,1.6,24.2
62826,5,4,0.4,1.6,24.2
16919,5,4,0.4,1.6,24.2
63041,5,4,0.4,1.6,24.2
42469,5,4,0.4,1.6,24.2
80030,5,4,0.4,1.6,24.2
80324,5,4,0.4,1.6,24.2
28093,5,4,0.4,1.6,24.2
28092,5,4,0.4,1.6,24.2
28075,5,4,0.4,1.6,24.2
80240,5,4,0.4,1.6,24.2
22829,5,4,0.4,1.6,24.2
63038,5,4,0.4,1.6,24.2
42441,5,4,0.4,1.6,24.2
42409,5,4,0.4,1.6,24.2
42364,5,4,0.4,1.6,24.2
42363,5,4,0.4,1.6,24.2
42346,5,4,0.4,1.6,24.2
42333,5,4,0.4,1.6,24.2
42325,5,4,0.4,1.6,24.2
42321,5,4,0.4,1.6,24.2
42315,5,4,0.4,1.6,24.2
28159,5,4,0.4,1.6,24.2
79950,5,4,0.4,1.6,24.2
80073,5,4,0.4,1.6,24.2
80046,5,4,0.4,1.6,24.2
63158,5,4,0.4,1.6,24.2
63144,5,4,0.4,1.6,24.2
63130,5,4,0.4,1.6,24.2
63123,5,4,0.4,1.6,24.2
63067,5,4,0.4,1.6,24.2
42248,5,4,0.4,1.6,24.2
42121,5,4,0.4,1.6,24.2
42084,5,4,0.4,1.6,24.2
63182,5,4,0.4,1.6,24.2
57994,5,4,0.4,1.6,24.2
57980,5,4,0.4,1.6,24.2
57967,5,4,0.4,1.6,24.2
57961,5,4,0.4,1.6,24.2
57960,5,4,0.4,1.6,24.2
57882,5,4,0.4,1.6,24.2
79931,5,4,0.4,1.6,24.2
28221,5,4,0.4,1.6,24.2
7221,5,4,0.4,1.6,24.2
28203,5,4,0.4,1.6,24.2
22881,5,4,0.4,1.6,24.2
41987,5,4,0.4,1.6,24.2
41814,5,4,0.4,1.6,24.2
41967,5,4,0.4,1.6,24.2
41952,5,4,0.4,1.6,24.2
41932,5,4,0.4,1.6,24.2
63272,5,4,0.4,1.6,24.2
63248,5,4,0.4,1.6,24.2
63207,5,4,0.4,1.6,24.2
63202,5,4,0.4,1.6,24.2
20030,5,4,0.4,1.6,24.2
54912,5,4,0.4,1.6,24.2
54864,5,4,0.4,1.6,24.2
54859,5,4,0.4,1.6,24.2
79940,5,4,0.4,1.6,24.2
79939,5,4,0.4,1.6,24.2
63362,5,4,0.4,1.6,24.2
41792,5,4,0.4,1.6,24.2
41786,5,4,0.4,1.6,24.2
41783,5,4,0.4,1.6,24.2
22921,5,4,0.4,1.6,24.2
63299,5,4,0.4,1.6,24.2
63289,5,4,0.4,1.6,24.2
41632,5,4,0.4,1.6,24.2
41746,5,4,0.4,1.6,24.2
41732,5,4,0.4,1.6,24.2
41731,5,4,0.4,1.6,24.2
41728,5,4,0.4,1.6,24.2
7393,5,4,0.4,1.6,24.2
28319,5,4,0.4,1.6,24.2
28309,5,4,0.4,1.6,24.2
28264,5,4,0.4,1.6,24.2
28261,5,4,0.4,1.6,24.2
79730,5,4,0.4,1.6,24.2
54717,5,4,0.4,1.6,24.2
41580,5,4,0.4,1.6,24.2
41558,5,4,0.4,1.6,24.2
41691,5,4,0.4,1.6,24.2
41681,5,4,0.4,1.6,24.2
41680,5,4,0.4,1.6,24.2
79717,5,4,0.4,1.6,24.2
79691,5,4,0.4,1.6,24.2
28339,5,4,0.4,1.6,24.2
28324,5,4,0.4,1.6,24.2
7422,5,4,0.4,1.6,24.2
41656,5,4,0.4,1.6,24.2
63452,5,4,0.4,1.6,24.2
63426,5,4,0.4,1.6,24.2
63409,5,4,0.4,1.6,24.2
63400,5,4,0.4,1.6,24.2
63384,5,4,0.4,1.6,24.2
41620,5,4,0.4,1.6,24.2
41611,5,4,0.4,1.6,24.2
63478,5,4,0.4,1.6,24.2
41519,5,4,0.4,1.6,24.2
41517,5,4,0.4,1.6,24.2
41515,5,4,0.4,1.6,24.2
41414,5,4,0.4,1.6,24.2
63475,5,4,0.4,1.6,24.2
63460,5,4,0.4,1.6,24.2
79569,5,4,0.4,1.6,24.2
25848,5,4,0.4,1.6,24.2
25832,5,4,0.4,1.6,24.2
79565,5,4,0.4,1.6,24.2
79544,5,4,0.4,1.6,24.2
79526,5,4,0.4,1.6,24.2
52336,5,4,0.4,1.6,24.2
52326,5,4,0.4,1.6,24.2
52318,5,4,0.4,1.6,24.2
52285,5,4,0.4,1.6,24.2
52266,5,4,0.4,1.6,24.2
52251,5,4,0.4,1.6,24.2
28472,5,4,0.4,1.6,24.2
28458,5,4,0.4,1.6,24.2
79158,5,4,0.4,1.6,24.2
79151,5,4,0.4,1.6,24.2
7564,5,4,0.4,1.6,24.2
41355,5,4,0.4,1.6,24.2
22990,5,4,0.4,1.6,24.2
41408,5,4,0.4,1.6,24.2
41388,5,4,0.4,1.6,24.2
63481,5,4,0.4,1.6,24.2
63544,5,4,0.4,1.6,24.2
63536,5,4,0.4,1.6,24.2
41377,5,4,0.4,1.6,24.2
41371,5,4,0.4,1.6,24.2
41369,5,4,0.4,1.6,24.2
41361,5,4,0.4,1.6,24.2
79084,5,4,0.4,1.6,24.2
79066,5,4,0.4,1.6,24.2
79427,5,4,0.4,1.6,24.2
79422,5,4,0.4,1.6,24.2
79280,5,4,0.4,1.6,24.2
28540,5,4,0.4,1.6,24.2
28516,5,4,0.4,1.6,24.2
23068,5,4,0.4,1.6,24.2
16438,5,4,0.4,1.6,24.2
16501,5,4,0.4,1.6,24.2
16484,5,4,0.4,1.6,24.2
41312,5,4,0.4,1.6,24.2
41300,5,4,0.4,1.6,24.2
41298,5,4,0.4,1.6,24.2
41114,5,4,0.4,1.6,24.2
41096,5,4,0.4,1.6,24.2
41212,5,4,0.4,1.6,24.2
28605,5,4,0.4,1.6,24.2
28565,5,4,0.4,1.6,24.2
63757,5,4,0.4,1.6,24.2
63729,5,4,0.4,1.6,24.2
63727,5,4,0.4,1.6,24.2
63700,5,4,0.4,1.6,24.2
63699,5,4,0.4,1.6,24.2
41173,5,4,0.4,1.6,24.2
16359,5,4,0.4,1.6,24.2
40963,5,4,0.4,1.6,24.2
40947,5,4,0.4,1.6,24.2
40888,5,4,0.4,1.6,24.2
40874,5,4,0.4,1.6,24.2
40863,5,4,0.4,1.6,24.2
63770,5,4,0.4,1.6,24.2
25791,5,4,0.4,1.6,24.2
7934,5,4,0.4,1.6,24.2
79052,5,4,0.4,1.6,24.2
79024,5,4,0.4,1.6,24.2
28627,5,4,0.4,1.6,24.2
40799,5,4,0.4,1.6,24.2
40782,5,4,0.4,1.6,24.2
23094,5,4,0.4,1.6,24.2
63788,5,4,0.4,1.6,24.2
63776,5,4,0.4,1.6,24.2
16215,5,4,0.4,1.6,24.2
63796,5,4,0.4,1.6,24.2
23070,5,4,0.4,1.6,24.2
40836,5,4,0.4,1.6,24.2
40801,5,4,0.4,1.6,24.2
20812,5,4,0.4,1.6,24.2
78755,5,4,0.4,1.6,24.2
78734,5,4,0.4,1.6,24.2
78777,5,4,0.4,1.6,24.2
52409,5,4,0.4,1.6,24.2
52407,5,4,0.4,1.6,24.2
52406,5,4,0.4,1.6,24.2
52385,5,4,0.4,1.6,24.2
40737,5,4,0.4,1.6,24.2
40663,5,4,0.4,1.6,24.2
40662,5,4,0.4,1.6,24.2
40640,5,4,0.4,1.6,24.2
40605,5,4,0.4,1.6,24.2
40604,5,4,0.4,1.6,24.2
40579,5,4,0.4,1.6,24.2
40520,5,4,0.4,1.6,24.2
40459,5,4,0.4,1.6,24.2
40439,5,4,0.4,1.6,24.2
16075,5,4,0.4,1.6,24.2
63909,5,4,0.4,1.6,24.2
63893,5,4,0.4,1.6,24.2
63892,5,4,0.4,1.6,24.2
63888,5,4,0.4,1.6,24.2
63885,5,4,0.4,1.6,24.2
63863,5,4,0.4,1.6,24.2
16276,5,4,0.4,1.6,24.2
40408,5,4,0.4,1.6,24.2
56444,5,4,0.4,1.6,24.2
19518,5,4,0.4,1.6,24.2
54823,5,4,0.4,1.6,24.2
54817,5,4,0.4,1.6,24.2
54790,5,4,0.4,1.6,24.2
7923,5,4,0.4,1.6,24.2
28769,5,4,0.4,1.6,24.2
28712,5,4,0.4,1.6,24.2
56483,5,4,0.4,1.6,24.2
40344,5,4,0.4,1.6,24.2
63955,5,4,0.4,1.6,24.2
23190,5,4,0.4,1.6,24.2
40012,5,4,0.4,1.6,24.2
40145,5,4,0.4,1.6,24.2
64046,5,4,0.4,1.6,24.2
40080,5,4,0.4,1.6,24.2
40032,5,4,0.4,1.6,24.2
64101,5,4,0.4,1.6,24.2
40011,5,4,0.4,1.6,24.2
39945,5,4,0.4,1.6,24.2
64099,5,4,0.4,1.6,24.2
52371,5,4,0.4,1.6,24.2
28705,5,4,0.4,1.6,24.2
28792,5,4,0.4,1.6,24.2
28785,5,4,0.4,1.6,24.2
28773,5,4,0.4,1.6,24.2
28771,5,4,0.4,1.6,24.2
28770,5,4,0.4,1.6,24.2
78381,5,4,0.4,1.6,24.2
23217,5,4,0.4,1.6,24.2
64109,5,4,0.4,1.6,24.2
64218,5,4,0.4,1.6,24.2
64201,5,4,0.4,1.6,24.2
64200,5,4,0.4,1.6,24.2
39879,5,4,0.4,1.6,24.2
39877,5,4,0.4,1.6,24.2
39822,5,4,0.4,1.6,24.2
64264,5,4,0.4,1.6,24.2
64261,5,4,0.4,1.6,24.2
15828,5,4,0.4,1.6,24.2
64335,5,4,0.4,1.6,24.2
64333,5,4,0.4,1.6,24.2
8210,5,4,0.4,1.6,24.2
78310,5,4,0.4,1.6,24.2
28861,5,4,0.4,1.6,24.2
28853,5,4,0.4,1.6,24.2
78215,5,4,0.4,1.6,24.2
39680,5,4,0.4,1.6,24.2
39530,5,4,0.4,1.6,24.2
39615,5,4,0.4,1.6,24.2
64424,5,4,0.4,1.6,24.2
64402,5,4,0.4,1.6,24.2
64361,5,4,0.4,1.6,24.2
15762,5,4,0.4,1.6,24.2
28910,5,4,0.4,1.6,24.2
78193,5,4,0.4,1.6,24.2
78190,5,4,0.4,1.6,24.2
78099,5,4,0.4,1.6,24.2
28889,5,4,0.4,1.6,24.2
28887,5,4,0.4,1.6,24.2
39380,5,4,0.4,1.6,24.2
64492,5,4,0.4,1.6,24.2
64452,5,4,0.4,1.6,24.2
64447,5,4,0.4,1.6,24.2
15560,5,4,0.4,1.6,24.2
64528,5,4,0.4,1.6,24.2
64517,5,4,0.4,1.6,24.2
39378,5,4,0.4,1.6,24.2
39126,5,4,0.4,1.6,24.2
39364,5,4,0.4,1.6,24.2
39344,5,4,0.4,1.6,24.2
39339,5,4,0.4,1.6,24.2
39276,5,4,0.4,1.6,24.2
28959,5,4,0.4,1.6,24.2
78086,5,4,0.4,1.6,24.2
78074,5,4,0.4,1.6,24.2
78069,5,4,0.4,1.6,24.2
39246,5,4,0.4,1.6,24.2
39241,5,4,0.4,1.6,24.2
39043,5,4,0.4,1.6,24.2
52569,5,4,0.4,1.6,24.2
20720,5,4,0.4,1.6,24.2
64691,5,4,0.4,1.6,24.2
39050,5,4,0.4,1.6,24.2
23480,5,4,0.4,1.6,24.2
23475,5,4,0.4,1.6,24.2
23460,5,4,0.4,1.6,24.2
38975,5,4,0.4,1.6,24.2
38966,5,4,0.4,1.6,24.2
64703,5,4,0.4,1.6,24.2
64701,5,4,0.4,1.6,24.2
29048,5,4,0.4,1.6,24.2
77894,5,4,0.4,1.6,24.2
8274,5,4,0.4,1.6,24.2
78008,5,4,0.4,1.6,24.2
29015,5,4,0.4,1.6,24.2
38924,5,4,0.4,1.6,24.2
38901,5,4,0.4,1.6,24.2
38885,5,4,0.4,1.6,24.2
38877,5,4,0.4,1.6,24.2
38641,5,4,0.4,1.6,24.2
38865,5,4,0.4,1.6,24.2
38815,5,4,0.4,1.6,24.2
38790,5,4,0.4,1.6,24.2
64811,5,4,0.4,1.6,24.2
64807,5,4,0.4,1.6,24.2
64763,5,4,0.4,1.6,24.2
64750,5,4,0.4,1.6,24.2
54590,5,4,0.4,1.6,24.2
56502,5,4,0.4,1.6,24.2
56499,5,4,0.4,1.6,24.2
56496,5,4,0.4,1.6,24.2
77906,5,4,0.4,1.6,24.2
64737,5,4,0.4,1.6,24.2
64726,5,4,0.4,1.6,24.2
23489,5,4,0.4,1.6,24.2
64836,5,4,0.4,1.6,24.2
64821,5,4,0.4,1.6,24.2
20669,5,4,0.4,1.6,24.2
20662,5,4,0.4,1.6,24.2
52614,5,4,0.4,1.6,24.2
52604,5,4,0.4,1.6,24.2
77698,5,4,0.4,1.6,24.2
77674,5,4,0.4,1.6,24.2
77670,5,4,0.4,1.6,24.2
77863,5,4,0.4,1.6,24.2
77753,5,4,0.4,1.6,24.2
77720,5,4,0.4,1.6,24.2
38579,5,4,0.4,1.6,24.2
38574,5,4,0.4,1.6,24.2
38565,5,4,0.4,1.6,24.2
38501,5,4,0.4,1.6,24.2
38490,5,4,0.4,1.6,24.2
38462,5,4,0.4,1.6,24.2
29125,5,4,0.4,1.6,24.2
8369,5,4,0.4,1.6,24.2
25619,5,4,0.4,1.6,24.2
64923,5,4,0.4,1.6,24.2
64916,5,4,0.4,1.6,24.2
38371,5,4,0.4,1.6,24.2
38370,5,4,0.4,1.6,24.2
64843,5,4,0.4,1.6,24.2
64842,5,4,0.4,1.6,24.2
23652,5,4,0.4,1.6,24.2
38340,5,4,0.4,1.6,24.2
38339,5,4,0.4,1.6,24.2
38325,5,4,0.4,1.6,24.2
38321,5,4,0.4,1.6,24.2
65029,5,4,0.4,1.6,24.2
65028,5,4,0.4,1.6,24.2
65023,5,4,0.4,1.6,24.2
65022,5,4,0.4,1.6,24.2
65021,5,4,0.4,1.6,24.2
65010,5,4,0.4,1.6,24.2
15323,5,4,0.4,1.6,24.2
38309,5,4,0.4,1.6,24.2
29223,5,4,0.4,1.6,24.2
29203,5,4,0.4,1.6,24.2
29201,5,4,0.4,1.6,24.2
29200,5,4,0.4,1.6,24.2
77523,5,4,0.4,1.6,24.2
77519,5,4,0.4,1.6,24.2
29173,5,4,0.4,1.6,24.2
38275,5,4,0.4,1.6,24.2
38157,5,4,0.4,1.6,24.2
65031,5,4,0.4,1.6,24.2
29289,5,4,0.4,1.6,24.2
77462,5,4,0.4,1.6,24.2
77605,5,4,0.4,1.6,24.2
15131,5,4,0.4,1.6,24.2
15103,5,4,0.4,1.6,24.2
65054,5,4,0.4,1.6,24.2
38120,5,4,0.4,1.6,24.2
23733,5,4,0.4,1.6,24.2
23721,5,4,0.4,1.6,24.2
57674,5,4,0.4,1.6,24.2
57660,5,4,0.4,1.6,24.2
57641,5,4,0.4,1.6,24.2
19219,5,4,0.4,1.6,24.2
52691,5,4,0.4,1.6,24.2
65122,5,4,0.4,1.6,24.2
38094,5,4,0.4,1.6,24.2
38092,5,4,0.4,1.6,24.2
38048,5,4,0.4,1.6,24.2
38026,5,4,0.4,1.6,24.2
38013,5,4,0.4,1.6,24.2
37990,5,4,0.4,1.6,24.2
37987,5,4,0.4,1.6,24.2
37955,5,4,0.4,1.6,24.2
37701,5,4,0.4,1.6,24.2
37938,5,4,0.4,1.6,24.2
54648,5,4,0.4,1.6,24.2
54633,5,4,0.4,1.6,24.2
54623,5,4,0.4,1.6,24.2
54616,5,4,0.4,1.6,24.2
54613,5,4,0.4,1.6,24.2
77515,5,4,0.4,1.6,24.2
37924,5,4,0.4,1.6,24.2
14985,5,4,0.4,1.6,24.2
65337,5,4,0.4,1.6,24.2
29324,5,4,0.4,1.6,24.2
29312,5,4,0.4,1.6,24.2
77452,5,4,0.4,1.6,24.2
77380,5,4,0.4,1.6,24.2
77325,5,4,0.4,1.6,24.2
54413,5,4,0.4,1.6,24.2
65286,5,4,0.4,1.6,24.2
65269,5,4,0.4,1.6,24.2
37831,5,4,0.4,1.6,24.2
37779,5,4,0.4,1.6,24.2
37773,5,4,0.4,1.6,24.2
37599,5,4,0.4,1.6,24.2
37594,5,4,0.4,1.6,24.2
37584,5,4,0.4,1.6,24.2
23807,5,4,0.4,1.6,24.2
23794,5,4,0.4,1.6,24.2
14900,5,4,0.4,1.6,24.2
77239,5,4,0.4,1.6,24.2
29388,5,4,0.4,1.6,24.2
29386,5,4,0.4,1.6,24.2
29380,5,4,0.4,1.6,24.2
8651,5,4,0.4,1.6,24.2
77294,5,4,0.4,1.6,24.2
65376,5,4,0.4,1.6,24.2
65437,5,4,0.4,1.6,24.2
37659,5,4,0.4,1.6,24.2
37651,5,4,0.4,1.6,24.2
37460,5,4,0.4,1.6,24.2
37458,5,4,0.4,1.6,24.2
23869,5,4,0.4,1.6,24.2
14842,5,4,0.4,1.6,24.2
14819,5,4,0.4,1.6,24.2
65465,5,4,0.4,1.6,24.2
8922,5,4,0.4,1.6,24.2
77277,5,4,0.4,1.6,24.2
29445,5,4,0.4,1.6,24.2
8789,5,4,0.4,1.6,24.2
52662,5,4,0.4,1.6,24.2
52786,5,4,0.4,1.6,24.2
52780,5,4,0.4,1.6,24.2
65563,5,4,0.4,1.6,24.2
65562,5,4,0.4,1.6,24.2
65497,5,4,0.4,1.6,24.2
65468,5,4,0.4,1.6,24.2
37389,5,4,0.4,1.6,24.2
37344,5,4,0.4,1.6,24.2
37342,5,4,0.4,1.6,24.2
65595,5,4,0.4,1.6,24.2
37335,5,4,0.4,1.6,24.2
37309,5,4,0.4,1.6,24.2
29525,5,4,0.4,1.6,24.2
76938,5,4,0.4,1.6,24.2
77230,5,4,0.4,1.6,24.2
77094,5,4,0.4,1.6,24.2
77090,5,4,0.4,1.6,24.2
14793,5,4,0.4,1.6,24.2
14786,5,4,0.4,1.6,24.2
14727,5,4,0.4,1.6,24.2
65700,5,4,0.4,1.6,24.2
65696,5,4,0.4,1.6,24.2
65639,5,4,0.4,1.6,24.2
23930,5,4,0.4,1.6,24.2
23924,5,4,0.4,1.6,24.2
37247,5,4,0.4,1.6,24.2
37245,5,4,0.4,1.6,24.2
37224,5,4,0.4,1.6,24.2
37195,5,4,0.4,1.6,24.2
29542,5,4,0.4,1.6,24.2
76919,5,4,0.4,1.6,24.2
76890,5,4,0.4,1.6,24.2
8898,5,4,0.4,1.6,24.2
52771,5,4,0.4,1.6,24.2
52730,5,4,0.4,1.6,24.2
52722,5,4,0.4,1.6,24.2
37118,5,4,0.4,1.6,24.2
65870,5,4,0.4,1.6,24.2
37099,5,4,0.4,1.6,24.2
37096,5,4,0.4,1.6,24.2
23980,5,4,0.4,1.6,24.2
37019,5,4,0.4,1.6,24.2
29626,5,4,0.4,1.6,24.2
29621,5,4,0.4,1.6,24.2
29620,5,4,0.4,1.6,24.2
29596,5,4,0.4,1.6,24.2
29585,5,4,0.4,1.6,24.2
36957,5,4,0.4,1.6,24.2
65956,5,4,0.4,1.6,24.2
65900,5,4,0.4,1.6,24.2
65899,5,4,0.4,1.6,24.2
65890,5,4,0.4,1.6,24.2
65884,5,4,0.4,1.6,24.2
14576,5,4,0.4,1.6,24.2
36776,5,4,0.4,1.6,24.2
24001,5,4,0.4,1.6,24.2
66006,5,4,0.4,1.6,24.2
66002,5,4,0.4,1.6,24.2
65986,5,4,0.4,1.6,24.2
65959,5,4,0.4,1.6,24.2
19185,5,4,0.4,1.6,24.2
76781,5,4,0.4,1.6,24.2
76777,5,4,0.4,1.6,24.2
76776,5,4,0.4,1.6,24.2
76769,5,4,0.4,1.6,24.2
29688,5,4,0.4,1.6,24.2
29682,5,4,0.4,1.6,24.2
29645,5,4,0.4,1.6,24.2
57636,5,4,0.4,1.6,24.2
53046,5,4,0.4,1.6,24.2
53029,5,4,0.4,1.6,24.2
53011,5,4,0.4,1.6,24.2
53003,5,4,0.4,1.6,24.2
52957,5,4,0.4,1.6,24.2
52940,5,4,0.4,1.6,24.2
56551,5,4,0.4,1.6,24.2
56509,5,4,0.4,1.6,24.2
54585,5,4,0.4,1.6,24.2
54569,5,4,0.4,1.6,24.2
54538,5,4,0.4,1.6,24.2
54457,5,4,0.4,1.6,24.2
76794,5,4,0.4,1.6,24.2
76792,5,4,0.4,1.6,24.2
66045,5,4,0.4,1.6,24.2
66036,5,4,0.4,1.6,24.2
36629,5,4,0.4,1.6,24.2
36516,5,4,0.4,1.6,24.2
36512,5,4,0.4,1.6,24.2
9225,5,4,0.4,1.6,24.2
76739,5,4,0.4,1.6,24.2
76709,5,4,0.4,1.6,24.2
56585,5,4,0.4,1.6,24.2
36616,5,4,0.4,1.6,24.2
36479,5,4,0.4,1.6,24.2
36454,5,4,0.4,1.6,24.2
36556,5,4,0.4,1.6,24.2
66256,5,4,0.4,1.6,24.2
66236,5,4,0.4,1.6,24.2
66233,5,4,0.4,1.6,24.2
66213,5,4,0.4,1.6,24.2
66198,5,4,0.4,1.6,24.2
66157,5,4,0.4,1.6,24.2
36481,5,4,0.4,1.6,24.2
24200,5,4,0.4,1.6,24.2
24199,5,4,0.4,1.6,24.2
24153,5,4,0.4,1.6,24.2
36413,5,4,0.4,1.6,24.2
14287,5,4,0.4,1.6,24.2
29797,5,4,0.4,1.6,24.2
76535,5,4,0.4,1.6,24.2
29723,5,4,0.4,1.6,24.2
66262,5,4,0.4,1.6,24.2
53178,5,4,0.4,1.6,24.2
53175,5,4,0.4,1.6,24.2
53126,5,4,0.4,1.6,24.2
53090,5,4,0.4,1.6,24.2
53069,5,4,0.4,1.6,24.2
36384,5,4,0.4,1.6,24.2
36367,5,4,0.4,1.6,24.2
36356,5,4,0.4,1.6,24.2
54406,5,4,0.4,1.6,24.2
19460,5,4,0.4,1.6,24.2
19446,5,4,0.4,1.6,24.2
76559,5,4,0.4,1.6,24.2
66286,5,4,0.4,1.6,24.2
66281,5,4,0.4,1.6,24.2
66324,5,4,0.4,1.6,24.2
66309,5,4,0.4,1.6,24.2
36270,5,4,0.4,1.6,24.2
14184,5,4,0.4,1.6,24.2
66485,5,4,0.4,1.6,24.2
66464,5,4,0.4,1.6,24.2
66376,5,4,0.4,1.6,24.2
36187,5,4,0.4,1.6,24.2
36111,5,4,0.4,1.6,24.2
36101,5,4,0.4,1.6,24.2
36035,5,4,0.4,1.6,24.2
36009,5,4,0.4,1.6,24.2
29854,5,4,0.4,1.6,24.2
76400,5,4,0.4,1.6,24.2
66545,5,4,0.4,1.6,24.2
66642,5,4,0.4,1.6,24.2
24332,5,4,0.4,1.6,24.2
24329,5,4,0.4,1.6,24.2
24290,5,4,0.4,1.6,24.2
24285,5,4,0.4,1.6,24.2
24273,5,4,0.4,1.6,24.2
66620,5,4,0.4,1.6,24.2
66586,5,4,0.4,1.6,24.2
35862,5,4,0.4,1.6,24.2
35856,5,4,0.4,1.6,24.2
35953,5,4,0.4,1.6,24.2
9435,5,4,0.4,1.6,24.2
75925,5,4,0.4,1.6,24.2
76361,5,4,0.4,1.6,24.2
76132,5,4,0.4,1.6,24.2
76087,5,4,0.4,1.6,24.2
9472,5,4,0.4,1.6,24.2
66704,5,4,0.4,1.6,24.2
66695,5,4,0.4,1.6,24.2
66686,5,4,0.4,1.6,24.2
66651,5,4,0.4,1.6,24.2
35873,5,4,0.4,1.6,24.2
35866,5,4,0.4,1.6,24.2
66753,5,4,0.4,1.6,24.2
66752,5,4,0.4,1.6,24.2
66727,5,4,0.4,1.6,24.2
35851,5,4,0.4,1.6,24.2
35832,5,4,0.4,1.6,24.2
9592,5,4,0.4,1.6,24.2
75789,5,4,0.4,1.6,24.2
29919,5,4,0.4,1.6,24.2
30003,5,4,0.4,1.6,24.2
29996,5,4,0.4,1.6,24.2
29975,5,4,0.4,1.6,24.2
9441,5,4,0.4,1.6,24.2
35824,5,4,0.4,1.6,24.2
35821,5,4,0.4,1.6,24.2
24344,5,4,0.4,1.6,24.2
66857,5,4,0.4,1.6,24.2
66835,5,4,0.4,1.6,24.2
53215,5,4,0.4,1.6,24.2
57625,5,4,0.4,1.6,24.2
57558,5,4,0.4,1.6,24.2
57551,5,4,0.4,1.6,24.2
57538,5,4,0.4,1.6,24.2
9492,5,4,0.4,1.6,24.2
75885,5,4,0.4,1.6,24.2
75884,5,4,0.4,1.6,24.2
75798,5,4,0.4,1.6,24.2
25476,5,4,0.4,1.6,24.2
35804,5,4,0.4,1.6,24.2
35794,5,4,0.4,1.6,24.2
66991,5,4,0.4,1.6,24.2
66966,5,4,0.4,1.6,24.2
66962,5,4,0.4,1.6,24.2
66953,5,4,0.4,1.6,24.2
66932,5,4,0.4,1.6,24.2
66902,5,4,0.4,1.6,24.2
35569,5,4,0.4,1.6,24.2
67028,5,4,0.4,1.6,24.2
35520,5,4,0.4,1.6,24.2
35513,5,4,0.4,1.6,24.2
35512,5,4,0.4,1.6,24.2
75530,5,4,0.4,1.6,24.2
75518,5,4,0.4,1.6,24.2
30170,5,4,0.4,1.6,24.2
30094,5,4,0.4,1.6,24.2
24423,5,4,0.4,1.6,24.2
24419,5,4,0.4,1.6,24.2
24403,5,4,0.4,1.6,24.2
67035,5,4,0.4,1.6,24.2
67206,5,4,0.4,1.6,24.2
67205,5,4,0.4,1.6,24.2
67119,5,4,0.4,1.6,24.2
35473,5,4,0.4,1.6,24.2
35471,5,4,0.4,1.6,24.2
35469,5,4,0.4,1.6,24.2
57436,5,4,0.4,1.6,24.2
54355,5,4,0.4,1.6,24.2
54337,5,4,0.4,1.6,24.2
54321,5,4,0.4,1.6,24.2
9608,5,4,0.4,1.6,24.2
9597,5,4,0.4,1.6,24.2
57427,5,4,0.4,1.6,24.2
57415,5,4,0.4,1.6,24.2
53299,5,4,0.4,1.6,24.2
53298,5,4,0.4,1.6,24.2
13595,5,4,0.4,1.6,24.2
67355,5,4,0.4,1.6,24.2
67350,5,4,0.4,1.6,24.2
13685,5,4,0.4,1.6,24.2
35410,5,4,0.4,1.6,24.2
35403,5,4,0.4,1.6,24.2
35399,5,4,0.4,1.6,24.2
35211,5,4,0.4,1.6,24.2
35316,5,4,0.4,1.6,24.2
35315,5,4,0.4,1.6,24.2
75328,5,4,0.4,1.6,24.2
30224,5,4,0.4,1.6,24.2
75506,5,4,0.4,1.6,24.2
35294,5,4,0.4,1.6,24.2
35256,5,4,0.4,1.6,24.2
13620,5,4,0.4,1.6,24.2
67459,5,4,0.4,1.6,24.2
67448,5,4,0.4,1.6,24.2
67432,5,4,0.4,1.6,24.2
67393,5,4,0.4,1.6,24.2
35240,5,4,0.4,1.6,24.2
35219,5,4,0.4,1.6,24.2
13513,5,4,0.4,1.6,24.2
75025,5,4,0.4,1.6,24.2
75447,5,4,0.4,1.6,24.2
9762,5,4,0.4,1.6,24.2
25417,5,4,0.4,1.6,24.2
75423,5,4,0.4,1.6,24.2
75384,5,4,0.4,1.6,24.2
75342,5,4,0.4,1.6,24.2
24484,5,4,0.4,1.6,24.2
24473,5,4,0.4,1.6,24.2
35184,5,4,0.4,1.6,24.2
35145,5,4,0.4,1.6,24.2
35132,5,4,0.4,1.6,24.2
35115,5,4,0.4,1.6,24.2
35005,5,4,0.4,1.6,24.2
53292,5,4,0.4,1.6,24.2
30443,5,4,0.4,1.6,24.2
30358,5,4,0.4,1.6,24.2
30346,5,4,0.4,1.6,24.2
30344,5,4,0.4,1.6,24.2
53248,5,4,0.4,1.6,24.2
53337,5,4,0.4,1.6,24.2
19258,5,4,0.4,1.6,24.2
67710,5,4,0.4,1.6,24.2
67606,5,4,0.4,1.6,24.2
35044,5,4,0.4,1.6,24.2
34976,5,4,0.4,1.6,24.2
24565,5,4,0.4,1.6,24.2
67749,5,4,0.4,1.6,24.2
67743,5,4,0.4,1.6,24.2
13496,5,4,0.4,1.6,24.2
13397,5,4,0.4,1.6,24.2
67794,5,4,0.4,1.6,24.2
30523,5,4,0.4,1.6,24.2
30500,5,4,0.4,1.6,24.2
75001,5,4,0.4,1.6,24.2
30470,5,4,0.4,1.6,24.2
30444,5,4,0.4,1.6,24.2
34873,5,4,0.4,1.6,24.2
34856,5,4,0.4,1.6,24.2
34837,5,4,0.4,1.6,24.2
34831,5,4,0.4,1.6,24.2
34822,5,4,0.4,1.6,24.2
34782,5,4,0.4,1.6,24.2
34780,5,4,0.4,1.6,24.2
13275,5,4,0.4,1.6,24.2
67883,5,4,0.4,1.6,24.2
67854,5,4,0.4,1.6,24.2
67852,5,4,0.4,1.6,24.2
34712,5,4,0.4,1.6,24.2
25381,5,4,0.4,1.6,24.2
25375,5,4,0.4,1.6,24.2
25346,5,4,0.4,1.6,24.2
10043,5,4,0.4,1.6,24.2
74955,5,4,0.4,1.6,24.2
74897,5,4,0.4,1.6,24.2
19235,5,4,0.4,1.6,24.2
57309,5,4,0.4,1.6,24.2
53423,5,4,0.4,1.6,24.2
53384,5,4,0.4,1.6,24.2
24594,5,4,0.4,1.6,24.2
68016,5,4,0.4,1.6,24.2
67978,5,4,0.4,1.6,24.2
30582,5,4,0.4,1.6,24.2
30559,5,4,0.4,1.6,24.2
74738,5,4,0.4,1.6,24.2
74731,5,4,0.4,1.6,24.2
74716,5,4,0.4,1.6,24.2
74830,5,4,0.4,1.6,24.2
74803,5,4,0.4,1.6,24.2
74763,5,4,0.4,1.6,24.2
67945,5,4,0.4,1.6,24.2
67894,5,4,0.4,1.6,24.2
34627,5,4,0.4,1.6,24.2
34615,5,4,0.4,1.6,24.2
34545,5,4,0.4,1.6,24.2
34533,5,4,0.4,1.6,24.2
68223,5,4,0.4,1.6,24.2
68205,5,4,0.4,1.6,24.2
68202,5,4,0.4,1.6,24.2
68105,5,4,0.4,1.6,24.2
34440,5,4,0.4,1.6,24.2
34427,5,4,0.4,1.6,24.2
56750,5,4,0.4,1.6,24.2
56732,5,4,0.4,1.6,24.2
56709,5,4,0.4,1.6,24.2
56703,5,4,0.4,1.6,24.2
56606,5,4,0.4,1.6,24.2
56588,5,4,0.4,1.6,24.2
20096,5,4,0.4,1.6,24.2
74748,5,4,0.4,1.6,24.2
34420,5,4,0.4,1.6,24.2
34277,5,4,0.4,1.6,24.2
53358,5,4,0.4,1.6,24.2
53353,5,4,0.4,1.6,24.2
53338,5,4,0.4,1.6,24.2
20410,5,4,0.4,1.6,24.2
20405,5,4,0.4,1.6,24.2
20404,5,4,0.4,1.6,24.2
25308,5,4,0.4,1.6,24.2
30649,5,4,0.4,1.6,24.2
30637,5,4,0.4,1.6,24.2
30635,5,4,0.4,1.6,24.2
74694,5,4,0.4,1.6,24.2
56765,5,4,0.4,1.6,24.2
68251,5,4,0.4,1.6,24.2
68248,5,4,0.4,1.6,24.2
68234,5,4,0.4,1.6,24.2
68494,5,4,0.4,1.6,24.2
68431,5,4,0.4,1.6,24.2
68372,5,4,0.4,1.6,24.2
68342,5,4,0.4,1.6,24.2
74425,5,4,0.4,1.6,24.2
74393,5,4,0.4,1.6,24.2
74647,5,4,0.4,1.6,24.2
74640,5,4,0.4,1.6,24.2
74594,5,4,0.4,1.6,24.2
74528,5,4,0.4,1.6,24.2
74483,5,4,0.4,1.6,24.2
74461,5,4,0.4,1.6,24.2
25338,5,4,0.4,1.6,24.2
25329,5,4,0.4,1.6,24.2
68331,5,4,0.4,1.6,24.2
34211,5,4,0.4,1.6,24.2
34177,5,4,0.4,1.6,24.2
34176,5,4,0.4,1.6,24.2
34174,5,4,0.4,1.6,24.2
34169,5,4,0.4,1.6,24.2
74235,5,4,0.4,1.6,24.2
30766,5,4,0.4,1.6,24.2
10142,5,4,0.4,1.6,24.2
68567,5,4,0.4,1.6,24.2
68565,5,4,0.4,1.6,24.2
68574,5,4,0.4,1.6,24.2
34056,5,4,0.4,1.6,24.2
34049,5,4,0.4,1.6,24.2
34047,5,4,0.4,1.6,24.2
34046,5,4,0.4,1.6,24.2
68768,5,4,0.4,1.6,24.2
68764,5,4,0.4,1.6,24.2
68761,5,4,0.4,1.6,24.2
68686,5,4,0.4,1.6,24.2
24697,5,4,0.4,1.6,24.2
30851,5,4,0.4,1.6,24.2
74380,5,4,0.4,1.6,24.2
74348,5,4,0.4,1.6,24.2
30818,5,4,0.4,1.6,24.2
30783,5,4,0.4,1.6,24.2
53577,5,4,0.4,1.6,24.2
53571,5,4,0.4,1.6,24.2
53537,5,4,0.4,1.6,24.2
68978,5,4,0.4,1.6,24.2
68956,5,4,0.4,1.6,24.2
33904,5,4,0.4,1.6,24.2
68896,5,4,0.4,1.6,24.2
68874,5,4,0.4,1.6,24.2
24731,5,4,0.4,1.6,24.2
33767,5,4,0.4,1.6,24.2
33830,5,4,0.4,1.6,24.2
30946,5,4,0.4,1.6,24.2
74168,5,4,0.4,1.6,24.2
30893,5,4,0.4,1.6,24.2
30875,5,4,0.4,1.6,24.2
30864,5,4,0.4,1.6,24.2
69006,5,4,0.4,1.6,24.2
69215,5,4,0.4,1.6,24.2
69055,5,4,0.4,1.6,24.2
69054,5,4,0.4,1.6,24.2
33725,5,4,0.4,1.6,24.2
33716,5,4,0.4,1.6,24.2
69285,5,4,0.4,1.6,24.2
69224,5,4,0.4,1.6,24.2
53491,5,4,0.4,1.6,24.2
53585,5,4,0.4,1.6,24.2
53579,5,4,0.4,1.6,24.2
20400,5,4,0.4,1.6,24.2
57248,5,4,0.4,1.6,24.2
10559,5,4,0.4,1.6,24.2
73904,5,4,0.4,1.6,24.2
10310,5,4,0.4,1.6,24.2
74044,5,4,0.4,1.6,24.2
74011,5,4,0.4,1.6,24.2
69392,5,4,0.4,1.6,24.2
33646,5,4,0.4,1.6,24.2
33585,5,4,0.4,1.6,24.2
33526,5,4,0.4,1.6,24.2
69473,5,4,0.4,1.6,24.2
69455,5,4,0.4,1.6,24.2
24833,5,4,0.4,1.6,24.2
69541,5,4,0.4,1.6,24.2
33490,5,4,0.4,1.6,24.2
31056,5,4,0.4,1.6,24.2
31018,5,4,0.4,1.6,24.2
31017,5,4,0.4,1.6,24.2
73988,5,4,0.4,1.6,24.2
12541,5,4,0.4,1.6,24.2
69638,5,4,0.4,1.6,24.2
69613,5,4,0.4,1.6,24.2
69588,5,4,0.4,1.6,24.2
57178,5,4,0.4,1.6,24.2
57177,5,4,0.4,1.6,24.2
53693,5,4,0.4,1.6,24.2
53679,5,4,0.4,1.6,24.2
53645,5,4,0.4,1.6,24.2
69748,5,4,0.4,1.6,24.2
33385,5,4,0.4,1.6,24.2
33383,5,4,0.4,1.6,24.2
33373,5,4,0.4,1.6,24.2
33372,5,4,0.4,1.6,24.2
33369,5,4,0.4,1.6,24.2
33271,5,4,0.4,1.6,24.2
33353,5,4,0.4,1.6,24.2
73710,5,4,0.4,1.6,24.2
73687,5,4,0.4,1.6,24.2
73680,5,4,0.4,1.6,24.2
73807,5,4,0.4,1.6,24.2
73804,5,4,0.4,1.6,24.2
73784,5,4,0.4,1.6,24.2
73772,5,4,0.4,1.6,24.2
33336,5,4,0.4,1.6,24.2
33330,5,4,0.4,1.6,24.2
69918,5,4,0.4,1.6,24.2
69917,5,4,0.4,1.6,24.2
69809,5,4,0.4,1.6,24.2
69769,5,4,0.4,1.6,24.2
54203,5,4,0.4,1.6,24.2
54199,5,4,0.4,1.6,24.2
54145,5,4,0.4,1.6,24.2
54129,5,4,0.4,1.6,24.2
54103,5,4,0.4,1.6,24.2
54096,5,4,0.4,1.6,24.2
31014,5,4,0.4,1.6,24.2
69768,5,4,0.4,1.6,24.2
69764,5,4,0.4,1.6,24.2
69760,5,4,0.4,1.6,24.2
33283,5,4,0.4,1.6,24.2
70002,5,4,0.4,1.6,24.2
24897,5,4,0.4,1.6,24.2
73575,5,4,0.4,1.6,24.2
31185,5,4,0.4,1.6,24.2
31179,5,4,0.4,1.6,24.2
31133,5,4,0.4,1.6,24.2
56814,5,4,0.4,1.6,24.2
33220,5,4,0.4,1.6,24.2
33211,5,4,0.4,1.6,24.2
33192,5,4,0.4,1.6,24.2
70005,5,4,0.4,1.6,24.2
33173,5,4,0.4,1.6,24.2
33164,5,4,0.4,1.6,24.2
33159,5,4,0.4,1.6,24.2
33152,5,4,0.4,1.6,24.2
33146,5,4,0.4,1.6,24.2
70088,5,4,0.4,1.6,24.2
12160,5,4,0.4,1.6,24.2
70119,5,4,0.4,1.6,24.2
33116,5,4,0.4,1.6,24.2
12138,5,4,0.4,1.6,24.2
70248,5,4,0.4,1.6,24.2
10656,5,4,0.4,1.6,24.2
73521,5,4,0.4,1.6,24.2
73512,5,4,0.4,1.6,24.2
31219,5,4,0.4,1.6,24.2
31201,5,4,0.4,1.6,24.2
12198,5,4,0.4,1.6,24.2
53613,5,4,0.4,1.6,24.2
53757,5,4,0.4,1.6,24.2
33073,5,4,0.4,1.6,24.2
70423,5,4,0.4,1.6,24.2
70383,5,4,0.4,1.6,24.2
70355,5,4,0.4,1.6,24.2
70352,5,4,0.4,1.6,24.2
70299,5,4,0.4,1.6,24.2
70291,5,4,0.4,1.6,24.2
70266,5,4,0.4,1.6,24.2
12092,5,4,0.4,1.6,24.2
31286,5,4,0.4,1.6,24.2
31275,5,4,0.4,1.6,24.2
31273,5,4,0.4,1.6,24.2
31272,5,4,0.4,1.6,24.2
31187,5,4,0.4,1.6,24.2
31186,5,4,0.4,1.6,24.2
25235,5,4,0.4,1.6,24.2
32965,5,4,0.4,1.6,24.2
32875,5,4,0.4,1.6,24.2
70505,5,4,0.4,1.6,24.2
70504,5,4,0.4,1.6,24.2
70503,5,4,0.4,1.6,24.2
31400,5,4,0.4,1.6,24.2
73286,5,4,0.4,1.6,24.2
73427,5,4,0.4,1.6,24.2
73356,5,4,0.4,1.6,24.2
10897,5,4,0.4,1.6,24.2
10895,5,4,0.4,1.6,24.2
32834,5,4,0.4,1.6,24.2
32809,5,4,0.4,1.6,24.2
32773,5,4,0.4,1.6,24.2
24923,5,4,0.4,1.6,24.2
11994,5,4,0.4,1.6,24.2
11985,5,4,0.4,1.6,24.2
70597,5,4,0.4,1.6,24.2
70591,5,4,0.4,1.6,24.2
24921,5,4,0.4,1.6,24.2
73104,5,4,0.4,1.6,24.2
73103,5,4,0.4,1.6,24.2
73098,5,4,0.4,1.6,24.2
73034,5,4,0.4,1.6,24.2
31495,5,4,0.4,1.6,24.2
32750,5,4,0.4,1.6,24.2
32566,5,4,0.4,1.6,24.2
32669,5,4,0.4,1.6,24.2
32667,5,4,0.4,1.6,24.2
32654,5,4,0.4,1.6,24.2
11885,5,4,0.4,1.6,24.2
70856,5,4,0.4,1.6,24.2
70827,5,4,0.4,1.6,24.2
70800,5,4,0.4,1.6,24.2
70658,5,4,0.4,1.6,24.2
70646,5,4,0.4,1.6,24.2
12008,5,4,0.4,1.6,24.2
32625,5,4,0.4,1.6,24.2
54075,5,4,0.4,1.6,24.2
54051,5,4,0.4,1.6,24.2
19408,5,4,0.4,1.6,24.2
56836,5,4,0.4,1.6,24.2
56824,5,4,0.4,1.6,24.2
73178,5,4,0.4,1.6,24.2
73175,5,4,0.4,1.6,24.2
32526,5,4,0.4,1.6,24.2
70864,5,4,0.4,1.6,24.2
57086,5,4,0.4,1.6,24.2
20289,5,4,0.4,1.6,24.2
20270,5,4,0.4,1.6,24.2
53791,5,4,0.4,1.6,24.2
53779,5,4,0.4,1.6,24.2
53774,5,4,0.4,1.6,24.2
57049,5,4,0.4,1.6,24.2
11037,5,4,0.4,1.6,24.2
31525,5,4,0.4,1.6,24.2
31507,5,4,0.4,1.6,24.2
31506,5,4,0.4,1.6,24.2
32463,5,4,0.4,1.6,24.2
24958,5,4,0.4,1.6,24.2
71013,5,4,0.4,1.6,24.2
71010,5,4,0.4,1.6,24.2
71000,5,4,0.4,1.6,24.2
71119,5,4,0.4,1.6,24.2
71115,5,4,0.4,1.6,24.2
71110,5,4,0.4,1.6,24.2
71067,5,4,0.4,1.6,24.2
71043,5,4,0.4,1.6,24.2
32504,5,4,0.4,1.6,24.2
71278,5,4,0.4,1.6,24.2
11806,5,4,0.4,1.6,24.2
72824,5,4,0.4,1.6,24.2
72973,5,4,0.4,1.6,24.2
72946,5,4,0.4,1.6,24.2
31624,5,4,0.4,1.6,24.2
31618,5,4,0.4,1.6,24.2
31611,5,4,0.4,1.6,24.2
31588,5,4,0.4,1.6,24.2
72859,5,4,0.4,1.6,24.2
32381,5,4,0.4,1.6,24.2
71262,5,4,0.4,1.6,24.2
71318,5,4,0.4,1.6,24.2
71303,5,4,0.4,1.6,24.2
71294,5,4,0.4,1.6,24.2
71280,5,4,0.4,1.6,24.2
32323,5,4,0.4,1.6,24.2
31678,5,4,0.4,1.6,24.2
31632,5,4,0.4,1.6,24.2
71493,5,4,0.4,1.6,24.2
71448,5,4,0.4,1.6,24.2
71405,5,4,0.4,1.6,24.2
71376,5,4,0.4,1.6,24.2
32259,5,4,0.4,1.6,24.2
32256,5,4,0.4,1.6,24.2
11761,5,4,0.4,1.6,24.2
71599,5,4,0.4,1.6,24.2
71548,5,4,0.4,1.6,24.2
71647,5,4,0.4,1.6,24.2
71631,5,4,0.4,1.6,24.2
11666,5,4,0.4,1.6,24.2
32192,5,4,0.4,1.6,24.2
32159,5,4,0.4,1.6,24.2
72542,5,4,0.4,1.6,24.2
31778,5,4,0.4,1.6,24.2
31773,5,4,0.4,1.6,24.2
31766,5,4,0.4,1.6,24.2
31754,5,4,0.4,1.6,24.2
72693,5,4,0.4,1.6,24.2
11088,5,4,0.4,1.6,24.2
71718,5,4,0.4,1.6,24.2
71717,5,4,0.4,1.6,24.2
32122,5,4,0.4,1.6,24.2
32121,5,4,0.4,1.6,24.2
32114,5,4,0.4,1.6,24.2
32110,5,4,0.4,1.6,24.2
32103,5,4,0.4,1.6,24.2
32100,5,4,0.4,1.6,24.2
11537,5,4,0.4,1.6,24.2
71667,5,4,0.4,1.6,24.2
32039,5,4,0.4,1.6,24.2
25076,5,4,0.4,1.6,24.2
25070,5,4,0.4,1.6,24.2
11154,5,4,0.4,1.6,24.2
11292,5,4,0.4,1.6,24.2
72595,5,4,0.4,1.6,24.2
72574,5,4,0.4,1.6,24.2
32058,5,4,0.4,1.6,24.2
11517,5,4,0.4,1.6,24.2
71792,5,4,0.4,1.6,24.2
56923,5,4,0.4,1.6,24.2
56907,5,4,0.4,1.6,24.2
56887,5,4,0.4,1.6,24.2
56879,5,4,0.4,1.6,24.2
56867,5,4,0.4,1.6,24.2
53960,5,4,0.4,1.6,24.2
53957,5,4,0.4,1.6,24.2
53939,5,4,0.4,1.6,24.2
53937,5,4,0.4,1.6,24.2
53917,5,4,0.4,1.6,24.2
71987,5,4,0.4,1.6,24.2
71862,5,4,0.4,1.6,24.2
53815,5,4,0.4,1.6,24.2
20299,5,4,0.4,1.6,24.2
20221,5,4,0.4,1.6,24.2
20219,5,4,0.4,1.6,24.2
20202,5,4,0.4,1.6,24.2
25083,5,4,0.4,1.6,24.2
71855,5,4,0.4,1.6,24.2
71831,5,4,0.4,1.6,24.2
71822,5,4,0.4,1.6,24.2
32040,5,4,0.4,1.6,24.2
25041,5,4,0.4,1.6,24.2
25034,5,4,0.4,1.6,24.2
32017,5,4,0.4,1.6,24.2
31971,5,4,0.4,1.6,24.2
72073,5,4,0.4,1.6,24.2
72362,5,4,0.4,1.6,24.2
72339,5,4,0.4,1.6,24.2
31873,5,4,0.4,1.6,24.2
31849,5,4,0.4,1.6,24.2
31948,5,4,0.4,1.6,24.2
31819,5,4,0.4,1.6,24.2
31879,5,4,0.4,1.6,24.2
31875,5,4,0.4,1.6,24.2
72189,5,4,0.4,1.6,24.2
26338,5,4,0.4,1.6,24.2
26302,5,4,0.4,1.6,24.2
56014,5,4,0.4,1.6,24.2
55647,5,4,0.4,1.6,24.2
55841,5,4,0.4,1.6,24.2
55808,5,4,0.4,1.6,24.2
56101,5,4,0.4,1.6,24.2
56091,5,4,0.4,1.6,24.2
93723,5,4,0.4,1.6,24.2
102,85,84,0.0235,1.98,22.13
85,81,80,0.0247,1.98,21.39
72210,6,5,0.3333,1.67,21.2
37929,6,5,0.3333,1.67,21.2
58537,6,5,0.3333,1.67,21.2
37589,6,5,0.3333,1.67,21.2
54412,6,5,0.3333,1.67,21.2
72201,6,5,0.3333,1.67,21.2
55853,6,5,0.3333,1.67,21.2
55671,6,5,0.3333,1.67,21.2
50883,6,5,0.3333,1.67,21.2
11369,6,5,0.3333,1.67,21.2
55648,6,5,0.3333,1.67,21.2
56083,6,5,0.3333,1.67,21.2
26368,6,5,0.3333,1.67,21.2
26376,6,5,0.3333,1.67,21.2
26379,6,5,0.3333,1.67,21.2
50830,6,5,0.3333,1.67,21.2
50835,6,5,0.3333,1.67,21.2
21123,6,5,0.3333,1.67,21.2
8616,6,5,0.3333,1.67,21.2
29396,6,5,0.3333,1.67,21.2
29398,6,5,0.3333,1.67,21.2
29406,6,5,0.3333,1.67,21.2
23812,6,5,0.3333,1.67,21.2
50819,6,5,0.3333,1.67,21.2
50715,6,5,0.3333,1.67,21.2
25049,6,5,0.3333,1.67,21.2
25058,6,5,0.3333,1.67,21.2
20182,6,5,0.3333,1.67,21.2
54030,6,5,0.3333,1.67,21.2
71989,6,5,0.3333,1.67,21.2
26433,6,5,0.3333,1.67,21.2
26462,6,5,0.3333,1.67,21.2
26464,6,5,0.3333,1.67,21.2
26474,6,5,0.3333,1.67,21.2
50743,6,5,0.3333,1.67,21.2
58715,6,5,0.3333,1.67,21.2
58665,6,5,0.3333,1.67,21.2
21137,6,5,0.3333,1.67,21.2
21139,6,5,0.3333,1.67,21.2
58514,6,5,0.3333,1.67,21.2
32069,6,5,0.3333,1.67,21.2
32071,6,5,0.3333,1.67,21.2
32036,6,5,0.3333,1.67,21.2
72550,6,5,0.3333,1.67,21.2
26560,6,5,0.3333,1.67,21.2
538,6,5,0.3333,1.67,21.2
51042,6,5,0.3333,1.67,21.2
51055,6,5,0.3333,1.67,21.2
51063,6,5,0.3333,1.67,21.2
50860,6,5,0.3333,1.67,21.2
50865,6,5,0.3333,1.67,21.2
58754,6,5,0.3333,1.67,21.2
58766,6,5,0.3333,1.67,21.2
58798,6,5,0.3333,1.67,21.2
21194,6,5,0.3333,1.67,21.2
21207,6,5,0.3333,1.67,21.2
25074,6,5,0.3333,1.67,21.2
11535,6,5,0.3333,1.67,21.2
11550,6,5,0.3333,1.67,21.2
31730,6,5,0.3333,1.67,21.2
50395,6,5,0.3333,1.67,21.2
50522,6,5,0.3333,1.67,21.2
50533,6,5,0.3333,1.67,21.2
50597,6,5,0.3333,1.67,21.2
26483,6,5,0.3333,1.67,21.2
89972,6,5,0.3333,1.67,21.2
26521,6,5,0.3333,1.67,21.2
26524,6,5,0.3333,1.67,21.2
26526,6,5,0.3333,1.67,21.2
53932,6,5,0.3333,1.67,21.2
56921,6,5,0.3333,1.67,21.2
32053,6,5,0.3333,1.67,21.2
50182,6,5,0.3333,1.67,21.2
31744,6,5,0.3333,1.67,21.2
72670,6,5,0.3333,1.67,21.2
31758,6,5,0.3333,1.67,21.2
31781,6,5,0.3333,1.67,21.2
32204,6,5,0.3333,1.67,21.2
50194,6,5,0.3333,1.67,21.2
50466,6,5,0.3333,1.67,21.2
18974,6,5,0.3333,1.67,21.2
18997,6,5,0.3333,1.67,21.2
19004,6,5,0.3333,1.67,21.2
50493,6,5,0.3333,1.67,21.2
21215,6,5,0.3333,1.67,21.2
72596,6,5,0.3333,1.67,21.2
11151,6,5,0.3333,1.67,21.2
11159,6,5,0.3333,1.67,21.2
32244,6,5,0.3333,1.67,21.2
32252,6,5,0.3333,1.67,21.2
11760,6,5,0.3333,1.67,21.2
24997,6,5,0.3333,1.67,21.2
25003,6,5,0.3333,1.67,21.2
50272,6,5,0.3333,1.67,21.2
58840,6,5,0.3333,1.67,21.2
58850,6,5,0.3333,1.67,21.2
58960,6,5,0.3333,1.67,21.2
55724,6,5,0.3333,1.67,21.2
55726,6,5,0.3333,1.67,21.2
55733,6,5,0.3333,1.67,21.2
55747,6,5,0.3333,1.67,21.2
55797,6,5,0.3333,1.67,21.2
50307,6,5,0.3333,1.67,21.2
21279,6,5,0.3333,1.67,21.2
59089,6,5,0.3333,1.67,21.2
50103,6,5,0.3333,1.67,21.2
50107,6,5,0.3333,1.67,21.2
32263,6,5,0.3333,1.67,21.2
32298,6,5,0.3333,1.67,21.2
25158,6,5,0.3333,1.67,21.2
25190,6,5,0.3333,1.67,21.2
21264,6,5,0.3333,1.67,21.2
51083,6,5,0.3333,1.67,21.2
51124,6,5,0.3333,1.67,21.2
51126,6,5,0.3333,1.67,21.2
51133,6,5,0.3333,1.67,21.2
51139,6,5,0.3333,1.67,21.2
50263,6,5,0.3333,1.67,21.2
71545,6,5,0.3333,1.67,21.2
32214,6,5,0.3333,1.67,21.2
11073,6,5,0.3333,1.67,21.2
31687,6,5,0.3333,1.67,21.2
31688,6,5,0.3333,1.67,21.2
71311,6,5,0.3333,1.67,21.2
11753,6,5,0.3333,1.67,21.2
11757,6,5,0.3333,1.67,21.2
32395,6,5,0.3333,1.67,21.2
50055,6,5,0.3333,1.67,21.2
59164,6,5,0.3333,1.67,21.2
26575,6,5,0.3333,1.67,21.2
26579,6,5,0.3333,1.67,21.2
26606,6,5,0.3333,1.67,21.2
831,6,5,0.3333,1.67,21.2
890,6,5,0.3333,1.67,21.2
707,6,5,0.3333,1.67,21.2
26625,6,5,0.3333,1.67,21.2
11068,6,5,0.3333,1.67,21.2
31563,6,5,0.3333,1.67,21.2
72745,6,5,0.3333,1.67,21.2
11808,6,5,0.3333,1.67,21.2
11815,6,5,0.3333,1.67,21.2
71267,6,5,0.3333,1.67,21.2
32503,6,5,0.3333,1.67,21.2
49808,6,5,0.3333,1.67,21.2
49890,6,5,0.3333,1.67,21.2
49942,6,5,0.3333,1.67,21.2
49841,6,5,0.3333,1.67,21.2
49874,6,5,0.3333,1.67,21.2
21335,6,5,0.3333,1.67,21.2
49959,6,5,0.3333,1.67,21.2
49982,6,5,0.3333,1.67,21.2
49990,6,5,0.3333,1.67,21.2
11867,6,5,0.3333,1.67,21.2
71097,6,5,0.3333,1.67,21.2
71111,6,5,0.3333,1.67,21.2
24972,6,5,0.3333,1.67,21.2
53976,6,5,0.3333,1.67,21.2
72993,6,5,0.3333,1.67,21.2
11001,6,5,0.3333,1.67,21.2
31516,6,5,0.3333,1.67,21.2
21110,6,5,0.3333,1.67,21.2
21111,6,5,0.3333,1.67,21.2
55645,6,5,0.3333,1.67,21.2
19727,6,5,0.3333,1.67,21.2
51072,6,5,0.3333,1.67,21.2
49764,6,5,0.3333,1.67,21.2
49768,6,5,0.3333,1.67,21.2
49790,6,5,0.3333,1.67,21.2
31524,6,5,0.3333,1.67,21.2
31535,6,5,0.3333,1.67,21.2
31461,6,5,0.3333,1.67,21.2
31471,6,5,0.3333,1.67,21.2
57041,6,5,0.3333,1.67,21.2
53780,6,5,0.3333,1.67,21.2
20263,6,5,0.3333,1.67,21.2
49667,6,5,0.3333,1.67,21.2
18901,6,5,0.3333,1.67,21.2
59173,6,5,0.3333,1.67,21.2
59241,6,5,0.3333,1.67,21.2
49679,6,5,0.3333,1.67,21.2
49693,6,5,0.3333,1.67,21.2
58444,6,5,0.3333,1.67,21.2
58455,6,5,0.3333,1.67,21.2
19072,6,5,0.3333,1.67,21.2
26773,6,5,0.3333,1.67,21.2
26788,6,5,0.3333,1.67,21.2
26794,6,5,0.3333,1.67,21.2
2731,6,5,0.3333,1.67,21.2
49514,6,5,0.3333,1.67,21.2
32551,6,5,0.3333,1.67,21.2
1831,6,5,0.3333,1.67,21.2
2539,6,5,0.3333,1.67,21.2
86614,6,5,0.3333,1.67,21.2
26738,6,5,0.3333,1.67,21.2
58322,6,5,0.3333,1.67,21.2
58372,6,5,0.3333,1.67,21.2
1523,6,5,0.3333,1.67,21.2
1997,6,5,0.3333,1.67,21.2
26249,6,5,0.3333,1.67,21.2
59319,6,5,0.3333,1.67,21.2
32655,6,5,0.3333,1.67,21.2
21478,6,5,0.3333,1.67,21.2
49241,6,5,0.3333,1.67,21.2
49244,6,5,0.3333,1.67,21.2
59324,6,5,0.3333,1.67,21.2
59388,6,5,0.3333,1.67,21.2
59427,6,5,0.3333,1.67,21.2
59486,6,5,0.3333,1.67,21.2
59503,6,5,0.3333,1.67,21.2
59505,6,5,0.3333,1.67,21.2
59524,6,5,0.3333,1.67,21.2
59555,6,5,0.3333,1.67,21.2
49349,6,5,0.3333,1.67,21.2
49361,6,5,0.3333,1.67,21.2
49368,6,5,0.3333,1.67,21.2
2160,6,5,0.3333,1.67,21.2
32748,6,5,0.3333,1.67,21.2
32765,6,5,0.3333,1.67,21.2
31257,6,5,0.3333,1.67,21.2
55509,6,5,0.3333,1.67,21.2
55616,6,5,0.3333,1.67,21.2
55641,6,5,0.3333,1.67,21.2
49167,6,5,0.3333,1.67,21.2
49182,6,5,0.3333,1.67,21.2
21456,6,5,0.3333,1.67,21.2
54045,6,5,0.3333,1.67,21.2
54073,6,5,0.3333,1.67,21.2
54080,6,5,0.3333,1.67,21.2
20154,6,5,0.3333,1.67,21.2
32614,6,5,0.3333,1.67,21.2
70802,6,5,0.3333,1.67,21.2
70819,6,5,0.3333,1.67,21.2
70575,6,5,0.3333,1.67,21.2
70587,6,5,0.3333,1.67,21.2
70615,6,5,0.3333,1.67,21.2
24926,6,5,0.3333,1.67,21.2
24941,6,5,0.3333,1.67,21.2
26837,6,5,0.3333,1.67,21.2
86351,6,5,0.3333,1.67,21.2
3056,6,5,0.3333,1.67,21.2
86110,6,5,0.3333,1.67,21.2
51210,6,5,0.3333,1.67,21.2
51232,6,5,0.3333,1.67,21.2
51239,6,5,0.3333,1.67,21.2
49310,6,5,0.3333,1.67,21.2
32661,6,5,0.3333,1.67,21.2
32663,6,5,0.3333,1.67,21.2
32674,6,5,0.3333,1.67,21.2
24950,6,5,0.3333,1.67,21.2
32732,6,5,0.3333,1.67,21.2
32742,6,5,0.3333,1.67,21.2
70481,6,5,0.3333,1.67,21.2
32808,6,5,0.3333,1.67,21.2
32825,6,5,0.3333,1.67,21.2
32829,6,5,0.3333,1.67,21.2
10868,6,5,0.3333,1.67,21.2
21507,6,5,0.3333,1.67,21.2
21541,6,5,0.3333,1.67,21.2
49011,6,5,0.3333,1.67,21.2
49014,6,5,0.3333,1.67,21.2
49193,6,5,0.3333,1.67,21.2
49203,6,5,0.3333,1.67,21.2
73047,6,5,0.3333,1.67,21.2
70537,6,5,0.3333,1.67,21.2
10981,6,5,0.3333,1.67,21.2
73235,6,5,0.3333,1.67,21.2
31353,6,5,0.3333,1.67,21.2
32837,6,5,0.3333,1.67,21.2
70507,6,5,0.3333,1.67,21.2
32847,6,5,0.3333,1.67,21.2
3267,6,5,0.3333,1.67,21.2
49083,6,5,0.3333,1.67,21.2
49099,6,5,0.3333,1.67,21.2
18836,6,5,0.3333,1.67,21.2
18895,6,5,0.3333,1.67,21.2
59593,6,5,0.3333,1.67,21.2
59606,6,5,0.3333,1.67,21.2
21503,6,5,0.3333,1.67,21.2
24942,6,5,0.3333,1.67,21.2
24943,6,5,0.3333,1.67,21.2
25237,6,5,0.3333,1.67,21.2
25248,6,5,0.3333,1.67,21.2
31260,6,5,0.3333,1.67,21.2
31349,6,5,0.3333,1.67,21.2
12103,6,5,0.3333,1.67,21.2
33037,6,5,0.3333,1.67,21.2
48972,6,5,0.3333,1.67,21.2
48985,6,5,0.3333,1.67,21.2
59651,6,5,0.3333,1.67,21.2
59679,6,5,0.3333,1.67,21.2
48894,6,5,0.3333,1.67,21.2
49044,6,5,0.3333,1.67,21.2
49062,6,5,0.3333,1.67,21.2
26888,6,5,0.3333,1.67,21.2
26899,6,5,0.3333,1.67,21.2
2739,6,5,0.3333,1.67,21.2
33076,6,5,0.3333,1.67,21.2
33079,6,5,0.3333,1.67,21.2
33084,6,5,0.3333,1.67,21.2
24901,6,5,0.3333,1.67,21.2
48801,6,5,0.3333,1.67,21.2
48812,6,5,0.3333,1.67,21.2
48817,6,5,0.3333,1.67,21.2
48824,6,5,0.3333,1.67,21.2
21647,6,5,0.3333,1.67,21.2
48650,6,5,0.3333,1.67,21.2
59759,6,5,0.3333,1.67,21.2
3000,6,5,0.3333,1.67,21.2
26976,6,5,0.3333,1.67,21.2
48777,6,5,0.3333,1.67,21.2
48958,6,5,0.3333,1.67,21.2
32906,6,5,0.3333,1.67,21.2
55309,6,5,0.3333,1.67,21.2
19383,6,5,0.3333,1.67,21.2
53755,6,5,0.3333,1.67,21.2
53602,6,5,0.3333,1.67,21.2
55311,6,5,0.3333,1.67,21.2
55433,6,5,0.3333,1.67,21.2
55437,6,5,0.3333,1.67,21.2
3805,6,5,0.3333,1.67,21.2
51438,6,5,0.3333,1.67,21.2
51336,6,5,0.3333,1.67,21.2
21018,6,5,0.3333,1.67,21.2
21039,6,5,0.3333,1.67,21.2
33049,6,5,0.3333,1.67,21.2
70262,6,5,0.3333,1.67,21.2
70443,6,5,0.3333,1.67,21.2
12141,6,5,0.3333,1.67,21.2
24919,6,5,0.3333,1.67,21.2
33086,6,5,0.3333,1.67,21.2
70184,6,5,0.3333,1.67,21.2
70212,6,5,0.3333,1.67,21.2
59930,6,5,0.3333,1.67,21.2
21636,6,5,0.3333,1.67,21.2
26193,6,5,0.3333,1.67,21.2
26196,6,5,0.3333,1.67,21.2
26206,6,5,0.3333,1.67,21.2
26208,6,5,0.3333,1.67,21.2
27004,6,5,0.3333,1.67,21.2
3446,6,5,0.3333,1.67,21.2
85110,6,5,0.3333,1.67,21.2
48468,6,5,0.3333,1.67,21.2
48667,6,5,0.3333,1.67,21.2
59790,6,5,0.3333,1.67,21.2
48461,6,5,0.3333,1.67,21.2
48349,6,5,0.3333,1.67,21.2
10651,6,5,0.3333,1.67,21.2
73434,6,5,0.3333,1.67,21.2
73500,6,5,0.3333,1.67,21.2
31232,6,5,0.3333,1.67,21.2
33095,6,5,0.3333,1.67,21.2
48405,6,5,0.3333,1.67,21.2
48483,6,5,0.3333,1.67,21.2
48489,6,5,0.3333,1.67,21.2
48496,6,5,0.3333,1.67,21.2
48521,6,5,0.3333,1.67,21.2
59915,6,5,0.3333,1.67,21.2
59925,6,5,0.3333,1.67,21.2
53633,6,5,0.3333,1.67,21.2
12173,6,5,0.3333,1.67,21.2
33150,6,5,0.3333,1.67,21.2
33151,6,5,0.3333,1.67,21.2
33226,6,5,0.3333,1.67,21.2
60012,6,5,0.3333,1.67,21.2
60014,6,5,0.3333,1.67,21.2
60081,6,5,0.3333,1.67,21.2
60146,6,5,0.3333,1.67,21.2
48445,6,5,0.3333,1.67,21.2
48291,6,5,0.3333,1.67,21.2
27009,6,5,0.3333,1.67,21.2
27036,6,5,0.3333,1.67,21.2
27054,6,5,0.3333,1.67,21.2
84833,6,5,0.3333,1.67,21.2
4137,6,5,0.3333,1.67,21.2
18748,6,5,0.3333,1.67,21.2
18754,6,5,0.3333,1.67,21.2
33228,6,5,0.3333,1.67,21.2
33239,6,5,0.3333,1.67,21.2
12211,6,5,0.3333,1.67,21.2
12252,6,5,0.3333,1.67,21.2
33241,6,5,0.3333,1.67,21.2
24840,6,5,0.3333,1.67,21.2
24842,6,5,0.3333,1.67,21.2
31158,6,5,0.3333,1.67,21.2
27148,6,5,0.3333,1.67,21.2
48210,6,5,0.3333,1.67,21.2
48228,6,5,0.3333,1.67,21.2
48230,6,5,0.3333,1.67,21.2
48243,6,5,0.3333,1.67,21.2
48346,6,5,0.3333,1.67,21.2
70116,6,5,0.3333,1.67,21.2
12165,6,5,0.3333,1.67,21.2
48161,6,5,0.3333,1.67,21.2
48248,6,5,0.3333,1.67,21.2
73593,6,5,0.3333,1.67,21.2
31192,6,5,0.3333,1.67,21.2
24895,6,5,0.3333,1.67,21.2
12339,6,5,0.3333,1.67,21.2
33292,6,5,0.3333,1.67,21.2
31108,6,5,0.3333,1.67,21.2
48266,6,5,0.3333,1.67,21.2
48271,6,5,0.3333,1.67,21.2
18601,6,5,0.3333,1.67,21.2
18676,6,5,0.3333,1.67,21.2
48277,6,5,0.3333,1.67,21.2
21766,6,5,0.3333,1.67,21.2
27129,6,5,0.3333,1.67,21.2
27142,6,5,0.3333,1.67,21.2
69867,6,5,0.3333,1.67,21.2
33323,6,5,0.3333,1.67,21.2
33333,6,5,0.3333,1.67,21.2
51457,6,5,0.3333,1.67,21.2
51465,6,5,0.3333,1.67,21.2
51468,6,5,0.3333,1.67,21.2
51356,6,5,0.3333,1.67,21.2
4176,6,5,0.3333,1.67,21.2
4177,6,5,0.3333,1.67,21.2
84364,6,5,0.3333,1.67,21.2
4372,6,5,0.3333,1.67,21.2
4378,6,5,0.3333,1.67,21.2
27171,6,5,0.3333,1.67,21.2
27176,6,5,0.3333,1.67,21.2
27180,6,5,0.3333,1.67,21.2
48139,6,5,0.3333,1.67,21.2
33337,6,5,0.3333,1.67,21.2
73735,6,5,0.3333,1.67,21.2
73657,6,5,0.3333,1.67,21.2
31085,6,5,0.3333,1.67,21.2
33342,6,5,0.3333,1.67,21.2
33278,6,5,0.3333,1.67,21.2
69660,6,5,0.3333,1.67,21.2
12408,6,5,0.3333,1.67,21.2
47929,6,5,0.3333,1.67,21.2
21806,6,5,0.3333,1.67,21.2
60208,6,5,0.3333,1.67,21.2
60226,6,5,0.3333,1.67,21.2
56767,6,5,0.3333,1.67,21.2
54101,6,5,0.3333,1.67,21.2
54141,6,5,0.3333,1.67,21.2
54198,6,5,0.3333,1.67,21.2
57183,6,5,0.3333,1.67,21.2
57227,6,5,0.3333,1.67,21.2
69567,6,5,0.3333,1.67,21.2
12443,6,5,0.3333,1.67,21.2
84006,6,5,0.3333,1.67,21.2
83822,6,5,0.3333,1.67,21.2
60410,6,5,0.3333,1.67,21.2
47942,6,5,0.3333,1.67,21.2
47957,6,5,0.3333,1.67,21.2
55462,6,5,0.3333,1.67,21.2
56297,6,5,0.3333,1.67,21.2
56299,6,5,0.3333,1.67,21.2
47852,6,5,0.3333,1.67,21.2
60241,6,5,0.3333,1.67,21.2
60341,6,5,0.3333,1.67,21.2
60403,6,5,0.3333,1.67,21.2
25278,6,5,0.3333,1.67,21.2
10420,6,5,0.3333,1.67,21.2
10447,6,5,0.3333,1.67,21.2
47808,6,5,0.3333,1.67,21.2
47813,6,5,0.3333,1.67,21.2
47862,6,5,0.3333,1.67,21.2
47872,6,5,0.3333,1.67,21.2
47911,6,5,0.3333,1.67,21.2
26139,6,5,0.3333,1.67,21.2
26165,6,5,0.3333,1.67,21.2
33368,6,5,0.3333,1.67,21.2
53674,6,5,0.3333,1.67,21.2
53688,6,5,0.3333,1.67,21.2
53690,6,5,0.3333,1.67,21.2
53708,6,5,0.3333,1.67,21.2
57179,6,5,0.3333,1.67,21.2
47785,6,5,0.3333,1.67,21.2
73728,6,5,0.3333,1.67,21.2
33471,6,5,0.3333,1.67,21.2
33493,6,5,0.3333,1.67,21.2
33506,6,5,0.3333,1.67,21.2
24800,6,5,0.3333,1.67,21.2
60415,6,5,0.3333,1.67,21.2
60455,6,5,0.3333,1.67,21.2
60460,6,5,0.3333,1.67,21.2
21883,6,5,0.3333,1.67,21.2
21905,6,5,0.3333,1.67,21.2
47846,6,5,0.3333,1.67,21.2
47806,6,5,0.3333,1.67,21.2
33444,6,5,0.3333,1.67,21.2
33469,6,5,0.3333,1.67,21.2
25253,6,5,0.3333,1.67,21.2
27338,6,5,0.3333,1.67,21.2
69426,6,5,0.3333,1.67,21.2
69470,6,5,0.3333,1.67,21.2
69368,6,5,0.3333,1.67,21.2
33614,6,5,0.3333,1.67,21.2
33642,6,5,0.3333,1.67,21.2
69403,6,5,0.3333,1.67,21.2
30976,6,5,0.3333,1.67,21.2
4784,6,5,0.3333,1.67,21.2
4825,6,5,0.3333,1.67,21.2
60721,6,5,0.3333,1.67,21.2
47714,6,5,0.3333,1.67,21.2
27328,6,5,0.3333,1.67,21.2
60687,6,5,0.3333,1.67,21.2
21947,6,5,0.3333,1.67,21.2
47783,6,5,0.3333,1.67,21.2
10560,6,5,0.3333,1.67,21.2
57244,6,5,0.3333,1.67,21.2
20373,6,5,0.3333,1.67,21.2
47503,6,5,0.3333,1.67,21.2
51544,6,5,0.3333,1.67,21.2
51567,6,5,0.3333,1.67,21.2
51579,6,5,0.3333,1.67,21.2
19089,6,5,0.3333,1.67,21.2
58285,6,5,0.3333,1.67,21.2
60689,6,5,0.3333,1.67,21.2
47629,6,5,0.3333,1.67,21.2
47634,6,5,0.3333,1.67,21.2
47652,6,5,0.3333,1.67,21.2
47654,6,5,0.3333,1.67,21.2
47664,6,5,0.3333,1.67,21.2
47673,6,5,0.3333,1.67,21.2
24763,6,5,0.3333,1.67,21.2
24783,6,5,0.3333,1.67,21.2
24787,6,5,0.3333,1.67,21.2
60823,6,5,0.3333,1.67,21.2
47512,6,5,0.3333,1.67,21.2
47516,6,5,0.3333,1.67,21.2
47580,6,5,0.3333,1.67,21.2
27379,6,5,0.3333,1.67,21.2
27387,6,5,0.3333,1.67,21.2
27389,6,5,0.3333,1.67,21.2
4850,6,5,0.3333,1.67,21.2
27427,6,5,0.3333,1.67,21.2
27430,6,5,0.3333,1.67,21.2
30985,6,5,0.3333,1.67,21.2
30997,6,5,0.3333,1.67,21.2
30999,6,5,0.3333,1.67,21.2
69207,6,5,0.3333,1.67,21.2
68983,6,5,0.3333,1.67,21.2
33783,6,5,0.3333,1.67,21.2
30858,6,5,0.3333,1.67,21.2
27484,6,5,0.3333,1.67,21.2
47318,6,5,0.3333,1.67,21.2
47375,6,5,0.3333,1.67,21.2
47465,6,5,0.3333,1.67,21.2
47479,6,5,0.3333,1.67,21.2
47493,6,5,0.3333,1.67,21.2
20396,6,5,0.3333,1.67,21.2
69241,6,5,0.3333,1.67,21.2
33670,6,5,0.3333,1.67,21.2
33724,6,5,0.3333,1.67,21.2
33744,6,5,0.3333,1.67,21.2
24760,6,5,0.3333,1.67,21.2
33815,6,5,0.3333,1.67,21.2
68823,6,5,0.3333,1.67,21.2
68846,6,5,0.3333,1.67,21.2
68855,6,5,0.3333,1.67,21.2
33860,6,5,0.3333,1.67,21.2
47257,6,5,0.3333,1.67,21.2
47302,6,5,0.3333,1.67,21.2
47388,6,5,0.3333,1.67,21.2
47404,6,5,0.3333,1.67,21.2
61069,6,5,0.3333,1.67,21.2
61147,6,5,0.3333,1.67,21.2
61047,6,5,0.3333,1.67,21.2
61061,6,5,0.3333,1.67,21.2
12814,6,5,0.3333,1.67,21.2
69041,6,5,0.3333,1.67,21.2
69124,6,5,0.3333,1.67,21.2
55297,6,5,0.3333,1.67,21.2
19822,6,5,0.3333,1.67,21.2
53505,6,5,0.3333,1.67,21.2
53552,6,5,0.3333,1.67,21.2
53567,6,5,0.3333,1.67,21.2
57280,6,5,0.3333,1.67,21.2
30769,6,5,0.3333,1.67,21.2
30806,6,5,0.3333,1.67,21.2
55133,6,5,0.3333,1.67,21.2
18107,6,5,0.3333,1.67,21.2
46962,6,5,0.3333,1.67,21.2
61264,6,5,0.3333,1.67,21.2
61266,6,5,0.3333,1.67,21.2
17938,6,5,0.3333,1.67,21.2
10274,6,5,0.3333,1.67,21.2
30950,6,5,0.3333,1.67,21.2
22135,6,5,0.3333,1.67,21.2
46782,6,5,0.3333,1.67,21.2
46793,6,5,0.3333,1.67,21.2
46871,6,5,0.3333,1.67,21.2
46901,6,5,0.3333,1.67,21.2
30854,6,5,0.3333,1.67,21.2
12927,6,5,0.3333,1.67,21.2
34041,6,5,0.3333,1.67,21.2
51624,6,5,0.3333,1.67,21.2
51627,6,5,0.3333,1.67,21.2
51659,6,5,0.3333,1.67,21.2
51669,6,5,0.3333,1.67,21.2
21016,6,5,0.3333,1.67,21.2
26080,6,5,0.3333,1.67,21.2
26083,6,5,0.3333,1.67,21.2
55276,6,5,0.3333,1.67,21.2
55138,6,5,0.3333,1.67,21.2
34042,6,5,0.3333,1.67,21.2
34064,6,5,0.3333,1.67,21.2
30693,6,5,0.3333,1.67,21.2
30696,6,5,0.3333,1.67,21.2
30733,6,5,0.3333,1.67,21.2
5013,6,5,0.3333,1.67,21.2
5063,6,5,0.3333,1.67,21.2
26112,6,5,0.3333,1.67,21.2
26131,6,5,0.3333,1.67,21.2
82979,6,5,0.3333,1.67,21.2
61275,6,5,0.3333,1.67,21.2
61350,6,5,0.3333,1.67,21.2
61448,6,5,0.3333,1.67,21.2
46687,6,5,0.3333,1.67,21.2
46749,6,5,0.3333,1.67,21.2
30768,6,5,0.3333,1.67,21.2
74250,6,5,0.3333,1.67,21.2
34092,6,5,0.3333,1.67,21.2
34023,6,5,0.3333,1.67,21.2
34213,6,5,0.3333,1.67,21.2
13038,6,5,0.3333,1.67,21.2
27539,6,5,0.3333,1.67,21.2
82758,6,5,0.3333,1.67,21.2
22161,6,5,0.3333,1.67,21.2
51745,6,5,0.3333,1.67,21.2
51767,6,5,0.3333,1.67,21.2
46550,6,5,0.3333,1.67,21.2
46552,6,5,0.3333,1.67,21.2
46625,6,5,0.3333,1.67,21.2
46310,6,5,0.3333,1.67,21.2
22152,6,5,0.3333,1.67,21.2
68511,6,5,0.3333,1.67,21.2
34191,6,5,0.3333,1.67,21.2
17845,6,5,0.3333,1.67,21.2
22164,6,5,0.3333,1.67,21.2
22165,6,5,0.3333,1.67,21.2
22173,6,5,0.3333,1.67,21.2
46300,6,5,0.3333,1.67,21.2
46108,6,5,0.3333,1.67,21.2
46148,6,5,0.3333,1.67,21.2
46315,6,5,0.3333,1.67,21.2
46356,6,5,0.3333,1.67,21.2
46372,6,5,0.3333,1.67,21.2
46379,6,5,0.3333,1.67,21.2
82682,6,5,0.3333,1.67,21.2
27519,6,5,0.3333,1.67,21.2
30756,6,5,0.3333,1.67,21.2
5256,6,5,0.3333,1.67,21.2
45956,6,5,0.3333,1.67,21.2
61688,6,5,0.3333,1.67,21.2
61750,6,5,0.3333,1.67,21.2
74649,6,5,0.3333,1.67,21.2
57286,6,5,0.3333,1.67,21.2
53484,6,5,0.3333,1.67,21.2
45999,6,5,0.3333,1.67,21.2
45856,6,5,0.3333,1.67,21.2
45857,6,5,0.3333,1.67,21.2
45870,6,5,0.3333,1.67,21.2
45897,6,5,0.3333,1.67,21.2
46263,6,5,0.3333,1.67,21.2
22159,6,5,0.3333,1.67,21.2
61488,6,5,0.3333,1.67,21.2
68437,6,5,0.3333,1.67,21.2
61810,6,5,0.3333,1.67,21.2
45615,6,5,0.3333,1.67,21.2
45665,6,5,0.3333,1.67,21.2
53350,6,5,0.3333,1.67,21.2
34330,6,5,0.3333,1.67,21.2
68228,6,5,0.3333,1.67,21.2
68231,6,5,0.3333,1.67,21.2
58159,6,5,0.3333,1.67,21.2
58172,6,5,0.3333,1.67,21.2
58192,6,5,0.3333,1.67,21.2
58222,6,5,0.3333,1.67,21.2
61768,6,5,0.3333,1.67,21.2
22193,6,5,0.3333,1.67,21.2
27548,6,5,0.3333,1.67,21.2
27552,6,5,0.3333,1.67,21.2
27556,6,5,0.3333,1.67,21.2
68043,6,5,0.3333,1.67,21.2
5620,6,5,0.3333,1.67,21.2
26074,6,5,0.3333,1.67,21.2
45253,6,5,0.3333,1.67,21.2
45257,6,5,0.3333,1.67,21.2
45259,6,5,0.3333,1.67,21.2
45286,6,5,0.3333,1.67,21.2
45318,6,5,0.3333,1.67,21.2
45322,6,5,0.3333,1.67,21.2
45381,6,5,0.3333,1.67,21.2
45392,6,5,0.3333,1.67,21.2
45405,6,5,0.3333,1.67,21.2
45492,6,5,0.3333,1.67,21.2
22279,6,5,0.3333,1.67,21.2
5521,6,5,0.3333,1.67,21.2
45602,6,5,0.3333,1.67,21.2
34504,6,5,0.3333,1.67,21.2
34513,6,5,0.3333,1.67,21.2
68072,6,5,0.3333,1.67,21.2
30555,6,5,0.3333,1.67,21.2
19562,6,5,0.3333,1.67,21.2
19563,6,5,0.3333,1.67,21.2
51874,6,5,0.3333,1.67,21.2
51895,6,5,0.3333,1.67,21.2
58084,6,5,0.3333,1.67,21.2
27654,6,5,0.3333,1.67,21.2
34383,6,5,0.3333,1.67,21.2
20097,6,5,0.3333,1.67,21.2
56707,6,5,0.3333,1.67,21.2
56753,6,5,0.3333,1.67,21.2
13082,6,5,0.3333,1.67,21.2
68029,6,5,0.3333,1.67,21.2
13303,6,5,0.3333,1.67,21.2
44580,6,5,0.3333,1.67,21.2
45012,6,5,0.3333,1.67,21.2
45109,6,5,0.3333,1.67,21.2
61881,6,5,0.3333,1.67,21.2
61883,6,5,0.3333,1.67,21.2
61885,6,5,0.3333,1.67,21.2
61912,6,5,0.3333,1.67,21.2
45213,6,5,0.3333,1.67,21.2
22306,6,5,0.3333,1.67,21.2
17603,6,5,0.3333,1.67,21.2
55239,6,5,0.3333,1.67,21.2
55268,6,5,0.3333,1.67,21.2
55273,6,5,0.3333,1.67,21.2
56307,6,5,0.3333,1.67,21.2
34494,6,5,0.3333,1.67,21.2
51929,6,5,0.3333,1.67,21.2
51854,6,5,0.3333,1.67,21.2
51860,6,5,0.3333,1.67,21.2
51861,6,5,0.3333,1.67,21.2
44649,6,5,0.3333,1.67,21.2
17530,6,5,0.3333,1.67,21.2
61973,6,5,0.3333,1.67,21.2
53418,6,5,0.3333,1.67,21.2
27689,6,5,0.3333,1.67,21.2
5988,6,5,0.3333,1.67,21.2
6283,6,5,0.3333,1.67,21.2
62026,6,5,0.3333,1.67,21.2
62033,6,5,0.3333,1.67,21.2
30558,6,5,0.3333,1.67,21.2
30580,6,5,0.3333,1.67,21.2
13299,6,5,0.3333,1.67,21.2
44159,6,5,0.3333,1.67,21.2
62093,6,5,0.3333,1.67,21.2
74860,6,5,0.3333,1.67,21.2
10038,6,5,0.3333,1.67,21.2
10047,6,5,0.3333,1.67,21.2
34711,6,5,0.3333,1.67,21.2
67882,6,5,0.3333,1.67,21.2
22472,6,5,0.3333,1.67,21.2
22474,6,5,0.3333,1.67,21.2
6226,6,5,0.3333,1.67,21.2
27847,6,5,0.3333,1.67,21.2
81539,6,5,0.3333,1.67,21.2
6230,6,5,0.3333,1.67,21.2
51919,6,5,0.3333,1.67,21.2
20889,6,5,0.3333,1.67,21.2
20902,6,5,0.3333,1.67,21.2
13414,6,5,0.3333,1.67,21.2
34812,6,5,0.3333,1.67,21.2
34838,6,5,0.3333,1.67,21.2
34670,6,5,0.3333,1.67,21.2
34906,6,5,0.3333,1.67,21.2
34945,6,5,0.3333,1.67,21.2
30467,6,5,0.3333,1.67,21.2
44291,6,5,0.3333,1.67,21.2
62096,6,5,0.3333,1.67,21.2
62098,6,5,0.3333,1.67,21.2
62103,6,5,0.3333,1.67,21.2
62111,6,5,0.3333,1.67,21.2
44368,6,5,0.3333,1.67,21.2
44431,6,5,0.3333,1.67,21.2
44136,6,5,0.3333,1.67,21.2
44156,6,5,0.3333,1.67,21.2
34969,6,5,0.3333,1.67,21.2
13379,6,5,0.3333,1.67,21.2
13421,6,5,0.3333,1.67,21.2
52067,6,5,0.3333,1.67,21.2
44096,6,5,0.3333,1.67,21.2
44109,6,5,0.3333,1.67,21.2
22510,6,5,0.3333,1.67,21.2
17429,6,5,0.3333,1.67,21.2
62216,6,5,0.3333,1.67,21.2
6233,6,5,0.3333,1.67,21.2
55032,6,5,0.3333,1.67,21.2
55039,6,5,0.3333,1.67,21.2
22557,6,5,0.3333,1.67,21.2
44116,6,5,0.3333,1.67,21.2
44070,6,5,0.3333,1.67,21.2
13399,6,5,0.3333,1.67,21.2
67697,6,5,0.3333,1.67,21.2
6336,6,5,0.3333,1.67,21.2
27850,6,5,0.3333,1.67,21.2
27860,6,5,0.3333,1.67,21.2
27881,6,5,0.3333,1.67,21.2
27882,6,5,0.3333,1.67,21.2
27883,6,5,0.3333,1.67,21.2
27892,6,5,0.3333,1.67,21.2
51975,6,5,0.3333,1.67,21.2
51976,6,5,0.3333,1.67,21.2
52038,6,5,0.3333,1.67,21.2
52050,6,5,0.3333,1.67,21.2
74839,6,5,0.3333,1.67,21.2
9920,6,5,0.3333,1.67,21.2
30479,6,5,0.3333,1.67,21.2
30503,6,5,0.3333,1.67,21.2
43879,6,5,0.3333,1.67,21.2
43954,6,5,0.3333,1.67,21.2
20439,6,5,0.3333,1.67,21.2
53278,6,5,0.3333,1.67,21.2
53279,6,5,0.3333,1.67,21.2
53282,6,5,0.3333,1.67,21.2
30384,6,5,0.3333,1.67,21.2
30406,6,5,0.3333,1.67,21.2
24561,6,5,0.3333,1.67,21.2
34982,6,5,0.3333,1.67,21.2
67559,6,5,0.3333,1.67,21.2
67618,6,5,0.3333,1.67,21.2
67648,6,5,0.3333,1.67,21.2
67663,6,5,0.3333,1.67,21.2
67665,6,5,0.3333,1.67,21.2
67686,6,5,0.3333,1.67,21.2
30410,6,5,0.3333,1.67,21.2
35106,6,5,0.3333,1.67,21.2
34993,6,5,0.3333,1.67,21.2
35007,6,5,0.3333,1.67,21.2
35008,6,5,0.3333,1.67,21.2
25920,6,5,0.3333,1.67,21.2
25922,6,5,0.3333,1.67,21.2
6584,6,5,0.3333,1.67,21.2
43546,6,5,0.3333,1.67,21.2
43701,6,5,0.3333,1.67,21.2
43775,6,5,0.3333,1.67,21.2
43790,6,5,0.3333,1.67,21.2
43818,6,5,0.3333,1.67,21.2
62328,6,5,0.3333,1.67,21.2
62298,6,5,0.3333,1.67,21.2
62311,6,5,0.3333,1.67,21.2
35010,6,5,0.3333,1.67,21.2
35038,6,5,0.3333,1.67,21.2
35181,6,5,0.3333,1.67,21.2
24479,6,5,0.3333,1.67,21.2
43624,6,5,0.3333,1.67,21.2
43674,6,5,0.3333,1.67,21.2
62395,6,5,0.3333,1.67,21.2
62427,6,5,0.3333,1.67,21.2
17280,6,5,0.3333,1.67,21.2
17293,6,5,0.3333,1.67,21.2
17312,6,5,0.3333,1.67,21.2
6395,6,5,0.3333,1.67,21.2
27905,6,5,0.3333,1.67,21.2
27945,6,5,0.3333,1.67,21.2
9830,6,5,0.3333,1.67,21.2
9853,6,5,0.3333,1.67,21.2
19164,6,5,0.3333,1.67,21.2
43280,6,5,0.3333,1.67,21.2
30320,6,5,0.3333,1.67,21.2
9759,6,5,0.3333,1.67,21.2
30334,6,5,0.3333,1.67,21.2
24492,6,5,0.3333,1.67,21.2
67549,6,5,0.3333,1.67,21.2
13508,6,5,0.3333,1.67,21.2
17160,6,5,0.3333,1.67,21.2
62659,6,5,0.3333,1.67,21.2
43447,6,5,0.3333,1.67,21.2
43448,6,5,0.3333,1.67,21.2
43459,6,5,0.3333,1.67,21.2
43214,6,5,0.3333,1.67,21.2
43557,6,5,0.3333,1.67,21.2
43610,6,5,0.3333,1.67,21.2
35283,6,5,0.3333,1.67,21.2
35292,6,5,0.3333,1.67,21.2
27987,6,5,0.3333,1.67,21.2
27991,6,5,0.3333,1.67,21.2
80508,6,5,0.3333,1.67,21.2
80510,6,5,0.3333,1.67,21.2
80565,6,5,0.3333,1.67,21.2
80573,6,5,0.3333,1.67,21.2
22679,6,5,0.3333,1.67,21.2
52124,6,5,0.3333,1.67,21.2
58034,6,5,0.3333,1.67,21.2
19152,6,5,0.3333,1.67,21.2
19161,6,5,0.3333,1.67,21.2
25925,6,5,0.3333,1.67,21.2
25977,6,5,0.3333,1.67,21.2
81031,6,5,0.3333,1.67,21.2
30103,6,5,0.3333,1.67,21.2
35189,6,5,0.3333,1.67,21.2
35192,6,5,0.3333,1.67,21.2
35350,6,5,0.3333,1.67,21.2
42846,6,5,0.3333,1.67,21.2
17197,6,5,0.3333,1.67,21.2
17202,6,5,0.3333,1.67,21.2
22646,6,5,0.3333,1.67,21.2
6673,6,5,0.3333,1.67,21.2
6740,6,5,0.3333,1.67,21.2
67370,6,5,0.3333,1.67,21.2
67426,6,5,0.3333,1.67,21.2
67471,6,5,0.3333,1.67,21.2
67488,6,5,0.3333,1.67,21.2
67508,6,5,0.3333,1.67,21.2
35251,6,5,0.3333,1.67,21.2
53321,6,5,0.3333,1.67,21.2
57405,6,5,0.3333,1.67,21.2
54317,6,5,0.3333,1.67,21.2
42909,6,5,0.3333,1.67,21.2
42921,6,5,0.3333,1.67,21.2
42948,6,5,0.3333,1.67,21.2
62790,6,5,0.3333,1.67,21.2
62824,6,5,0.3333,1.67,21.2
62825,6,5,0.3333,1.67,21.2
43033,6,5,0.3333,1.67,21.2
43065,6,5,0.3333,1.67,21.2
30219,6,5,0.3333,1.67,21.2
30251,6,5,0.3333,1.67,21.2
30252,6,5,0.3333,1.67,21.2
30280,6,5,0.3333,1.67,21.2
30287,6,5,0.3333,1.67,21.2
54353,6,5,0.3333,1.67,21.2
54354,6,5,0.3333,1.67,21.2
54251,6,5,0.3333,1.67,21.2
20094,6,5,0.3333,1.67,21.2
75470,6,5,0.3333,1.67,21.2
35478,6,5,0.3333,1.67,21.2
67189,6,5,0.3333,1.67,21.2
67055,6,5,0.3333,1.67,21.2
56408,6,5,0.3333,1.67,21.2
19491,6,5,0.3333,1.67,21.2
19512,6,5,0.3333,1.67,21.2
42758,6,5,0.3333,1.67,21.2
22720,6,5,0.3333,1.67,21.2
35401,6,5,0.3333,1.67,21.2
13699,6,5,0.3333,1.67,21.2
67322,6,5,0.3333,1.67,21.2
42690,6,5,0.3333,1.67,21.2
42694,6,5,0.3333,1.67,21.2
42704,6,5,0.3333,1.67,21.2
35502,6,5,0.3333,1.67,21.2
24410,6,5,0.3333,1.67,21.2
24436,6,5,0.3333,1.67,21.2
35505,6,5,0.3333,1.67,21.2
67000,6,5,0.3333,1.67,21.2
42643,6,5,0.3333,1.67,21.2
22769,6,5,0.3333,1.67,21.2
22774,6,5,0.3333,1.67,21.2
52146,6,5,0.3333,1.67,21.2
52151,6,5,0.3333,1.67,21.2
52162,6,5,0.3333,1.67,21.2
52215,6,5,0.3333,1.67,21.2
52216,6,5,0.3333,1.67,21.2
30172,6,5,0.3333,1.67,21.2
30200,6,5,0.3333,1.67,21.2
75584,6,5,0.3333,1.67,21.2
35507,6,5,0.3333,1.67,21.2
35562,6,5,0.3333,1.67,21.2
62990,6,5,0.3333,1.67,21.2
63008,6,5,0.3333,1.67,21.2
63014,6,5,0.3333,1.67,21.2
22794,6,5,0.3333,1.67,21.2
42503,6,5,0.3333,1.67,21.2
42523,6,5,0.3333,1.67,21.2
28025,6,5,0.3333,1.67,21.2
28032,6,5,0.3333,1.67,21.2
28061,6,5,0.3333,1.67,21.2
6934,6,5,0.3333,1.67,21.2
42622,6,5,0.3333,1.67,21.2
35597,6,5,0.3333,1.67,21.2
35605,6,5,0.3333,1.67,21.2
35611,6,5,0.3333,1.67,21.2
35724,6,5,0.3333,1.67,21.2
66911,6,5,0.3333,1.67,21.2
42399,6,5,0.3333,1.67,21.2
42410,6,5,0.3333,1.67,21.2
42288,6,5,0.3333,1.67,21.2
22836,6,5,0.3333,1.67,21.2
80304,6,5,0.3333,1.67,21.2
80031,6,5,0.3333,1.67,21.2
28149,6,5,0.3333,1.67,21.2
63045,6,5,0.3333,1.67,21.2
62920,6,5,0.3333,1.67,21.2
62923,6,5,0.3333,1.67,21.2
30157,6,5,0.3333,1.67,21.2
42042,6,5,0.3333,1.67,21.2
42089,6,5,0.3333,1.67,21.2
42113,6,5,0.3333,1.67,21.2
35613,6,5,0.3333,1.67,21.2
35629,6,5,0.3333,1.67,21.2
25511,6,5,0.3333,1.67,21.2
42255,6,5,0.3333,1.67,21.2
63149,6,5,0.3333,1.67,21.2
25908,6,5,0.3333,1.67,21.2
25914,6,5,0.3333,1.67,21.2
25915,6,5,0.3333,1.67,21.2
80041,6,5,0.3333,1.67,21.2
79994,6,5,0.3333,1.67,21.2
28164,6,5,0.3333,1.67,21.2
42156,6,5,0.3333,1.67,21.2
42174,6,5,0.3333,1.67,21.2
22871,6,5,0.3333,1.67,21.2
7222,6,5,0.3333,1.67,21.2
30062,6,5,0.3333,1.67,21.2
35665,6,5,0.3333,1.67,21.2
35671,6,5,0.3333,1.67,21.2
57612,6,5,0.3333,1.67,21.2
20534,6,5,0.3333,1.67,21.2
20540,6,5,0.3333,1.67,21.2
28219,6,5,0.3333,1.67,21.2
79908,6,5,0.3333,1.67,21.2
79909,6,5,0.3333,1.67,21.2
79919,6,5,0.3333,1.67,21.2
41926,6,5,0.3333,1.67,21.2
19180,6,5,0.3333,1.67,21.2
57973,6,5,0.3333,1.67,21.2
58000,6,5,0.3333,1.67,21.2
63311,6,5,0.3333,1.67,21.2
22942,6,5,0.3333,1.67,21.2
16675,6,5,0.3333,1.67,21.2
41896,6,5,0.3333,1.67,21.2
41905,6,5,0.3333,1.67,21.2
41911,6,5,0.3333,1.67,21.2
16809,6,5,0.3333,1.67,21.2
79941,6,5,0.3333,1.67,21.2
54855,6,5,0.3333,1.67,21.2
54870,6,5,0.3333,1.67,21.2
19973,6,5,0.3333,1.67,21.2
63273,6,5,0.3333,1.67,21.2
41793,6,5,0.3333,1.67,21.2
41865,6,5,0.3333,1.67,21.2
41880,6,5,0.3333,1.67,21.2
22847,6,5,0.3333,1.67,21.2
35731,6,5,0.3333,1.67,21.2
35826,6,5,0.3333,1.67,21.2
35828,6,5,0.3333,1.67,21.2
35834,6,5,0.3333,1.67,21.2
35837,6,5,0.3333,1.67,21.2
28300,6,5,0.3333,1.67,21.2
28315,6,5,0.3333,1.67,21.2
79777,6,5,0.3333,1.67,21.2
41775,6,5,0.3333,1.67,21.2
41640,6,5,0.3333,1.67,21.2
63285,6,5,0.3333,1.67,21.2
20554,6,5,0.3333,1.67,21.2
53054,6,5,0.3333,1.67,21.2
66825,6,5,0.3333,1.67,21.2
66856,6,5,0.3333,1.67,21.2
29977,6,5,0.3333,1.67,21.2
66782,6,5,0.3333,1.67,21.2
35899,6,5,0.3333,1.67,21.2
66662,6,5,0.3333,1.67,21.2
13982,6,5,0.3333,1.67,21.2
29945,6,5,0.3333,1.67,21.2
29946,6,5,0.3333,1.67,21.2
28332,6,5,0.3333,1.67,21.2
28341,6,5,0.3333,1.67,21.2
41668,6,5,0.3333,1.67,21.2
41689,6,5,0.3333,1.67,21.2
41545,6,5,0.3333,1.67,21.2
41546,6,5,0.3333,1.67,21.2
41583,6,5,0.3333,1.67,21.2
63379,6,5,0.3333,1.67,21.2
41709,6,5,0.3333,1.67,21.2
29930,6,5,0.3333,1.67,21.2
28384,6,5,0.3333,1.67,21.2
28385,6,5,0.3333,1.67,21.2
63465,6,5,0.3333,1.67,21.2
63468,6,5,0.3333,1.67,21.2
41509,6,5,0.3333,1.67,21.2
76207,6,5,0.3333,1.67,21.2
9396,6,5,0.3333,1.67,21.2
66612,6,5,0.3333,1.67,21.2
41598,6,5,0.3333,1.67,21.2
41602,6,5,0.3333,1.67,21.2
63418,6,5,0.3333,1.67,21.2
63420,6,5,0.3333,1.67,21.2
63447,6,5,0.3333,1.67,21.2
63454,6,5,0.3333,1.67,21.2
41655,6,5,0.3333,1.67,21.2
79818,6,5,0.3333,1.67,21.2
22993,6,5,0.3333,1.67,21.2
41356,6,5,0.3333,1.67,21.2
28389,6,5,0.3333,1.67,21.2
28446,6,5,0.3333,1.67,21.2
66503,6,5,0.3333,1.67,21.2
66547,6,5,0.3333,1.67,21.2
76479,6,5,0.3333,1.67,21.2
7577,6,5,0.3333,1.67,21.2
7580,6,5,0.3333,1.67,21.2
7592,6,5,0.3333,1.67,21.2
52359,6,5,0.3333,1.67,21.2
52217,6,5,0.3333,1.67,21.2
52239,6,5,0.3333,1.67,21.2
52260,6,5,0.3333,1.67,21.2
52292,6,5,0.3333,1.67,21.2
25859,6,5,0.3333,1.67,21.2
29937,6,5,0.3333,1.67,21.2
36028,6,5,0.3333,1.67,21.2
36036,6,5,0.3333,1.67,21.2
36094,6,5,0.3333,1.67,21.2
36095,6,5,0.3333,1.67,21.2
7859,6,5,0.3333,1.67,21.2
79076,6,5,0.3333,1.67,21.2
79109,6,5,0.3333,1.67,21.2
28549,6,5,0.3333,1.67,21.2
41320,6,5,0.3333,1.67,21.2
41273,6,5,0.3333,1.67,21.2
41363,6,5,0.3333,1.67,21.2
41375,6,5,0.3333,1.67,21.2
41382,6,5,0.3333,1.67,21.2
63553,6,5,0.3333,1.67,21.2
63559,6,5,0.3333,1.67,21.2
36173,6,5,0.3333,1.67,21.2
66479,6,5,0.3333,1.67,21.2
66343,6,5,0.3333,1.67,21.2
7885,6,5,0.3333,1.67,21.2
28608,6,5,0.3333,1.67,21.2
28610,6,5,0.3333,1.67,21.2
28614,6,5,0.3333,1.67,21.2
41245,6,5,0.3333,1.67,21.2
41296,6,5,0.3333,1.67,21.2
16483,6,5,0.3333,1.67,21.2
63562,6,5,0.3333,1.67,21.2
63581,6,5,0.3333,1.67,21.2
63586,6,5,0.3333,1.67,21.2
63592,6,5,0.3333,1.67,21.2
7709,6,5,0.3333,1.67,21.2
29840,6,5,0.3333,1.67,21.2
40917,6,5,0.3333,1.67,21.2
41172,6,5,0.3333,1.67,21.2
24219,6,5,0.3333,1.67,21.2
24255,6,5,0.3333,1.67,21.2
36203,6,5,0.3333,1.67,21.2
36266,6,5,0.3333,1.67,21.2
36275,6,5,0.3333,1.67,21.2
63633,6,5,0.3333,1.67,21.2
63696,6,5,0.3333,1.67,21.2
63726,6,5,0.3333,1.67,21.2
63632,6,5,0.3333,1.67,21.2
28569,6,5,0.3333,1.67,21.2
28593,6,5,0.3333,1.67,21.2
78885,6,5,0.3333,1.67,21.2
36138,6,5,0.3333,1.67,21.2
36140,6,5,0.3333,1.67,21.2
36304,6,5,0.3333,1.67,21.2
36311,6,5,0.3333,1.67,21.2
19453,6,5,0.3333,1.67,21.2
20050,6,5,0.3333,1.67,21.2
20090,6,5,0.3333,1.67,21.2
78757,6,5,0.3333,1.67,21.2
40805,6,5,0.3333,1.67,21.2
40851,6,5,0.3333,1.67,21.2
16228,6,5,0.3333,1.67,21.2
40860,6,5,0.3333,1.67,21.2
40766,6,5,0.3333,1.67,21.2
40776,6,5,0.3333,1.67,21.2
25743,6,5,0.3333,1.67,21.2
25792,6,5,0.3333,1.67,21.2
40870,6,5,0.3333,1.67,21.2
40898,6,5,0.3333,1.67,21.2
40263,6,5,0.3333,1.67,21.2
40699,6,5,0.3333,1.67,21.2
40765,6,5,0.3333,1.67,21.2
9407,6,5,0.3333,1.67,21.2
36369,6,5,0.3333,1.67,21.2
36383,6,5,0.3333,1.67,21.2
36403,6,5,0.3333,1.67,21.2
52401,6,5,0.3333,1.67,21.2
20801,6,5,0.3333,1.67,21.2
20807,6,5,0.3333,1.67,21.2
78517,6,5,0.3333,1.67,21.2
28639,6,5,0.3333,1.67,21.2
28657,6,5,0.3333,1.67,21.2
66339,6,5,0.3333,1.67,21.2
66299,6,5,0.3333,1.67,21.2
36295,6,5,0.3333,1.67,21.2
52881,6,5,0.3333,1.67,21.2
52887,6,5,0.3333,1.67,21.2
29714,6,5,0.3333,1.67,21.2
29722,6,5,0.3333,1.67,21.2
29735,6,5,0.3333,1.67,21.2
8070,6,5,0.3333,1.67,21.2
8073,6,5,0.3333,1.67,21.2
54770,6,5,0.3333,1.67,21.2
54784,6,5,0.3333,1.67,21.2
54826,6,5,0.3333,1.67,21.2
54829,6,5,0.3333,1.67,21.2
54840,6,5,0.3333,1.67,21.2
56419,6,5,0.3333,1.67,21.2
56446,6,5,0.3333,1.67,21.2
40426,6,5,0.3333,1.67,21.2
40530,6,5,0.3333,1.67,21.2
29740,6,5,0.3333,1.67,21.2
76658,6,5,0.3333,1.67,21.2
29782,6,5,0.3333,1.67,21.2
66278,6,5,0.3333,1.67,21.2
36419,6,5,0.3333,1.67,21.2
24121,6,5,0.3333,1.67,21.2
24141,6,5,0.3333,1.67,21.2
63912,6,5,0.3333,1.67,21.2
63951,6,5,0.3333,1.67,21.2
40307,6,5,0.3333,1.67,21.2
40382,6,5,0.3333,1.67,21.2
56448,6,5,0.3333,1.67,21.2
56453,6,5,0.3333,1.67,21.2
28755,6,5,0.3333,1.67,21.2
53055,6,5,0.3333,1.67,21.2
53197,6,5,0.3333,1.67,21.2
36441,6,5,0.3333,1.67,21.2
52368,6,5,0.3333,1.67,21.2
52375,6,5,0.3333,1.67,21.2
52379,6,5,0.3333,1.67,21.2
16047,6,5,0.3333,1.67,21.2
39933,6,5,0.3333,1.67,21.2
39974,6,5,0.3333,1.67,21.2
39975,6,5,0.3333,1.67,21.2
39999,6,5,0.3333,1.67,21.2
40035,6,5,0.3333,1.67,21.2
40052,6,5,0.3333,1.67,21.2
40053,6,5,0.3333,1.67,21.2
40139,6,5,0.3333,1.67,21.2
40144,6,5,0.3333,1.67,21.2
40226,6,5,0.3333,1.67,21.2
16092,6,5,0.3333,1.67,21.2
25544,6,5,0.3333,1.67,21.2
25554,6,5,0.3333,1.67,21.2
28800,6,5,0.3333,1.67,21.2
28801,6,5,0.3333,1.67,21.2
52488,6,5,0.3333,1.67,21.2
52500,6,5,0.3333,1.67,21.2
52501,6,5,0.3333,1.67,21.2
52515,6,5,0.3333,1.67,21.2
52525,6,5,0.3333,1.67,21.2
52362,6,5,0.3333,1.67,21.2
36425,6,5,0.3333,1.67,21.2
36487,6,5,0.3333,1.67,21.2
66125,6,5,0.3333,1.67,21.2
66184,6,5,0.3333,1.67,21.2
66189,6,5,0.3333,1.67,21.2
66258,6,5,0.3333,1.67,21.2
39901,6,5,0.3333,1.67,21.2
39905,6,5,0.3333,1.67,21.2
15962,6,5,0.3333,1.67,21.2
25555,6,5,0.3333,1.67,21.2
76588,6,5,0.3333,1.67,21.2
36632,6,5,0.3333,1.67,21.2
36647,6,5,0.3333,1.67,21.2
64132,6,5,0.3333,1.67,21.2
23232,6,5,0.3333,1.67,21.2
28782,6,5,0.3333,1.67,21.2
36459,6,5,0.3333,1.67,21.2
24063,6,5,0.3333,1.67,21.2
36624,6,5,0.3333,1.67,21.2
9119,6,5,0.3333,1.67,21.2
25515,6,5,0.3333,1.67,21.2
25528,6,5,0.3333,1.67,21.2
76825,6,5,0.3333,1.67,21.2
54456,6,5,0.3333,1.67,21.2
54580,6,5,0.3333,1.67,21.2
14369,6,5,0.3333,1.67,21.2
57627,6,5,0.3333,1.67,21.2
8119,6,5,0.3333,1.67,21.2
8133,6,5,0.3333,1.67,21.2
28868,6,5,0.3333,1.67,21.2
25689,6,5,0.3333,1.67,21.2
15796,6,5,0.3333,1.67,21.2
64277,6,5,0.3333,1.67,21.2
39773,6,5,0.3333,1.67,21.2
39814,6,5,0.3333,1.67,21.2
39821,6,5,0.3333,1.67,21.2
39853,6,5,0.3333,1.67,21.2
39898,6,5,0.3333,1.67,21.2
65977,6,5,0.3333,1.67,21.2
65989,6,5,0.3333,1.67,21.2
36700,6,5,0.3333,1.67,21.2
23995,6,5,0.3333,1.67,21.2
64364,6,5,0.3333,1.67,21.2
64386,6,5,0.3333,1.67,21.2
64391,6,5,0.3333,1.67,21.2
64400,6,5,0.3333,1.67,21.2
64406,6,5,0.3333,1.67,21.2
64434,6,5,0.3333,1.67,21.2
64437,6,5,0.3333,1.67,21.2
15856,6,5,0.3333,1.67,21.2
23336,6,5,0.3333,1.67,21.2
39685,6,5,0.3333,1.67,21.2
64297,6,5,0.3333,1.67,21.2
64324,6,5,0.3333,1.67,21.2
36875,6,5,0.3333,1.67,21.2
65892,6,5,0.3333,1.67,21.2
65951,6,5,0.3333,1.67,21.2
36903,6,5,0.3333,1.67,21.2
36913,6,5,0.3333,1.67,21.2
28957,6,5,0.3333,1.67,21.2
39405,6,5,0.3333,1.67,21.2
39474,6,5,0.3333,1.67,21.2
39553,6,5,0.3333,1.67,21.2
39557,6,5,0.3333,1.67,21.2
57635,6,5,0.3333,1.67,21.2
29646,6,5,0.3333,1.67,21.2
9030,6,5,0.3333,1.67,21.2
29685,6,5,0.3333,1.67,21.2
76756,6,5,0.3333,1.67,21.2
76790,6,5,0.3333,1.67,21.2
64500,6,5,0.3333,1.67,21.2
65876,6,5,0.3333,1.67,21.2
36968,6,5,0.3333,1.67,21.2
36993,6,5,0.3333,1.67,21.2
29584,6,5,0.3333,1.67,21.2
64509,6,5,0.3333,1.67,21.2
64519,6,5,0.3333,1.67,21.2
64524,6,5,0.3333,1.67,21.2
64534,6,5,0.3333,1.67,21.2
64537,6,5,0.3333,1.67,21.2
64458,6,5,0.3333,1.67,21.2
8247,6,5,0.3333,1.67,21.2
28934,6,5,0.3333,1.67,21.2
23996,6,5,0.3333,1.67,21.2
23998,6,5,0.3333,1.67,21.2
36626,6,5,0.3333,1.67,21.2
36882,6,5,0.3333,1.67,21.2
23966,6,5,0.3333,1.67,21.2
39165,6,5,0.3333,1.67,21.2
39166,6,5,0.3333,1.67,21.2
23485,6,5,0.3333,1.67,21.2
23486,6,5,0.3333,1.67,21.2
78042,6,5,0.3333,1.67,21.2
78073,6,5,0.3333,1.67,21.2
78094,6,5,0.3333,1.67,21.2
77932,6,5,0.3333,1.67,21.2
28996,6,5,0.3333,1.67,21.2
29003,6,5,0.3333,1.67,21.2
39280,6,5,0.3333,1.67,21.2
39281,6,5,0.3333,1.67,21.2
39116,6,5,0.3333,1.67,21.2
39124,6,5,0.3333,1.67,21.2
64546,6,5,0.3333,1.67,21.2
14615,6,5,0.3333,1.67,21.2
14616,6,5,0.3333,1.67,21.2
14596,6,5,0.3333,1.67,21.2
37160,6,5,0.3333,1.67,21.2
37167,6,5,0.3333,1.67,21.2
64547,6,5,0.3333,1.67,21.2
64602,6,5,0.3333,1.67,21.2
19178,6,5,0.3333,1.67,21.2
20706,6,5,0.3333,1.67,21.2
52436,6,5,0.3333,1.67,21.2
76859,6,5,0.3333,1.67,21.2
9004,6,5,0.3333,1.67,21.2
29593,6,5,0.3333,1.67,21.2
37057,6,5,0.3333,1.67,21.2
37066,6,5,0.3333,1.67,21.2
20598,6,5,0.3333,1.67,21.2
20642,6,5,0.3333,1.67,21.2
20649,6,5,0.3333,1.67,21.2
52847,6,5,0.3333,1.67,21.2
52723,6,5,0.3333,1.67,21.2
52726,6,5,0.3333,1.67,21.2
52728,6,5,0.3333,1.67,21.2
52768,6,5,0.3333,1.67,21.2
23462,6,5,0.3333,1.67,21.2
23477,6,5,0.3333,1.67,21.2
15466,6,5,0.3333,1.67,21.2
15487,6,5,0.3333,1.67,21.2
39073,6,5,0.3333,1.67,21.2
39102,6,5,0.3333,1.67,21.2
39103,6,5,0.3333,1.67,21.2
64545,6,5,0.3333,1.67,21.2
9050,6,5,0.3333,1.67,21.2
29540,6,5,0.3333,1.67,21.2
29579,6,5,0.3333,1.67,21.2
37193,6,5,0.3333,1.67,21.2
37207,6,5,0.3333,1.67,21.2
37225,6,5,0.3333,1.67,21.2
38607,6,5,0.3333,1.67,21.2
15515,6,5,0.3333,1.67,21.2
38927,6,5,0.3333,1.67,21.2
29013,6,5,0.3333,1.67,21.2
8277,6,5,0.3333,1.67,21.2
77883,6,5,0.3333,1.67,21.2
29056,6,5,0.3333,1.67,21.2
38964,6,5,0.3333,1.67,21.2
37187,6,5,0.3333,1.67,21.2
37092,6,5,0.3333,1.67,21.2
14756,6,5,0.3333,1.67,21.2
14775,6,5,0.3333,1.67,21.2
37255,6,5,0.3333,1.67,21.2
23508,6,5,0.3333,1.67,21.2
23593,6,5,0.3333,1.67,21.2
38677,6,5,0.3333,1.67,21.2
38712,6,5,0.3333,1.67,21.2
38762,6,5,0.3333,1.67,21.2
64730,6,5,0.3333,1.67,21.2
54712,6,5,0.3333,1.67,21.2
20013,6,5,0.3333,1.67,21.2
29100,6,5,0.3333,1.67,21.2
29105,6,5,0.3333,1.67,21.2
38779,6,5,0.3333,1.67,21.2
38784,6,5,0.3333,1.67,21.2
76967,6,5,0.3333,1.67,21.2
38489,6,5,0.3333,1.67,21.2
38505,6,5,0.3333,1.67,21.2
38539,6,5,0.3333,1.67,21.2
8983,6,5,0.3333,1.67,21.2
29486,6,5,0.3333,1.67,21.2
37319,6,5,0.3333,1.67,21.2
65609,6,5,0.3333,1.67,21.2
77705,6,5,0.3333,1.67,21.2
77703,6,5,0.3333,1.67,21.2
8332,6,5,0.3333,1.67,21.2
52589,6,5,0.3333,1.67,21.2
52617,6,5,0.3333,1.67,21.2
23945,6,5,0.3333,1.67,21.2
23956,6,5,0.3333,1.67,21.2
65643,6,5,0.3333,1.67,21.2
65651,6,5,0.3333,1.67,21.2
37532,6,5,0.3333,1.67,21.2
65493,6,5,0.3333,1.67,21.2
38341,6,5,0.3333,1.67,21.2
38342,6,5,0.3333,1.67,21.2
38343,6,5,0.3333,1.67,21.2
38389,6,5,0.3333,1.67,21.2
23610,6,5,0.3333,1.67,21.2
23629,6,5,0.3333,1.67,21.2
64895,6,5,0.3333,1.67,21.2
64904,6,5,0.3333,1.67,21.2
38447,6,5,0.3333,1.67,21.2
38451,6,5,0.3333,1.67,21.2
25622,6,5,0.3333,1.67,21.2
29091,6,5,0.3333,1.67,21.2
29092,6,5,0.3333,1.67,21.2
15429,6,5,0.3333,1.67,21.2
29407,6,5,0.3333,1.67,21.2
29412,6,5,0.3333,1.67,21.2
29298,6,5,0.3333,1.67,21.2
29305,6,5,0.3333,1.67,21.2
29307,6,5,0.3333,1.67,21.2
15144,6,5,0.3333,1.67,21.2
38198,6,5,0.3333,1.67,21.2
38205,6,5,0.3333,1.67,21.2
38254,6,5,0.3333,1.67,21.2
38280,6,5,0.3333,1.67,21.2
23690,6,5,0.3333,1.67,21.2
23675,6,5,0.3333,1.67,21.2
23682,6,5,0.3333,1.67,21.2
64996,6,5,0.3333,1.67,21.2
37374,6,5,0.3333,1.67,21.2
37416,6,5,0.3333,1.67,21.2
57699,6,5,0.3333,1.67,21.2
57739,6,5,0.3333,1.67,21.2
57769,6,5,0.3333,1.67,21.2
77258,6,5,0.3333,1.67,21.2
77267,6,5,0.3333,1.67,21.2
23880,6,5,0.3333,1.67,21.2
37649,6,5,0.3333,1.67,21.2
23695,6,5,0.3333,1.67,21.2
38134,6,5,0.3333,1.67,21.2
65036,6,5,0.3333,1.67,21.2
65040,6,5,0.3333,1.67,21.2
77563,6,5,0.3333,1.67,21.2
29230,6,5,0.3333,1.67,21.2
65557,6,5,0.3333,1.67,21.2
52636,6,5,0.3333,1.67,21.2
52663,6,5,0.3333,1.67,21.2
37950,6,5,0.3333,1.67,21.2
37661,6,5,0.3333,1.67,21.2
37664,6,5,0.3333,1.67,21.2
65456,6,5,0.3333,1.67,21.2
65460,6,5,0.3333,1.67,21.2
65423,6,5,0.3333,1.67,21.2
77279,6,5,0.3333,1.67,21.2
37962,6,5,0.3333,1.67,21.2
38062,6,5,0.3333,1.67,21.2
65073,6,5,0.3333,1.67,21.2
65089,6,5,0.3333,1.67,21.2
65095,6,5,0.3333,1.67,21.2
57669,6,5,0.3333,1.67,21.2
57675,6,5,0.3333,1.67,21.2
57676,6,5,0.3333,1.67,21.2
57678,6,5,0.3333,1.67,21.2
50825,6,5,0.3333,1.67,21.2
58541,6,5,0.3333,1.67,21.2
58570,6,5,0.3333,1.67,21.2
31961,6,5,0.3333,1.67,21.2
31820,6,5,0.3333,1.67,21.2
72309,6,5,0.3333,1.67,21.2
58622,6,5,0.3333,1.67,21.2
50764,6,5,0.3333,1.67,21.2
50766,6,5,0.3333,1.67,21.2
50776,6,5,0.3333,1.67,21.2
50779,6,5,0.3333,1.67,21.2
50783,6,5,0.3333,1.67,21.2
50810,6,5,0.3333,1.67,21.2
26349,6,5,0.3333,1.67,21.2
121,6,5,0.3333,1.67,21.2
31925,6,5,0.3333,1.67,21.2
50813,6,5,0.3333,1.67,21.2
29313,6,5,0.3333,1.67,21.2
29323,6,5,0.3333,1.67,21.2
29336,6,5,0.3333,1.67,21.2
8479,6,5,0.3333,1.67,21.2
8570,6,5,0.3333,1.67,21.2
65333,6,5,0.3333,1.67,21.2
65347,6,5,0.3333,1.67,21.2
65138,6,5,0.3333,1.67,21.2
37892,6,5,0.3333,1.67,21.2
54617,6,5,0.3333,1.67,21.2
54621,6,5,0.3333,1.67,21.2
54624,6,5,0.3333,1.67,21.2
54629,6,5,0.3333,1.67,21.2
54664,6,5,0.3333,1.67,21.2
72020,6,5,0.3333,1.67,21.2
48,76,75,0.0263,1.97,20.46
144,75,74,0.0267,1.97,20.28
82,75,74,0.0267,1.97,20.28
83,73,72,0.0274,1.97,19.92
72,71,70,0.0282,1.97,19.55
151,70,69,0.0286,1.97,19.37
44968,7,6,0.2857,1.71,19.11
27656,7,6,0.2857,1.71,19.11
27655,7,6,0.2857,1.71,19.11
27650,7,6,0.2857,1.71,19.11
27648,7,6,0.2857,1.71,19.11
51878,7,6,0.2857,1.71,19.11
45232,7,6,0.2857,1.71,19.11
5958,7,6,0.2857,1.71,19.11
19564,7,6,0.2857,1.71,19.11
34637,7,6,0.2857,1.71,19.11
34636,7,6,0.2857,1.71,19.11
34585,7,6,0.2857,1.71,19.11
11405,7,6,0.2857,1.71,19.11
37855,7,6,0.2857,1.71,19.11
14982,7,6,0.2857,1.71,19.11
65339,7,6,0.2857,1.71,19.11
65291,7,6,0.2857,1.71,19.11
37777,7,6,0.2857,1.71,19.11
37744,7,6,0.2857,1.71,19.11
37684,7,6,0.2857,1.71,19.11
65387,7,6,0.2857,1.71,19.11
65385,7,6,0.2857,1.71,19.11
65450,7,6,0.2857,1.71,19.11
14957,7,6,0.2857,1.71,19.11
37682,7,6,0.2857,1.71,19.11
37663,7,6,0.2857,1.71,19.11
54661,7,6,0.2857,1.71,19.11
54614,7,6,0.2857,1.71,19.11
37889,7,6,0.2857,1.71,19.11
37862,7,6,0.2857,1.71,19.11
31962,7,6,0.2857,1.71,19.11
11280,7,6,0.2857,1.71,19.11
31836,7,6,0.2857,1.71,19.11
31834,7,6,0.2857,1.71,19.11
53852,7,6,0.2857,1.71,19.11
19085,7,6,0.2857,1.71,19.11
21166,7,6,0.2857,1.71,19.11
37579,7,6,0.2857,1.71,19.11
37573,7,6,0.2857,1.71,19.11
23821,7,6,0.2857,1.71,19.11
8808,7,6,0.2857,1.71,19.11
25562,7,6,0.2857,1.71,19.11
29436,7,6,0.2857,1.71,19.11
29425,7,6,0.2857,1.71,19.11
52683,7,6,0.2857,1.71,19.11
8592,7,6,0.2857,1.71,19.11
14889,7,6,0.2857,1.71,19.11
58673,7,6,0.2857,1.71,19.11
58672,7,6,0.2857,1.71,19.11
50761,7,6,0.2857,1.71,19.11
50734,7,6,0.2857,1.71,19.11
26467,7,6,0.2857,1.71,19.11
53889,7,6,0.2857,1.71,19.11
53823,7,6,0.2857,1.71,19.11
29232,7,6,0.2857,1.71,19.11
8595,7,6,0.2857,1.71,19.11
29229,7,6,0.2857,1.71,19.11
15142,7,6,0.2857,1.71,19.11
23723,7,6,0.2857,1.71,19.11
37583,7,6,0.2857,1.71,19.11
53804,7,6,0.2857,1.71,19.11
20301,7,6,0.2857,1.71,19.11
20237,7,6,0.2857,1.71,19.11
20191,7,6,0.2857,1.71,19.11
25109,7,6,0.2857,1.71,19.11
71843,7,6,0.2857,1.71,19.11
26386,7,6,0.2857,1.71,19.11
21230,7,6,0.2857,1.71,19.11
21199,7,6,0.2857,1.71,19.11
21193,7,6,0.2857,1.71,19.11
58768,7,6,0.2857,1.71,19.11
29139,7,6,0.2857,1.71,19.11
29138,7,6,0.2857,1.71,19.11
23676,7,6,0.2857,1.71,19.11
38241,7,6,0.2857,1.71,19.11
38137,7,6,0.2857,1.71,19.11
65033,7,6,0.2857,1.71,19.11
29301,7,6,0.2857,1.71,19.11
29258,7,6,0.2857,1.71,19.11
52628,7,6,0.2857,1.71,19.11
52625,7,6,0.2857,1.71,19.11
52624,7,6,0.2857,1.71,19.11
20693,7,6,0.2857,1.71,19.11
37411,7,6,0.2857,1.71,19.11
37382,7,6,0.2857,1.71,19.11
38337,7,6,0.2857,1.71,19.11
65015,7,6,0.2857,1.71,19.11
64975,7,6,0.2857,1.71,19.11
29214,7,6,0.2857,1.71,19.11
29153,7,6,0.2857,1.71,19.11
51064,7,6,0.2857,1.71,19.11
51043,7,6,0.2857,1.71,19.11
32037,7,6,0.2857,1.71,19.11
71783,7,6,0.2857,1.71,19.11
71760,7,6,0.2857,1.71,19.11
56934,7,6,0.2857,1.71,19.11
26514,7,6,0.2857,1.71,19.11
50511,7,6,0.2857,1.71,19.11
32092,7,6,0.2857,1.71,19.11
23598,7,6,0.2857,1.71,19.11
38382,7,6,0.2857,1.71,19.11
38374,7,6,0.2857,1.71,19.11
23670,7,6,0.2857,1.71,19.11
38283,7,6,0.2857,1.71,19.11
38368,7,6,0.2857,1.71,19.11
38344,7,6,0.2857,1.71,19.11
38338,7,6,0.2857,1.71,19.11
14850,7,6,0.2857,1.71,19.11
37494,7,6,0.2857,1.71,19.11
37488,7,6,0.2857,1.71,19.11
37485,7,6,0.2857,1.71,19.11
14696,7,6,0.2857,1.71,19.11
11113,7,6,0.2857,1.71,19.11
11309,7,6,0.2857,1.71,19.11
72591,7,6,0.2857,1.71,19.11
50382,7,6,0.2857,1.71,19.11
50317,7,6,0.2857,1.71,19.11
21216,7,6,0.2857,1.71,19.11
19006,7,6,0.2857,1.71,19.11
11725,7,6,0.2857,1.71,19.11
11658,7,6,0.2857,1.71,19.11
32205,7,6,0.2857,1.71,19.11
29132,7,6,0.2857,1.71,19.11
29131,7,6,0.2857,1.71,19.11
8373,7,6,0.2857,1.71,19.11
8371,7,6,0.2857,1.71,19.11
25644,7,6,0.2857,1.71,19.11
25630,7,6,0.2857,1.71,19.11
25626,7,6,0.2857,1.71,19.11
38404,7,6,0.2857,1.71,19.11
15295,7,6,0.2857,1.71,19.11
37339,7,6,0.2857,1.71,19.11
29491,7,6,0.2857,1.71,19.11
29487,7,6,0.2857,1.71,19.11
29478,7,6,0.2857,1.71,19.11
25608,7,6,0.2857,1.71,19.11
25598,7,6,0.2857,1.71,19.11
29114,7,6,0.2857,1.71,19.11
38570,7,6,0.2857,1.71,19.11
38523,7,6,0.2857,1.71,19.11
38507,7,6,0.2857,1.71,19.11
15376,7,6,0.2857,1.71,19.11
15372,7,6,0.2857,1.71,19.11
32199,7,6,0.2857,1.71,19.11
32173,7,6,0.2857,1.71,19.11
32168,7,6,0.2857,1.71,19.11
72686,7,6,0.2857,1.71,19.11
31734,7,6,0.2857,1.71,19.11
50176,7,6,0.2857,1.71,19.11
21309,7,6,0.2857,1.71,19.11
21255,7,6,0.2857,1.71,19.11
21241,7,6,0.2857,1.71,19.11
50300,7,6,0.2857,1.71,19.11
26561,7,6,0.2857,1.71,19.11
23891,7,6,0.2857,1.71,19.11
57819,7,6,0.2857,1.71,19.11
52596,7,6,0.2857,1.71,19.11
57774,7,6,0.2857,1.71,19.11
38402,7,6,0.2857,1.71,19.11
25617,7,6,0.2857,1.71,19.11
8356,7,6,0.2857,1.71,19.11
29117,7,6,0.2857,1.71,19.11
29115,7,6,0.2857,1.71,19.11
37354,7,6,0.2857,1.71,19.11
37353,7,6,0.2857,1.71,19.11
38479,7,6,0.2857,1.71,19.11
38591,7,6,0.2857,1.71,19.11
23564,7,6,0.2857,1.71,19.11
23542,7,6,0.2857,1.71,19.11
23504,7,6,0.2857,1.71,19.11
23495,7,6,0.2857,1.71,19.11
64840,7,6,0.2857,1.71,19.11
25587,7,6,0.2857,1.71,19.11
25572,7,6,0.2857,1.71,19.11
23953,7,6,0.2857,1.71,19.11
23896,7,6,0.2857,1.71,19.11
19608,7,6,0.2857,1.71,19.11
55721,7,6,0.2857,1.71,19.11
50288,7,6,0.2857,1.71,19.11
59075,7,6,0.2857,1.71,19.11
59058,7,6,0.2857,1.71,19.11
58902,7,6,0.2857,1.71,19.11
29577,7,6,0.2857,1.71,19.11
29571,7,6,0.2857,1.71,19.11
8897,7,6,0.2857,1.71,19.11
8880,7,6,0.2857,1.71,19.11
76972,7,6,0.2857,1.71,19.11
64816,7,6,0.2857,1.71,19.11
64749,7,6,0.2857,1.71,19.11
29106,7,6,0.2857,1.71,19.11
29103,7,6,0.2857,1.71,19.11
20024,7,6,0.2857,1.71,19.11
20019,7,6,0.2857,1.71,19.11
56491,7,6,0.2857,1.71,19.11
8278,7,6,0.2857,1.71,19.11
38879,7,6,0.2857,1.71,19.11
38675,7,6,0.2857,1.71,19.11
38670,7,6,0.2857,1.71,19.11
38867,7,6,0.2857,1.71,19.11
38785,7,6,0.2857,1.71,19.11
37191,7,6,0.2857,1.71,19.11
32249,7,6,0.2857,1.71,19.11
11744,7,6,0.2857,1.71,19.11
51127,7,6,0.2857,1.71,19.11
51096,7,6,0.2857,1.71,19.11
25157,7,6,0.2857,1.71,19.11
72834,7,6,0.2857,1.71,19.11
32319,7,6,0.2857,1.71,19.11
32305,7,6,0.2857,1.71,19.11
32295,7,6,0.2857,1.71,19.11
71507,7,6,0.2857,1.71,19.11
71378,7,6,0.2857,1.71,19.11
32262,7,6,0.2857,1.71,19.11
59114,7,6,0.2857,1.71,19.11
59108,7,6,0.2857,1.71,19.11
37185,7,6,0.2857,1.71,19.11
38978,7,6,0.2857,1.71,19.11
38936,7,6,0.2857,1.71,19.11
77905,7,6,0.2857,1.71,19.11
29069,7,6,0.2857,1.71,19.11
29067,7,6,0.2857,1.71,19.11
29049,7,6,0.2857,1.71,19.11
955,7,6,0.2857,1.71,19.11
26564,7,6,0.2857,1.71,19.11
32411,7,6,0.2857,1.71,19.11
32404,7,6,0.2857,1.71,19.11
37155,7,6,0.2857,1.71,19.11
14594,7,6,0.2857,1.71,19.11
65873,7,6,0.2857,1.71,19.11
23988,7,6,0.2857,1.71,19.11
15687,7,6,0.2857,1.71,19.11
64723,7,6,0.2857,1.71,19.11
29528,7,6,0.2857,1.71,19.11
31668,7,6,0.2857,1.71,19.11
31638,7,6,0.2857,1.71,19.11
49847,7,6,0.2857,1.71,19.11
49938,7,6,0.2857,1.71,19.11
49934,7,6,0.2857,1.71,19.11
49880,7,6,0.2857,1.71,19.11
32500,7,6,0.2857,1.71,19.11
11810,7,6,0.2857,1.71,19.11
72828,7,6,0.2857,1.71,19.11
72810,7,6,0.2857,1.71,19.11
31609,7,6,0.2857,1.71,19.11
49763,7,6,0.2857,1.71,19.11
21368,7,6,0.2857,1.71,19.11
21361,7,6,0.2857,1.71,19.11
1742,7,6,0.2857,1.71,19.11
76868,7,6,0.2857,1.71,19.11
52537,7,6,0.2857,1.71,19.11
19175,7,6,0.2857,1.71,19.11
19173,7,6,0.2857,1.71,19.11
64635,7,6,0.2857,1.71,19.11
37184,7,6,0.2857,1.71,19.11
37177,7,6,0.2857,1.71,19.11
19735,7,6,0.2857,1.71,19.11
19732,7,6,0.2857,1.71,19.11
19696,7,6,0.2857,1.71,19.11
55646,7,6,0.2857,1.71,19.11
56161,7,6,0.2857,1.71,19.11
56156,7,6,0.2857,1.71,19.11
713,7,6,0.2857,1.71,19.11
19082,7,6,0.2857,1.71,19.11
19073,7,6,0.2857,1.71,19.11
11018,7,6,0.2857,1.71,19.11
39239,7,6,0.2857,1.71,19.11
39157,7,6,0.2857,1.71,19.11
23972,7,6,0.2857,1.71,19.11
23969,7,6,0.2857,1.71,19.11
37070,7,6,0.2857,1.71,19.11
37032,7,6,0.2857,1.71,19.11
32449,7,6,0.2857,1.71,19.11
24969,7,6,0.2857,1.71,19.11
11883,7,6,0.2857,1.71,19.11
58440,7,6,0.2857,1.71,19.11
49728,7,6,0.2857,1.71,19.11
49724,7,6,0.2857,1.71,19.11
49718,7,6,0.2857,1.71,19.11
49689,7,6,0.2857,1.71,19.11
49685,7,6,0.2857,1.71,19.11
36758,7,6,0.2857,1.71,19.11
36753,7,6,0.2857,1.71,19.11
36721,7,6,0.2857,1.71,19.11
29008,7,6,0.2857,1.71,19.11
28981,7,6,0.2857,1.71,19.11
28961,7,6,0.2857,1.71,19.11
59285,7,6,0.2857,1.71,19.11
59274,7,6,0.2857,1.71,19.11
59250,7,6,0.2857,1.71,19.11
18900,7,6,0.2857,1.71,19.11
49673,7,6,0.2857,1.71,19.11
49670,7,6,0.2857,1.71,19.11
21408,7,6,0.2857,1.71,19.11
49483,7,6,0.2857,1.71,19.11
53781,7,6,0.2857,1.71,19.11
36888,7,6,0.2857,1.71,19.11
65906,7,6,0.2857,1.71,19.11
36871,7,6,0.2857,1.71,19.11
28943,7,6,0.2857,1.71,19.11
28907,7,6,0.2857,1.71,19.11
23426,7,6,0.2857,1.71,19.11
23402,7,6,0.2857,1.71,19.11
29581,7,6,0.2857,1.71,19.11
37018,7,6,0.2857,1.71,19.11
53775,7,6,0.2857,1.71,19.11
32494,7,6,0.2857,1.71,19.11
31473,7,6,0.2857,1.71,19.11
2005,7,6,0.2857,1.71,19.11
1115,7,6,0.2857,1.71,19.11
26678,7,6,0.2857,1.71,19.11
1367,7,6,0.2857,1.71,19.11
9048,7,6,0.2857,1.71,19.11
39561,7,6,0.2857,1.71,19.11
39559,7,6,0.2857,1.71,19.11
15697,7,6,0.2857,1.71,19.11
39500,7,6,0.2857,1.71,19.11
39488,7,6,0.2857,1.71,19.11
39473,7,6,0.2857,1.71,19.11
28946,7,6,0.2857,1.71,19.11
36713,7,6,0.2857,1.71,19.11
36912,7,6,0.2857,1.71,19.11
36902,7,6,0.2857,1.71,19.11
36889,7,6,0.2857,1.71,19.11
39602,7,6,0.2857,1.71,19.11
23356,7,6,0.2857,1.71,19.11
23332,7,6,0.2857,1.71,19.11
23327,7,6,0.2857,1.71,19.11
39580,7,6,0.2857,1.71,19.11
39572,7,6,0.2857,1.71,19.11
14476,7,6,0.2857,1.71,19.11
29687,7,6,0.2857,1.71,19.11
58355,7,6,0.2857,1.71,19.11
51319,7,6,0.2857,1.71,19.11
21429,7,6,0.2857,1.71,19.11
2218,7,6,0.2857,1.71,19.11
26295,7,6,0.2857,1.71,19.11
26283,7,6,0.2857,1.71,19.11
56820,7,6,0.2857,1.71,19.11
52909,7,6,0.2857,1.71,19.11
52907,7,6,0.2857,1.71,19.11
54502,7,6,0.2857,1.71,19.11
54481,7,6,0.2857,1.71,19.11
54480,7,6,0.2857,1.71,19.11
54477,7,6,0.2857,1.71,19.11
54434,7,6,0.2857,1.71,19.11
28819,7,6,0.2857,1.71,19.11
39694,7,6,0.2857,1.71,19.11
39639,7,6,0.2857,1.71,19.11
39634,7,6,0.2857,1.71,19.11
39543,7,6,0.2857,1.71,19.11
70956,7,6,0.2857,1.71,19.11
32553,7,6,0.2857,1.71,19.11
32545,7,6,0.2857,1.71,19.11
32537,7,6,0.2857,1.71,19.11
32532,7,6,0.2857,1.71,19.11
70934,7,6,0.2857,1.71,19.11
11888,7,6,0.2857,1.71,19.11
57051,7,6,0.2857,1.71,19.11
21426,7,6,0.2857,1.71,19.11
49566,7,6,0.2857,1.71,19.11
39759,7,6,0.2857,1.71,19.11
64275,7,6,0.2857,1.71,19.11
25666,7,6,0.2857,1.71,19.11
8213,7,6,0.2857,1.71,19.11
8192,7,6,0.2857,1.71,19.11
57634,7,6,0.2857,1.71,19.11
53034,7,6,0.2857,1.71,19.11
52967,7,6,0.2857,1.71,19.11
49510,7,6,0.2857,1.71,19.11
49487,7,6,0.2857,1.71,19.11
49395,7,6,0.2857,1.71,19.11
26812,7,6,0.2857,1.71,19.11
26763,7,6,0.2857,1.71,19.11
2175,7,6,0.2857,1.71,19.11
26760,7,6,0.2857,1.71,19.11
26749,7,6,0.2857,1.71,19.11
49358,7,6,0.2857,1.71,19.11
21432,7,6,0.2857,1.71,19.11
36648,7,6,0.2857,1.71,19.11
36631,7,6,0.2857,1.71,19.11
36546,7,6,0.2857,1.71,19.11
23212,7,6,0.2857,1.71,19.11
23209,7,6,0.2857,1.71,19.11
18876,7,6,0.2857,1.71,19.11
59572,7,6,0.2857,1.71,19.11
59489,7,6,0.2857,1.71,19.11
21475,7,6,0.2857,1.71,19.11
21466,7,6,0.2857,1.71,19.11
32659,7,6,0.2857,1.71,19.11
70833,7,6,0.2857,1.71,19.11
12012,7,6,0.2857,1.71,19.11
32593,7,6,0.2857,1.71,19.11
53965,7,6,0.2857,1.71,19.11
20151,7,6,0.2857,1.71,19.11
28791,7,6,0.2857,1.71,19.11
28772,7,6,0.2857,1.71,19.11
39845,7,6,0.2857,1.71,19.11
39840,7,6,0.2857,1.71,19.11
15940,7,6,0.2857,1.71,19.11
64119,7,6,0.2857,1.71,19.11
64260,7,6,0.2857,1.71,19.11
64158,7,6,0.2857,1.71,19.11
66021,7,6,0.2857,1.71,19.11
36488,7,6,0.2857,1.71,19.11
52511,7,6,0.2857,1.71,19.11
52468,7,6,0.2857,1.71,19.11
52467,7,6,0.2857,1.71,19.11
52438,7,6,0.2857,1.71,19.11
28709,7,6,0.2857,1.71,19.11
28814,7,6,0.2857,1.71,19.11
24073,7,6,0.2857,1.71,19.11
24071,7,6,0.2857,1.71,19.11
21448,7,6,0.2857,1.71,19.11
49178,7,6,0.2857,1.71,19.11
49170,7,6,0.2857,1.71,19.11
55558,7,6,0.2857,1.71,19.11
55541,7,6,0.2857,1.71,19.11
31492,7,6,0.2857,1.71,19.11
31412,7,6,0.2857,1.71,19.11
39995,7,6,0.2857,1.71,19.11
39960,7,6,0.2857,1.71,19.11
39932,7,6,0.2857,1.71,19.11
36608,7,6,0.2857,1.71,19.11
36604,7,6,0.2857,1.71,19.11
36551,7,6,0.2857,1.71,19.11
32565,7,6,0.2857,1.71,19.11
32689,7,6,0.2857,1.71,19.11
55507,7,6,0.2857,1.71,19.11
55502,7,6,0.2857,1.71,19.11
49311,7,6,0.2857,1.71,19.11
51244,7,6,0.2857,1.71,19.11
26824,7,6,0.2857,1.71,19.11
24928,7,6,0.2857,1.71,19.11
12057,7,6,0.2857,1.71,19.11
40221,7,6,0.2857,1.71,19.11
40189,7,6,0.2857,1.71,19.11
40186,7,6,0.2857,1.71,19.11
64077,7,6,0.2857,1.71,19.11
16029,7,6,0.2857,1.71,19.11
40133,7,6,0.2857,1.71,19.11
40127,7,6,0.2857,1.71,19.11
40083,7,6,0.2857,1.71,19.11
40073,7,6,0.2857,1.71,19.11
40056,7,6,0.2857,1.71,19.11
73124,7,6,0.2857,1.71,19.11
73054,7,6,0.2857,1.71,19.11
19786,7,6,0.2857,1.71,19.11
18880,7,6,0.2857,1.71,19.11
49239,7,6,0.2857,1.71,19.11
49185,7,6,0.2857,1.71,19.11
21518,7,6,0.2857,1.71,19.11
10945,7,6,0.2857,1.71,19.11
29780,7,6,0.2857,1.71,19.11
29769,7,6,0.2857,1.71,19.11
29754,7,6,0.2857,1.71,19.11
23193,7,6,0.2857,1.71,19.11
23175,7,6,0.2857,1.71,19.11
23136,7,6,0.2857,1.71,19.11
32734,7,6,0.2857,1.71,19.11
32730,7,6,0.2857,1.71,19.11
18844,7,6,0.2857,1.71,19.11
18832,7,6,0.2857,1.71,19.11
49084,7,6,0.2857,1.71,19.11
3196,7,6,0.2857,1.71,19.11
32889,7,6,0.2857,1.71,19.11
32853,7,6,0.2857,1.71,19.11
32850,7,6,0.2857,1.71,19.11
31397,7,6,0.2857,1.71,19.11
31357,7,6,0.2857,1.71,19.11
2742,7,6,0.2857,1.71,19.11
26896,7,6,0.2857,1.71,19.11
26875,7,6,0.2857,1.71,19.11
49081,7,6,0.2857,1.71,19.11
49072,7,6,0.2857,1.71,19.11
21579,7,6,0.2857,1.71,19.11
53170,7,6,0.2857,1.71,19.11
36408,7,6,0.2857,1.71,19.11
36406,7,6,0.2857,1.71,19.11
28751,7,6,0.2857,1.71,19.11
28711,7,6,0.2857,1.71,19.11
28710,7,6,0.2857,1.71,19.11
63921,7,6,0.2857,1.71,19.11
24149,7,6,0.2857,1.71,19.11
40543,7,6,0.2857,1.71,19.11
54788,7,6,0.2857,1.71,19.11
7924,7,6,0.2857,1.71,19.11
28763,7,6,0.2857,1.71,19.11
29719,7,6,0.2857,1.71,19.11
53190,7,6,0.2857,1.71,19.11
21569,7,6,0.2857,1.71,19.11
21554,7,6,0.2857,1.71,19.11
49004,7,6,0.2857,1.71,19.11
49001,7,6,0.2857,1.71,19.11
18872,7,6,0.2857,1.71,19.11
59706,7,6,0.2857,1.71,19.11
48967,7,6,0.2857,1.71,19.11
12104,7,6,0.2857,1.71,19.11
12100,7,6,0.2857,1.71,19.11
31350,7,6,0.2857,1.71,19.11
31347,7,6,0.2857,1.71,19.11
25228,7,6,0.2857,1.71,19.11
25224,7,6,0.2857,1.71,19.11
48899,7,6,0.2857,1.71,19.11
21589,7,6,0.2857,1.71,19.11
48858,7,6,0.2857,1.71,19.11
36364,7,6,0.2857,1.71,19.11
36360,7,6,0.2857,1.71,19.11
36344,7,6,0.2857,1.71,19.11
54296,7,6,0.2857,1.71,19.11
54295,7,6,0.2857,1.71,19.11
52381,7,6,0.2857,1.71,19.11
16252,7,6,0.2857,1.71,19.11
40304,7,6,0.2857,1.71,19.11
26974,7,6,0.2857,1.71,19.11
26948,7,6,0.2857,1.71,19.11
48634,7,6,0.2857,1.71,19.11
48632,7,6,0.2857,1.71,19.11
48837,7,6,0.2857,1.71,19.11
24900,7,6,0.2857,1.71,19.11
33065,7,6,0.2857,1.71,19.11
36329,7,6,0.2857,1.71,19.11
36306,7,6,0.2857,1.71,19.11
78466,7,6,0.2857,1.71,19.11
78871,7,6,0.2857,1.71,19.11
25807,7,6,0.2857,1.71,19.11
25795,7,6,0.2857,1.71,19.11
20810,7,6,0.2857,1.71,19.11
52399,7,6,0.2857,1.71,19.11
36391,7,6,0.2857,1.71,19.11
70378,7,6,0.2857,1.71,19.11
70263,7,6,0.2857,1.71,19.11
21029,7,6,0.2857,1.71,19.11
51450,7,6,0.2857,1.71,19.11
51431,7,6,0.2857,1.71,19.11
3592,7,6,0.2857,1.71,19.11
55364,7,6,0.2857,1.71,19.11
53599,7,6,0.2857,1.71,19.11
16419,7,6,0.2857,1.71,19.11
16243,7,6,0.2857,1.71,19.11
40831,7,6,0.2857,1.71,19.11
28681,7,6,0.2857,1.71,19.11
28679,7,6,0.2857,1.71,19.11
28678,7,6,0.2857,1.71,19.11
28662,7,6,0.2857,1.71,19.11
20063,7,6,0.2857,1.71,19.11
54361,7,6,0.2857,1.71,19.11
25751,7,6,0.2857,1.71,19.11
7960,7,6,0.2857,1.71,19.11
7945,7,6,0.2857,1.71,19.11
7932,7,6,0.2857,1.71,19.11
23117,7,6,0.2857,1.71,19.11
23111,7,6,0.2857,1.71,19.11
23106,7,6,0.2857,1.71,19.11
23095,7,6,0.2857,1.71,19.11
63795,7,6,0.2857,1.71,19.11
16433,7,6,0.2857,1.71,19.11
53745,7,6,0.2857,1.71,19.11
33035,7,6,0.2857,1.71,19.11
33027,7,6,0.2857,1.71,19.11
59802,7,6,0.2857,1.71,19.11
48663,7,6,0.2857,1.71,19.11
48463,7,6,0.2857,1.71,19.11
3897,7,6,0.2857,1.71,19.11
36276,7,6,0.2857,1.71,19.11
36251,7,6,0.2857,1.71,19.11
36221,7,6,0.2857,1.71,19.11
24224,7,6,0.2857,1.71,19.11
41171,7,6,0.2857,1.71,19.11
41157,7,6,0.2857,1.71,19.11
41155,7,6,0.2857,1.71,19.11
16405,7,6,0.2857,1.71,19.11
40922,7,6,0.2857,1.71,19.11
40904,7,6,0.2857,1.71,19.11
4057,7,6,0.2857,1.71,19.11
26210,7,6,0.2857,1.71,19.11
26201,7,6,0.2857,1.71,19.11
3648,7,6,0.2857,1.71,19.11
21607,7,6,0.2857,1.71,19.11
48535,7,6,0.2857,1.71,19.11
48533,7,6,0.2857,1.71,19.11
31197,7,6,0.2857,1.71,19.11
70210,7,6,0.2857,1.71,19.11
12182,7,6,0.2857,1.71,19.11
24918,7,6,0.2857,1.71,19.11
36139,7,6,0.2857,1.71,19.11
36107,7,6,0.2857,1.71,19.11
28580,7,6,0.2857,1.71,19.11
28568,7,6,0.2857,1.71,19.11
28559,7,6,0.2857,1.71,19.11
41196,7,6,0.2857,1.71,19.11
63753,7,6,0.2857,1.71,19.11
66310,7,6,0.2857,1.71,19.11
36278,7,6,0.2857,1.71,19.11
24911,7,6,0.2857,1.71,19.11
24903,7,6,0.2857,1.71,19.11
53605,7,6,0.2857,1.71,19.11
59928,7,6,0.2857,1.71,19.11
59954,7,6,0.2857,1.71,19.11
48391,7,6,0.2857,1.71,19.11
48357,7,6,0.2857,1.71,19.11
70109,7,6,0.2857,1.71,19.11
41290,7,6,0.2857,1.71,19.11
41218,7,6,0.2857,1.71,19.11
28607,7,6,0.2857,1.71,19.11
14218,7,6,0.2857,1.71,19.11
14179,7,6,0.2857,1.71,19.11
66362,7,6,0.2857,1.71,19.11
66462,7,6,0.2857,1.71,19.11
33100,7,6,0.2857,1.71,19.11
33099,7,6,0.2857,1.71,19.11
33097,7,6,0.2857,1.71,19.11
73567,7,6,0.2857,1.71,19.11
31217,7,6,0.2857,1.71,19.11
31214,7,6,0.2857,1.71,19.11
21714,7,6,0.2857,1.71,19.11
18747,7,6,0.2857,1.71,19.11
48336,7,6,0.2857,1.71,19.11
29940,7,6,0.2857,1.71,19.11
9359,7,6,0.2857,1.71,19.11
29886,7,6,0.2857,1.71,19.11
79429,7,6,0.2857,1.71,19.11
7744,7,6,0.2857,1.71,19.11
16435,7,6,0.2857,1.71,19.11
16476,7,6,0.2857,1.71,19.11
4164,7,6,0.2857,1.71,19.11
4163,7,6,0.2857,1.71,19.11
27022,7,6,0.2857,1.71,19.11
27013,7,6,0.2857,1.71,19.11
60088,7,6,0.2857,1.71,19.11
60073,7,6,0.2857,1.71,19.11
33221,7,6,0.2857,1.71,19.11
33177,7,6,0.2857,1.71,19.11
22973,7,6,0.2857,1.71,19.11
16582,7,6,0.2857,1.71,19.11
41383,7,6,0.2857,1.71,19.11
41277,7,6,0.2857,1.71,19.11
7750,7,6,0.2857,1.71,19.11
36076,7,6,0.2857,1.71,19.11
36029,7,6,0.2857,1.71,19.11
33160,7,6,0.2857,1.71,19.11
33148,7,6,0.2857,1.71,19.11
12167,7,6,0.2857,1.71,19.11
70153,7,6,0.2857,1.71,19.11
70123,7,6,0.2857,1.71,19.11
48238,7,6,0.2857,1.71,19.11
48235,7,6,0.2857,1.71,19.11
27166,7,6,0.2857,1.71,19.11
27164,7,6,0.2857,1.71,19.11
27157,7,6,0.2857,1.71,19.11
9413,7,6,0.2857,1.71,19.11
66508,7,6,0.2857,1.71,19.11
66636,7,6,0.2857,1.71,19.11
36003,7,6,0.2857,1.71,19.11
24313,7,6,0.2857,1.71,19.11
24276,7,6,0.2857,1.71,19.11
35998,7,6,0.2857,1.71,19.11
7576,7,6,0.2857,1.71,19.11
28433,7,6,0.2857,1.71,19.11
79490,7,6,0.2857,1.71,19.11
28381,7,6,0.2857,1.71,19.11
25833,7,6,0.2857,1.71,19.11
7521,7,6,0.2857,1.71,19.11
52320,7,6,0.2857,1.71,19.11
52289,7,6,0.2857,1.71,19.11
52255,7,6,0.2857,1.71,19.11
41357,7,6,0.2857,1.71,19.11
7688,7,6,0.2857,1.71,19.11
29837,7,6,0.2857,1.71,19.11
29834,7,6,0.2857,1.71,19.11
10664,7,6,0.2857,1.71,19.11
4192,7,6,0.2857,1.71,19.11
27133,7,6,0.2857,1.71,19.11
27083,7,6,0.2857,1.71,19.11
27081,7,6,0.2857,1.71,19.11
21763,7,6,0.2857,1.71,19.11
18670,7,6,0.2857,1.71,19.11
35993,7,6,0.2857,1.71,19.11
35983,7,6,0.2857,1.71,19.11
76216,7,6,0.2857,1.71,19.11
41540,7,6,0.2857,1.71,19.11
41446,7,6,0.2857,1.71,19.11
69976,7,6,0.2857,1.71,19.11
33251,7,6,0.2857,1.71,19.11
24889,7,6,0.2857,1.71,19.11
10713,7,6,0.2857,1.71,19.11
48246,7,6,0.2857,1.71,19.11
48203,7,6,0.2857,1.71,19.11
48135,7,6,0.2857,1.71,19.11
4498,7,6,0.2857,1.71,19.11
48121,7,6,0.2857,1.71,19.11
20997,7,6,0.2857,1.71,19.11
69946,7,6,0.2857,1.71,19.11
69923,7,6,0.2857,1.71,19.11
13990,7,6,0.2857,1.71,19.11
14046,7,6,0.2857,1.71,19.11
35949,7,6,0.2857,1.71,19.11
35943,7,6,0.2857,1.71,19.11
35925,7,6,0.2857,1.71,19.11
35872,7,6,0.2857,1.71,19.11
28325,7,6,0.2857,1.71,19.11
28321,7,6,0.2857,1.71,19.11
63446,7,6,0.2857,1.71,19.11
63391,7,6,0.2857,1.71,19.11
41593,7,6,0.2857,1.71,19.11
54180,7,6,0.2857,1.71,19.11
56774,7,6,0.2857,1.71,19.11
31113,7,6,0.2857,1.71,19.11
60238,7,6,0.2857,1.71,19.11
60196,7,6,0.2857,1.71,19.11
60194,7,6,0.2857,1.71,19.11
21840,7,6,0.2857,1.71,19.11
33364,7,6,0.2857,1.71,19.11
25440,7,6,0.2857,1.71,19.11
30009,7,6,0.2857,1.71,19.11
9569,7,6,0.2857,1.71,19.11
41589,7,6,0.2857,1.71,19.11
41576,7,6,0.2857,1.71,19.11
79727,7,6,0.2857,1.71,19.11
76097,7,6,0.2857,1.71,19.11
76027,7,6,0.2857,1.71,19.11
31091,7,6,0.2857,1.71,19.11
21827,7,6,0.2857,1.71,19.11
48023,7,6,0.2857,1.71,19.11
56286,7,6,0.2857,1.71,19.11
56282,7,6,0.2857,1.71,19.11
56244,7,6,0.2857,1.71,19.11
56219,7,6,0.2857,1.71,19.11
66846,7,6,0.2857,1.71,19.11
53221,7,6,0.2857,1.71,19.11
41755,7,6,0.2857,1.71,19.11
28267,7,6,0.2857,1.71,19.11
28253,7,6,0.2857,1.71,19.11
7381,7,6,0.2857,1.71,19.11
7340,7,6,0.2857,1.71,19.11
54730,7,6,0.2857,1.71,19.11
66780,7,6,0.2857,1.71,19.11
13979,7,6,0.2857,1.71,19.11
47949,7,6,0.2857,1.71,19.11
18596,7,6,0.2857,1.71,19.11
18556,7,6,0.2857,1.71,19.11
18476,7,6,0.2857,1.71,19.11
26178,7,6,0.2857,1.71,19.11
26169,7,6,0.2857,1.71,19.11
53697,7,6,0.2857,1.71,19.11
53687,7,6,0.2857,1.71,19.11
69682,7,6,0.2857,1.71,19.11
54858,7,6,0.2857,1.71,19.11
41918,7,6,0.2857,1.71,19.11
41909,7,6,0.2857,1.71,19.11
63304,7,6,0.2857,1.71,19.11
29982,7,6,0.2857,1.71,19.11
35822,7,6,0.2857,1.71,19.11
24345,7,6,0.2857,1.71,19.11
66858,7,6,0.2857,1.71,19.11
41872,7,6,0.2857,1.71,19.11
41981,7,6,0.2857,1.71,19.11
41968,7,6,0.2857,1.71,19.11
41936,7,6,0.2857,1.71,19.11
63225,7,6,0.2857,1.71,19.11
54882,7,6,0.2857,1.71,19.11
54880,7,6,0.2857,1.71,19.11
33380,7,6,0.2857,1.71,19.11
26161,7,6,0.2857,1.71,19.11
4613,7,6,0.2857,1.71,19.11
56300,7,6,0.2857,1.71,19.11
18429,7,6,0.2857,1.71,19.11
47894,7,6,0.2857,1.71,19.11
47892,7,6,0.2857,1.71,19.11
47828,7,6,0.2857,1.71,19.11
10390,7,6,0.2857,1.71,19.11
20501,7,6,0.2857,1.71,19.11
57613,7,6,0.2857,1.71,19.11
30081,7,6,0.2857,1.71,19.11
30031,7,6,0.2857,1.71,19.11
30030,7,6,0.2857,1.71,19.11
7216,7,6,0.2857,1.71,19.11
41922,7,6,0.2857,1.71,19.11
41988,7,6,0.2857,1.71,19.11
41985,7,6,0.2857,1.71,19.11
12489,7,6,0.2857,1.71,19.11
60510,7,6,0.2857,1.71,19.11
60489,7,6,0.2857,1.71,19.11
60473,7,6,0.2857,1.71,19.11
60451,7,6,0.2857,1.71,19.11
33484,7,6,0.2857,1.71,19.11
33476,7,6,0.2857,1.71,19.11
31066,7,6,0.2857,1.71,19.11
31052,7,6,0.2857,1.71,19.11
47838,7,6,0.2857,1.71,19.11
47682,7,6,0.2857,1.71,19.11
47781,7,6,0.2857,1.71,19.11
60602,7,6,0.2857,1.71,19.11
4606,7,6,0.2857,1.71,19.11
42086,7,6,0.2857,1.71,19.11
63183,7,6,0.2857,1.71,19.11
57894,7,6,0.2857,1.71,19.11
20792,7,6,0.2857,1.71,19.11
52338,7,6,0.2857,1.71,19.11
41925,7,6,0.2857,1.71,19.11
28232,7,6,0.2857,1.71,19.11
28230,7,6,0.2857,1.71,19.11
20527,7,6,0.2857,1.71,19.11
35612,7,6,0.2857,1.71,19.11
35819,7,6,0.2857,1.71,19.11
35803,7,6,0.2857,1.71,19.11
35746,7,6,0.2857,1.71,19.11
13786,7,6,0.2857,1.71,19.11
66974,7,6,0.2857,1.71,19.11
66973,7,6,0.2857,1.71,19.11
66926,7,6,0.2857,1.71,19.11
16730,7,6,0.2857,1.71,19.11
16729,7,6,0.2857,1.71,19.11
42119,7,6,0.2857,1.71,19.11
42101,7,6,0.2857,1.71,19.11
42098,7,6,0.2857,1.71,19.11
27311,7,6,0.2857,1.71,19.11
27264,7,6,0.2857,1.71,19.11
18400,7,6,0.2857,1.71,19.11
18368,7,6,0.2857,1.71,19.11
18360,7,6,0.2857,1.71,19.11
47772,7,6,0.2857,1.71,19.11
47697,7,6,0.2857,1.71,19.11
27372,7,6,0.2857,1.71,19.11
27368,7,6,0.2857,1.71,19.11
30958,7,6,0.2857,1.71,19.11
80055,7,6,0.2857,1.71,19.11
28152,7,6,0.2857,1.71,19.11
63177,7,6,0.2857,1.71,19.11
63171,7,6,0.2857,1.71,19.11
63170,7,6,0.2857,1.71,19.11
63143,7,6,0.2857,1.71,19.11
63105,7,6,0.2857,1.71,19.11
63046,7,6,0.2857,1.71,19.11
30951,7,6,0.2857,1.71,19.11
33660,7,6,0.2857,1.71,19.11
33655,7,6,0.2857,1.71,19.11
33557,7,6,0.2857,1.71,19.11
69485,7,6,0.2857,1.71,19.11
69438,7,6,0.2857,1.71,19.11
27330,7,6,0.2857,1.71,19.11
60703,7,6,0.2857,1.71,19.11
60700,7,6,0.2857,1.71,19.11
60697,7,6,0.2857,1.71,19.11
13844,7,6,0.2857,1.71,19.11
35588,7,6,0.2857,1.71,19.11
35587,7,6,0.2857,1.71,19.11
35578,7,6,0.2857,1.71,19.11
42203,7,6,0.2857,1.71,19.11
42196,7,6,0.2857,1.71,19.11
42177,7,6,0.2857,1.71,19.11
42323,7,6,0.2857,1.71,19.11
42316,7,6,0.2857,1.71,19.11
42309,7,6,0.2857,1.71,19.11
42302,7,6,0.2857,1.71,19.11
28172,7,6,0.2857,1.71,19.11
28113,7,6,0.2857,1.71,19.11
28077,7,6,0.2857,1.71,19.11
22841,7,6,0.2857,1.71,19.11
22814,7,6,0.2857,1.71,19.11
42418,7,6,0.2857,1.71,19.11
42415,7,6,0.2857,1.71,19.11
42218,7,6,0.2857,1.71,19.11
66923,7,6,0.2857,1.71,19.11
66917,7,6,0.2857,1.71,19.11
66912,7,6,0.2857,1.71,19.11
66876,7,6,0.2857,1.71,19.11
30169,7,6,0.2857,1.71,19.11
30160,7,6,0.2857,1.71,19.11
30129,7,6,0.2857,1.71,19.11
30104,7,6,0.2857,1.71,19.11
62905,7,6,0.2857,1.71,19.11
62900,7,6,0.2857,1.71,19.11
16863,7,6,0.2857,1.71,19.11
42450,7,6,0.2857,1.71,19.11
22843,7,6,0.2857,1.71,19.11
47658,7,6,0.2857,1.71,19.11
47630,7,6,0.2857,1.71,19.11
58236,7,6,0.2857,1.71,19.11
51553,7,6,0.2857,1.71,19.11
51543,7,6,0.2857,1.71,19.11
20384,7,6,0.2857,1.71,19.11
20369,7,6,0.2857,1.71,19.11
12594,7,6,0.2857,1.71,19.11
28067,7,6,0.2857,1.71,19.11
6888,7,6,0.2857,1.71,19.11
22795,7,6,0.2857,1.71,19.11
35564,7,6,0.2857,1.71,19.11
35561,7,6,0.2857,1.71,19.11
35514,7,6,0.2857,1.71,19.11
10522,7,6,0.2857,1.71,19.11
30993,7,6,0.2857,1.71,19.11
30991,7,6,0.2857,1.71,19.11
47502,7,6,0.2857,1.71,19.11
47615,7,6,0.2857,1.71,19.11
22009,7,6,0.2857,1.71,19.11
22004,7,6,0.2857,1.71,19.11
18203,7,6,0.2857,1.71,19.11
47442,7,6,0.2857,1.71,19.11
27437,7,6,0.2857,1.71,19.11
4909,7,6,0.2857,1.71,19.11
27400,7,6,0.2857,1.71,19.11
24439,7,6,0.2857,1.71,19.11
24415,7,6,0.2857,1.71,19.11
42691,7,6,0.2857,1.71,19.11
42689,7,6,0.2857,1.71,19.11
42582,7,6,0.2857,1.71,19.11
27388,7,6,0.2857,1.71,19.11
47576,7,6,0.2857,1.71,19.11
47544,7,6,0.2857,1.71,19.11
60868,7,6,0.2857,1.71,19.11
60784,7,6,0.2857,1.71,19.11
12625,7,6,0.2857,1.71,19.11
33686,7,6,0.2857,1.71,19.11
53489,7,6,0.2857,1.71,19.11
13769,7,6,0.2857,1.71,19.11
35497,7,6,0.2857,1.71,19.11
35472,7,6,0.2857,1.71,19.11
54245,7,6,0.2857,1.71,19.11
52163,7,6,0.2857,1.71,19.11
22793,7,6,0.2857,1.71,19.11
75775,7,6,0.2857,1.71,19.11
53488,7,6,0.2857,1.71,19.11
47497,7,6,0.2857,1.71,19.11
27483,7,6,0.2857,1.71,19.11
30919,7,6,0.2857,1.71,19.11
30882,7,6,0.2857,1.71,19.11
33798,7,6,0.2857,1.71,19.11
69028,7,6,0.2857,1.71,19.11
69025,7,6,0.2857,1.71,19.11
69206,7,6,0.2857,1.71,19.11
27443,7,6,0.2857,1.71,19.11
4916,7,6,0.2857,1.71,19.11
27438,7,6,0.2857,1.71,19.11
22022,7,6,0.2857,1.71,19.11
22015,7,6,0.2857,1.71,19.11
61150,7,6,0.2857,1.71,19.11
61117,7,6,0.2857,1.71,19.11
61104,7,6,0.2857,1.71,19.11
61086,7,6,0.2857,1.71,19.11
53301,7,6,0.2857,1.71,19.11
53294,7,6,0.2857,1.71,19.11
35404,7,6,0.2857,1.71,19.11
22798,7,6,0.2857,1.71,19.11
22757,7,6,0.2857,1.71,19.11
22755,7,6,0.2857,1.71,19.11
67132,7,6,0.2857,1.71,19.11
30218,7,6,0.2857,1.71,19.11
30217,7,6,0.2857,1.71,19.11
43070,7,6,0.2857,1.71,19.11
43054,7,6,0.2857,1.71,19.11
42991,7,6,0.2857,1.71,19.11
54306,7,6,0.2857,1.71,19.11
57424,7,6,0.2857,1.71,19.11
57400,7,6,0.2857,1.71,19.11
53311,7,6,0.2857,1.71,19.11
47381,7,6,0.2857,1.71,19.11
47298,7,6,0.2857,1.71,19.11
47252,7,6,0.2857,1.71,19.11
47249,7,6,0.2857,1.71,19.11
47126,7,6,0.2857,1.71,19.11
33809,7,6,0.2857,1.71,19.11
10281,7,6,0.2857,1.71,19.11
74175,7,6,0.2857,1.71,19.11
17917,7,6,0.2857,1.71,19.11
61271,7,6,0.2857,1.71,19.11
61244,7,6,0.2857,1.71,19.11
55127,7,6,0.2857,1.71,19.11
19865,7,6,0.2857,1.71,19.11
30788,7,6,0.2857,1.71,19.11
27977,7,6,0.2857,1.71,19.11
27973,7,6,0.2857,1.71,19.11
22677,7,6,0.2857,1.71,19.11
22662,7,6,0.2857,1.71,19.11
22644,7,6,0.2857,1.71,19.11
17184,7,6,0.2857,1.71,19.11
42830,7,6,0.2857,1.71,19.11
35348,7,6,0.2857,1.71,19.11
35195,7,6,0.2857,1.71,19.11
75338,7,6,0.2857,1.71,19.11
30289,7,6,0.2857,1.71,19.11
58010,7,6,0.2857,1.71,19.11
20831,7,6,0.2857,1.71,19.11
20825,7,6,0.2857,1.71,19.11
30216,7,6,0.2857,1.71,19.11
9686,7,6,0.2857,1.71,19.11
35271,7,6,0.2857,1.71,19.11
67535,7,6,0.2857,1.71,19.11
35230,7,6,0.2857,1.71,19.11
19316,7,6,0.2857,1.71,19.11
53559,7,6,0.2857,1.71,19.11
53546,7,6,0.2857,1.71,19.11
33954,7,6,0.2857,1.71,19.11
51632,7,6,0.2857,1.71,19.11
51613,7,6,0.2857,1.71,19.11
51612,7,6,0.2857,1.71,19.11
68709,7,6,0.2857,1.71,19.11
30343,7,6,0.2857,1.71,19.11
75075,7,6,0.2857,1.71,19.11
43317,7,6,0.2857,1.71,19.11
43302,7,6,0.2857,1.71,19.11
43220,7,6,0.2857,1.71,19.11
6830,7,6,0.2857,1.71,19.11
12938,7,6,0.2857,1.71,19.11
24699,7,6,0.2857,1.71,19.11
24649,7,6,0.2857,1.71,19.11
12913,7,6,0.2857,1.71,19.11
30853,7,6,0.2857,1.71,19.11
30842,7,6,0.2857,1.71,19.11
30825,7,6,0.2857,1.71,19.11
30810,7,6,0.2857,1.71,19.11
46896,7,6,0.2857,1.71,19.11
46829,7,6,0.2857,1.71,19.11
35168,7,6,0.2857,1.71,19.11
35162,7,6,0.2857,1.71,19.11
35146,7,6,0.2857,1.71,19.11
43566,7,6,0.2857,1.71,19.11
62509,7,6,0.2857,1.71,19.11
17179,7,6,0.2857,1.71,19.11
17171,7,6,0.2857,1.71,19.11
46791,7,6,0.2857,1.71,19.11
46753,7,6,0.2857,1.71,19.11
46681,7,6,0.2857,1.71,19.11
46668,7,6,0.2857,1.71,19.11
61359,7,6,0.2857,1.71,19.11
61285,7,6,0.2857,1.71,19.11
27492,7,6,0.2857,1.71,19.11
27488,7,6,0.2857,1.71,19.11
30731,7,6,0.2857,1.71,19.11
30726,7,6,0.2857,1.71,19.11
30725,7,6,0.2857,1.71,19.11
53293,7,6,0.2857,1.71,19.11
30419,7,6,0.2857,1.71,19.11
9845,7,6,0.2857,1.71,19.11
22592,7,6,0.2857,1.71,19.11
43675,7,6,0.2857,1.71,19.11
43673,7,6,0.2857,1.71,19.11
25394,7,6,0.2857,1.71,19.11
24469,7,6,0.2857,1.71,19.11
35183,7,6,0.2857,1.71,19.11
35070,7,6,0.2857,1.71,19.11
35068,7,6,0.2857,1.71,19.11
34078,7,6,0.2857,1.71,19.11
12880,7,6,0.2857,1.71,19.11
68656,7,6,0.2857,1.71,19.11
68617,7,6,0.2857,1.71,19.11
34063,7,6,0.2857,1.71,19.11
17976,7,6,0.2857,1.71,19.11
46613,7,6,0.2857,1.71,19.11
43776,7,6,0.2857,1.71,19.11
43530,7,6,0.2857,1.71,19.11
27957,7,6,0.2857,1.71,19.11
51608,7,6,0.2857,1.71,19.11
51604,7,6,0.2857,1.71,19.11
51761,7,6,0.2857,1.71,19.11
51759,7,6,0.2857,1.71,19.11
22160,7,6,0.2857,1.71,19.11
82784,7,6,0.2857,1.71,19.11
27535,7,6,0.2857,1.71,19.11
34208,7,6,0.2857,1.71,19.11
30407,7,6,0.2857,1.71,19.11
30354,7,6,0.2857,1.71,19.11
53255,7,6,0.2857,1.71,19.11
53331,7,6,0.2857,1.71,19.11
20481,7,6,0.2857,1.71,19.11
20480,7,6,0.2857,1.71,19.11
67724,7,6,0.2857,1.71,19.11
43952,7,6,0.2857,1.71,19.11
43934,7,6,0.2857,1.71,19.11
43828,7,6,0.2857,1.71,19.11
43827,7,6,0.2857,1.71,19.11
34179,7,6,0.2857,1.71,19.11
34140,7,6,0.2857,1.71,19.11
30682,7,6,0.2857,1.71,19.11
30743,7,6,0.2857,1.71,19.11
5330,7,6,0.2857,1.71,19.11
5319,7,6,0.2857,1.71,19.11
46460,7,6,0.2857,1.71,19.11
46336,7,6,0.2857,1.71,19.11
46334,7,6,0.2857,1.71,19.11
46213,7,6,0.2857,1.71,19.11
9942,7,6,0.2857,1.71,19.11
9922,7,6,0.2857,1.71,19.11
75016,7,6,0.2857,1.71,19.11
51988,7,6,0.2857,1.71,19.11
35042,7,6,0.2857,1.71,19.11
34853,7,6,0.2857,1.71,19.11
24575,7,6,0.2857,1.71,19.11
46158,7,6,0.2857,1.71,19.11
46306,7,6,0.2857,1.71,19.11
22178,7,6,0.2857,1.71,19.11
22162,7,6,0.2857,1.71,19.11
34201,7,6,0.2857,1.71,19.11
24633,7,6,0.2857,1.71,19.11
13021,7,6,0.2857,1.71,19.11
19919,7,6,0.2857,1.71,19.11
55035,7,6,0.2857,1.71,19.11
6231,7,6,0.2857,1.71,19.11
17363,7,6,0.2857,1.71,19.11
62254,7,6,0.2857,1.71,19.11
62232,7,6,0.2857,1.71,19.11
34971,7,6,0.2857,1.71,19.11
13341,7,6,0.2857,1.71,19.11
10179,7,6,0.2857,1.71,19.11
68308,7,6,0.2857,1.71,19.11
45894,7,6,0.2857,1.71,19.11
45992,7,6,0.2857,1.71,19.11
20432,7,6,0.2857,1.71,19.11
34872,7,6,0.2857,1.71,19.11
34857,7,6,0.2857,1.71,19.11
34672,7,6,0.2857,1.71,19.11
67840,7,6,0.2857,1.71,19.11
44188,7,6,0.2857,1.71,19.11
44160,7,6,0.2857,1.71,19.11
44094,7,6,0.2857,1.71,19.11
44087,7,6,0.2857,1.71,19.11
22550,7,6,0.2857,1.71,19.11
54916,7,6,0.2857,1.71,19.11
19986,7,6,0.2857,1.71,19.11
25301,7,6,0.2857,1.71,19.11
10097,7,6,0.2857,1.71,19.11
10077,7,6,0.2857,1.71,19.11
30668,7,6,0.2857,1.71,19.11
30648,7,6,0.2857,1.71,19.11
30647,7,6,0.2857,1.71,19.11
30604,7,6,0.2857,1.71,19.11
45970,7,6,0.2857,1.71,19.11
61752,7,6,0.2857,1.71,19.11
61735,7,6,0.2857,1.71,19.11
61723,7,6,0.2857,1.71,19.11
61678,7,6,0.2857,1.71,19.11
25356,7,6,0.2857,1.71,19.11
25352,7,6,0.2857,1.71,19.11
30536,7,6,0.2857,1.71,19.11
44122,7,6,0.2857,1.71,19.11
44412,7,6,0.2857,1.71,19.11
44260,7,6,0.2857,1.71,19.11
9866,7,6,0.2857,1.71,19.11
61595,7,6,0.2857,1.71,19.11
61579,7,6,0.2857,1.71,19.11
27602,7,6,0.2857,1.71,19.11
5471,7,6,0.2857,1.71,19.11
27588,7,6,0.2857,1.71,19.11
27578,7,6,0.2857,1.71,19.11
5397,7,6,0.2857,1.71,19.11
45613,7,6,0.2857,1.71,19.11
22191,7,6,0.2857,1.71,19.11
5944,7,6,0.2857,1.71,19.11
5923,7,6,0.2857,1.71,19.11
27738,7,6,0.2857,1.71,19.11
44484,7,6,0.2857,1.71,19.11
22480,7,6,0.2857,1.71,19.11
22459,7,6,0.2857,1.71,19.11
67886,7,6,0.2857,1.71,19.11
45854,7,6,0.2857,1.71,19.11
45842,7,6,0.2857,1.71,19.11
61776,7,6,0.2857,1.71,19.11
20958,7,6,0.2857,1.71,19.11
20939,7,6,0.2857,1.71,19.11
20924,7,6,0.2857,1.71,19.11
20920,7,6,0.2857,1.71,19.11
45787,7,6,0.2857,1.71,19.11
45720,7,6,0.2857,1.71,19.11
13147,7,6,0.2857,1.71,19.11
44721,7,6,0.2857,1.71,19.11
44715,7,6,0.2857,1.71,19.11
44697,7,6,0.2857,1.71,19.11
44684,7,6,0.2857,1.71,19.11
51867,7,6,0.2857,1.71,19.11
51862,7,6,0.2857,1.71,19.11
20912,7,6,0.2857,1.71,19.11
20882,7,6,0.2857,1.71,19.11
44302,7,6,0.2857,1.71,19.11
27840,7,6,0.2857,1.71,19.11
34699,7,6,0.2857,1.71,19.11
19241,7,6,0.2857,1.71,19.11
57307,7,6,0.2857,1.71,19.11
53422,7,6,0.2857,1.71,19.11
53410,7,6,0.2857,1.71,19.11
53403,7,6,0.2857,1.71,19.11
53392,7,6,0.2857,1.71,19.11
34577,7,6,0.2857,1.71,19.11
34653,7,6,0.2857,1.71,19.11
34299,7,6,0.2857,1.71,19.11
34271,7,6,0.2857,1.71,19.11
34268,7,6,0.2857,1.71,19.11
34247,7,6,0.2857,1.71,19.11
53379,7,6,0.2857,1.71,19.11
53340,7,6,0.2857,1.71,19.11
45713,7,6,0.2857,1.71,19.11
17789,7,6,0.2857,1.71,19.11
17724,7,6,0.2857,1.71,19.11
30573,7,6,0.2857,1.71,19.11
44570,7,6,0.2857,1.71,19.11
5694,7,6,0.2857,1.71,19.11
27737,7,6,0.2857,1.71,19.11
27731,7,6,0.2857,1.71,19.11
27730,7,6,0.2857,1.71,19.11
27691,7,6,0.2857,1.71,19.11
30534,7,6,0.2857,1.71,19.11
22287,7,6,0.2857,1.71,19.11
5563,7,6,0.2857,1.71,19.11
5547,7,6,0.2857,1.71,19.11
5514,7,6,0.2857,1.71,19.11
27631,7,6,0.2857,1.71,19.11
22267,7,6,0.2857,1.71,19.11
45559,7,6,0.2857,1.71,19.11
45407,7,6,0.2857,1.71,19.11
61835,7,6,0.2857,1.71,19.11
45221,7,6,0.2857,1.71,19.11
45214,7,6,0.2857,1.71,19.11
45200,7,6,0.2857,1.71,19.11
61896,7,6,0.2857,1.71,19.11
13281,7,6,0.2857,1.71,19.11
67984,7,6,0.2857,1.71,19.11
45311,7,6,0.2857,1.71,19.11
58139,7,6,0.2857,1.71,19.11
26045,7,6,0.2857,1.71,19.11
25986,7,6,0.2857,1.71,19.11
68062,7,6,0.2857,1.71,19.11
68098,7,6,0.2857,1.71,19.11
56717,7,6,0.2857,1.71,19.11
56673,7,6,0.2857,1.71,19.11
56670,7,6,0.2857,1.71,19.11
13201,7,6,0.2857,1.71,19.11
34544,7,6,0.2857,1.71,19.11
34493,7,6,0.2857,1.71,19.11
34492,7,6,0.2857,1.71,19.11
34480,7,6,0.2857,1.71,19.11
55188,7,6,0.2857,1.71,19.11
190,7,6,0.2857,1.71,19.11
55668,7,6,0.2857,1.71,19.11
50876,7,6,0.2857,1.71,19.11
31908,7,6,0.2857,1.71,19.11
31882,7,6,0.2857,1.71,19.11
29393,7,6,0.2857,1.71,19.11
25036,7,6,0.2857,1.71,19.11
55179,7,6,0.2857,1.71,19.11
22333,7,6,0.2857,1.71,19.11
21124,7,6,0.2857,1.71,19.11
22317,7,6,0.2857,1.71,19.11
26371,7,6,0.2857,1.71,19.11
26312,7,6,0.2857,1.71,19.11
56087,7,6,0.2857,1.71,19.11
56050,7,6,0.2857,1.71,19.11
55812,7,6,0.2857,1.71,19.11
55848,7,6,0.2857,1.71,19.11
55885,7,6,0.2857,1.71,19.11
26366,7,6,0.2857,1.71,19.11
19639,7,6,0.2857,1.71,19.11
26317,7,6,0.2857,1.71,19.11
50812,7,6,0.2857,1.71,19.11
50805,7,6,0.2857,1.71,19.11
50803,7,6,0.2857,1.71,19.11
50788,7,6,0.2857,1.71,19.11
58660,7,6,0.2857,1.71,19.11
58654,7,6,0.2857,1.71,19.11
58650,7,6,0.2857,1.71,19.11
58633,7,6,0.2857,1.71,19.11
58632,7,6,0.2857,1.71,19.11
55925,7,6,0.2857,1.71,19.11
120,67,66,0.0299,1.97,18.83
97,65,64,0.0308,1.97,18.48
503,63,62,0.0317,1.97,18.12
270,62,61,0.0323,1.97,17.95
420,61,60,0.0328,1.97,17.77
264,61,60,0.0328,1.97,17.77
141,61,60,0.0328,1.97,17.77
56041,8,7,0.25,1.75,17.6
26307,8,7,0.25,1.75,17.6
26385,8,7,0.25,1.75,17.6
31923,8,7,0.25,1.75,17.6
21171,8,7,0.25,1.75,17.6
58512,8,7,0.25,1.75,17.6
53882,8,7,0.25,1.75,17.6
31831,8,7,0.25,1.75,17.6
31837,8,7,0.25,1.75,17.6
31864,8,7,0.25,1.75,17.6
11456,8,7,0.25,1.75,17.6
37926,8,7,0.25,1.75,17.6
29308,8,7,0.25,1.75,17.6
54591,8,7,0.25,1.75,17.6
54612,8,7,0.25,1.75,17.6
65438,8,7,0.25,1.75,17.6
14878,8,7,0.25,1.75,17.6
29405,8,7,0.25,1.75,17.6
21127,8,7,0.25,1.75,17.6
34581,8,7,0.25,1.75,17.6
20095,8,7,0.25,1.75,17.6
56747,8,7,0.25,1.75,17.6
68066,8,7,0.25,1.75,17.6
25998,8,7,0.25,1.75,17.6
27686,8,7,0.25,1.75,17.6
5652,8,7,0.25,1.75,17.6
45247,8,7,0.25,1.75,17.6
68027,8,7,0.25,1.75,17.6
24587,8,7,0.25,1.75,17.6
24589,8,7,0.25,1.75,17.6
24596,8,7,0.25,1.75,17.6
24618,8,7,0.25,1.75,17.6
24622,8,7,0.25,1.75,17.6
45009,8,7,0.25,1.75,17.6
45024,8,7,0.25,1.75,17.6
45047,8,7,0.25,1.75,17.6
45170,8,7,0.25,1.75,17.6
45380,8,7,0.25,1.75,17.6
45403,8,7,0.25,1.75,17.6
45448,8,7,0.25,1.75,17.6
45544,8,7,0.25,1.75,17.6
22275,8,7,0.25,1.75,17.6
22278,8,7,0.25,1.75,17.6
5538,8,7,0.25,1.75,17.6
27721,8,7,0.25,1.75,17.6
27733,8,7,0.25,1.75,17.6
5990,8,7,0.25,1.75,17.6
22392,8,7,0.25,1.75,17.6
22414,8,7,0.25,1.75,17.6
30563,8,7,0.25,1.75,17.6
30581,8,7,0.25,1.75,17.6
30587,8,7,0.25,1.75,17.6
17689,8,7,0.25,1.75,17.6
45634,8,7,0.25,1.75,17.6
45705,8,7,0.25,1.75,17.6
53375,8,7,0.25,1.75,17.6
34290,8,7,0.25,1.75,17.6
34303,8,7,0.25,1.75,17.6
34356,8,7,0.25,1.75,17.6
27687,8,7,0.25,1.75,17.6
27688,8,7,0.25,1.75,17.6
34570,8,7,0.25,1.75,17.6
53429,8,7,0.25,1.75,17.6
57378,8,7,0.25,1.75,17.6
19252,8,7,0.25,1.75,17.6
34707,8,7,0.25,1.75,17.6
27839,8,7,0.25,1.75,17.6
20911,8,7,0.25,1.75,17.6
51857,8,7,0.25,1.75,17.6
44617,8,7,0.25,1.75,17.6
44690,8,7,0.25,1.75,17.6
61942,8,7,0.25,1.75,17.6
34380,8,7,0.25,1.75,17.6
45795,8,7,0.25,1.75,17.6
45574,8,7,0.25,1.75,17.6
20944,8,7,0.25,1.75,17.6
51685,8,7,0.25,1.75,17.6
22179,8,7,0.25,1.75,17.6
34770,8,7,0.25,1.75,17.6
22490,8,7,0.25,1.75,17.6
22508,8,7,0.25,1.75,17.6
22509,8,7,0.25,1.75,17.6
44460,8,7,0.25,1.75,17.6
6073,8,7,0.25,1.75,17.6
27801,8,7,0.25,1.75,17.6
27814,8,7,0.25,1.75,17.6
27824,8,7,0.25,1.75,17.6
22185,8,7,0.25,1.75,17.6
22222,8,7,0.25,1.75,17.6
45952,8,7,0.25,1.75,17.6
27596,8,7,0.25,1.75,17.6
5213,8,7,0.25,1.75,17.6
5222,8,7,0.25,1.75,17.6
5229,8,7,0.25,1.75,17.6
30445,8,7,0.25,1.75,17.6
44313,8,7,0.25,1.75,17.6
62078,8,7,0.25,1.75,17.6
30538,8,7,0.25,1.75,17.6
25350,8,7,0.25,1.75,17.6
25351,8,7,0.25,1.75,17.6
34708,8,7,0.25,1.75,17.6
34709,8,7,0.25,1.75,17.6
34716,8,7,0.25,1.75,17.6
10066,8,7,0.25,1.75,17.6
10116,8,7,0.25,1.75,17.6
57306,8,7,0.25,1.75,17.6
53461,8,7,0.25,1.75,17.6
22561,8,7,0.25,1.75,17.6
44016,8,7,0.25,1.75,17.6
44198,8,7,0.25,1.75,17.6
34871,8,7,0.25,1.75,17.6
34937,8,7,0.25,1.75,17.6
20401,8,7,0.25,1.75,17.6
46015,8,7,0.25,1.75,17.6
46031,8,7,0.25,1.75,17.6
46041,8,7,0.25,1.75,17.6
46043,8,7,0.25,1.75,17.6
46262,8,7,0.25,1.75,17.6
61485,8,7,0.25,1.75,17.6
25327,8,7,0.25,1.75,17.6
25336,8,7,0.25,1.75,17.6
25337,8,7,0.25,1.75,17.6
25343,8,7,0.25,1.75,17.6
30486,8,7,0.25,1.75,17.6
13382,8,7,0.25,1.75,17.6
13483,8,7,0.25,1.75,17.6
34973,8,7,0.25,1.75,17.6
44105,8,7,0.25,1.75,17.6
17357,8,7,0.25,1.75,17.6
22512,8,7,0.25,1.75,17.6
19571,8,7,0.25,1.75,17.6
10139,8,7,0.25,1.75,17.6
24632,8,7,0.25,1.75,17.6
24638,8,7,0.25,1.75,17.6
34200,8,7,0.25,1.75,17.6
17832,8,7,0.25,1.75,17.6
17850,8,7,0.25,1.75,17.6
17870,8,7,0.25,1.75,17.6
46307,8,7,0.25,1.75,17.6
46119,8,7,0.25,1.75,17.6
9813,8,7,0.25,1.75,17.6
24548,8,7,0.25,1.75,17.6
24572,8,7,0.25,1.75,17.6
67597,8,7,0.25,1.75,17.6
67709,8,7,0.25,1.75,17.6
6491,8,7,0.25,1.75,17.6
52035,8,7,0.25,1.75,17.6
52044,8,7,0.25,1.75,17.6
52063,8,7,0.25,1.75,17.6
46333,8,7,0.25,1.75,17.6
46373,8,7,0.25,1.75,17.6
46466,8,7,0.25,1.75,17.6
5288,8,7,0.25,1.75,17.6
30739,8,7,0.25,1.75,17.6
10202,8,7,0.25,1.75,17.6
43878,8,7,0.25,1.75,17.6
43927,8,7,0.25,1.75,17.6
43941,8,7,0.25,1.75,17.6
20448,8,7,0.25,1.75,17.6
20455,8,7,0.25,1.75,17.6
34015,8,7,0.25,1.75,17.6
13033,8,7,0.25,1.75,17.6
27540,8,7,0.25,1.75,17.6
51710,8,7,0.25,1.75,17.6
20915,8,7,0.25,1.75,17.6
61466,8,7,0.25,1.75,17.6
46467,8,7,0.25,1.75,17.6
46469,8,7,0.25,1.75,17.6
35075,8,7,0.25,1.75,17.6
35076,8,7,0.25,1.75,17.6
35085,8,7,0.25,1.75,17.6
35107,8,7,0.25,1.75,17.6
6448,8,7,0.25,1.75,17.6
80934,8,7,0.25,1.75,17.6
22601,8,7,0.25,1.75,17.6
22604,8,7,0.25,1.75,17.6
22624,8,7,0.25,1.75,17.6
43703,8,7,0.25,1.75,17.6
43709,8,7,0.25,1.75,17.6
43783,8,7,0.25,1.75,17.6
43796,8,7,0.25,1.75,17.6
46545,8,7,0.25,1.75,17.6
46598,8,7,0.25,1.75,17.6
46607,8,7,0.25,1.75,17.6
22142,8,7,0.25,1.75,17.6
22156,8,7,0.25,1.75,17.6
5078,8,7,0.25,1.75,17.6
12876,8,7,0.25,1.75,17.6
12989,8,7,0.25,1.75,17.6
12994,8,7,0.25,1.75,17.6
62354,8,7,0.25,1.75,17.6
27937,8,7,0.25,1.75,17.6
27946,8,7,0.25,1.75,17.6
9846,8,7,0.25,1.75,17.6
30418,8,7,0.25,1.75,17.6
26134,8,7,0.25,1.75,17.6
27490,8,7,0.25,1.75,17.6
61460,8,7,0.25,1.75,17.6
17958,8,7,0.25,1.75,17.6
46768,8,7,0.25,1.75,17.6
13520,8,7,0.25,1.75,17.6
43444,8,7,0.25,1.75,17.6
43492,8,7,0.25,1.75,17.6
43496,8,7,0.25,1.75,17.6
43605,8,7,0.25,1.75,17.6
35037,8,7,0.25,1.75,17.6
13543,8,7,0.25,1.75,17.6
35155,8,7,0.25,1.75,17.6
35167,8,7,0.25,1.75,17.6
46949,8,7,0.25,1.75,17.6
46630,8,7,0.25,1.75,17.6
30829,8,7,0.25,1.75,17.6
12900,8,7,0.25,1.75,17.6
12916,8,7,0.25,1.75,17.6
68687,8,7,0.25,1.75,17.6
27959,8,7,0.25,1.75,17.6
6478,8,7,0.25,1.75,17.6
43240,8,7,0.25,1.75,17.6
25426,8,7,0.25,1.75,17.6
75023,8,7,0.25,1.75,17.6
30335,8,7,0.25,1.75,17.6
24485,8,7,0.25,1.75,17.6
24507,8,7,0.25,1.75,17.6
67540,8,7,0.25,1.75,17.6
67545,8,7,0.25,1.75,17.6
51673,8,7,0.25,1.75,17.6
55279,8,7,0.25,1.75,17.6
19823,8,7,0.25,1.75,17.6
53528,8,7,0.25,1.75,17.6
19335,8,7,0.25,1.75,17.6
19356,8,7,0.25,1.75,17.6
10226,8,7,0.25,1.75,17.6
10235,8,7,0.25,1.75,17.6
13639,8,7,0.25,1.75,17.6
35302,8,7,0.25,1.75,17.6
6789,8,7,0.25,1.75,17.6
20828,8,7,0.25,1.75,17.6
20830,8,7,0.25,1.75,17.6
20839,8,7,0.25,1.75,17.6
58054,8,7,0.25,1.75,17.6
25963,8,7,0.25,1.75,17.6
30281,8,7,0.25,1.75,17.6
43134,8,7,0.25,1.75,17.6
43172,8,7,0.25,1.75,17.6
27975,8,7,0.25,1.75,17.6
35226,8,7,0.25,1.75,17.6
19860,8,7,0.25,1.75,17.6
19870,8,7,0.25,1.75,17.6
55083,8,7,0.25,1.75,17.6
61210,8,7,0.25,1.75,17.6
61267,8,7,0.25,1.75,17.6
10476,8,7,0.25,1.75,17.6
30948,8,7,0.25,1.75,17.6
24734,8,7,0.25,1.75,17.6
68816,8,7,0.25,1.75,17.6
68849,8,7,0.25,1.75,17.6
68873,8,7,0.25,1.75,17.6
61158,8,7,0.25,1.75,17.6
47057,8,7,0.25,1.75,17.6
47116,8,7,0.25,1.75,17.6
47296,8,7,0.25,1.75,17.6
47383,8,7,0.25,1.75,17.6
22013,8,7,0.25,1.75,17.6
61083,8,7,0.25,1.75,17.6
57434,8,7,0.25,1.75,17.6
54344,8,7,0.25,1.75,17.6
42855,8,7,0.25,1.75,17.6
42943,8,7,0.25,1.75,17.6
16956,8,7,0.25,1.75,17.6
17047,8,7,0.25,1.75,17.6
43089,8,7,0.25,1.75,17.6
55027,8,7,0.25,1.75,17.6
56336,8,7,0.25,1.75,17.6
56375,8,7,0.25,1.75,17.6
19510,8,7,0.25,1.75,17.6
42778,8,7,0.25,1.75,17.6
42815,8,7,0.25,1.75,17.6
42674,8,7,0.25,1.75,17.6
42848,8,7,0.25,1.75,17.6
53302,8,7,0.25,1.75,17.6
61109,8,7,0.25,1.75,17.6
27440,8,7,0.25,1.75,17.6
27445,8,7,0.25,1.75,17.6
69142,8,7,0.25,1.75,17.6
30945,8,7,0.25,1.75,17.6
10361,8,7,0.25,1.75,17.6
27460,8,7,0.25,1.75,17.6
27481,8,7,0.25,1.75,17.6
27486,8,7,0.25,1.75,17.6
47353,8,7,0.25,1.75,17.6
47368,8,7,0.25,1.75,17.6
47373,8,7,0.25,1.75,17.6
47478,8,7,0.25,1.75,17.6
60782,8,7,0.25,1.75,17.6
22791,8,7,0.25,1.75,17.6
52131,8,7,0.25,1.75,17.6
52139,8,7,0.25,1.75,17.6
52208,8,7,0.25,1.75,17.6
17075,8,7,0.25,1.75,17.6
54987,8,7,0.25,1.75,17.6
54244,8,7,0.25,1.75,17.6
54253,8,7,0.25,1.75,17.6
35461,8,7,0.25,1.75,17.6
12699,8,7,0.25,1.75,17.6
33682,8,7,0.25,1.75,17.6
24785,8,7,0.25,1.75,17.6
60856,8,7,0.25,1.75,17.6
47552,8,7,0.25,1.75,17.6
27378,8,7,0.25,1.75,17.6
27381,8,7,0.25,1.75,17.6
27382,8,7,0.25,1.75,17.6
42614,8,7,0.25,1.75,17.6
42706,8,7,0.25,1.75,17.6
42734,8,7,0.25,1.75,17.6
13720,8,7,0.25,1.75,17.6
24417,8,7,0.25,1.75,17.6
35411,8,7,0.25,1.75,17.6
35414,8,7,0.25,1.75,17.6
67012,8,7,0.25,1.75,17.6
35506,8,7,0.25,1.75,17.6
30089,8,7,0.25,1.75,17.6
75642,8,7,0.25,1.75,17.6
27422,8,7,0.25,1.75,17.6
60758,8,7,0.25,1.75,17.6
21999,8,7,0.25,1.75,17.6
25250,8,7,0.25,1.75,17.6
35550,8,7,0.25,1.75,17.6
63037,8,7,0.25,1.75,17.6
42494,8,7,0.25,1.75,17.6
42518,8,7,0.25,1.75,17.6
6863,8,7,0.25,1.75,17.6
28027,8,7,0.25,1.75,17.6
28062,8,7,0.25,1.75,17.6
7203,8,7,0.25,1.75,17.6
7048,8,7,0.25,1.75,17.6
7055,8,7,0.25,1.75,17.6
57228,8,7,0.25,1.75,17.6
57246,8,7,0.25,1.75,17.6
57259,8,7,0.25,1.75,17.6
51516,8,7,0.25,1.75,17.6
51518,8,7,0.25,1.75,17.6
19113,8,7,0.25,1.75,17.6
47631,8,7,0.25,1.75,17.6
47650,8,7,0.25,1.75,17.6
25897,8,7,0.25,1.75,17.6
25899,8,7,0.25,1.75,17.6
16862,8,7,0.25,1.75,17.6
42629,8,7,0.25,1.75,17.6
42631,8,7,0.25,1.75,17.6
30212,8,7,0.25,1.75,17.6
35511,8,7,0.25,1.75,17.6
22809,8,7,0.25,1.75,17.6
22832,8,7,0.25,1.75,17.6
6969,8,7,0.25,1.75,17.6
28123,8,7,0.25,1.75,17.6
25864,8,7,0.25,1.75,17.6
42191,8,7,0.25,1.75,17.6
35595,8,7,0.25,1.75,17.6
35604,8,7,0.25,1.75,17.6
13906,8,7,0.25,1.75,17.6
27348,8,7,0.25,1.75,17.6
27352,8,7,0.25,1.75,17.6
4617,8,7,0.25,1.75,17.6
4634,8,7,0.25,1.75,17.6
24836,8,7,0.25,1.75,17.6
24839,8,7,0.25,1.75,17.6
25456,8,7,0.25,1.75,17.6
30012,8,7,0.25,1.75,17.6
30015,8,7,0.25,1.75,17.6
63168,8,7,0.25,1.75,17.6
63176,8,7,0.25,1.75,17.6
28157,8,7,0.25,1.75,17.6
28161,8,7,0.25,1.75,17.6
28165,8,7,0.25,1.75,17.6
4638,8,7,0.25,1.75,17.6
47684,8,7,0.25,1.75,17.6
47773,8,7,0.25,1.75,17.6
18391,8,7,0.25,1.75,17.6
27267,8,7,0.25,1.75,17.6
27320,8,7,0.25,1.75,17.6
63185,8,7,0.25,1.75,17.6
35744,8,7,0.25,1.75,17.6
35817,8,7,0.25,1.75,17.6
7264,8,7,0.25,1.75,17.6
7267,8,7,0.25,1.75,17.6
28244,8,7,0.25,1.75,17.6
19183,8,7,0.25,1.75,17.6
57852,8,7,0.25,1.75,17.6
57935,8,7,0.25,1.75,17.6
57945,8,7,0.25,1.75,17.6
4549,8,7,0.25,1.75,17.6
21928,8,7,0.25,1.75,17.6
21944,8,7,0.25,1.75,17.6
31049,8,7,0.25,1.75,17.6
10622,8,7,0.25,1.75,17.6
10625,8,7,0.25,1.75,17.6
33505,8,7,0.25,1.75,17.6
24793,8,7,0.25,1.75,17.6
24832,8,7,0.25,1.75,17.6
24834,8,7,0.25,1.75,17.6
47840,8,7,0.25,1.75,17.6
60459,8,7,0.25,1.75,17.6
60560,8,7,0.25,1.75,17.6
47788,8,7,0.25,1.75,17.6
47802,8,7,0.25,1.75,17.6
33399,8,7,0.25,1.75,17.6
33411,8,7,0.25,1.75,17.6
33420,8,7,0.25,1.75,17.6
22846,8,7,0.25,1.75,17.6
41990,8,7,0.25,1.75,17.6
7255,8,7,0.25,1.75,17.6
30058,8,7,0.25,1.75,17.6
30066,8,7,0.25,1.75,17.6
30086,8,7,0.25,1.75,17.6
35655,8,7,0.25,1.75,17.6
33422,8,7,0.25,1.75,17.6
33435,8,7,0.25,1.75,17.6
69652,8,7,0.25,1.75,17.6
12524,8,7,0.25,1.75,17.6
10421,8,7,0.25,1.75,17.6
47832,8,7,0.25,1.75,17.6
18426,8,7,0.25,1.75,17.6
54914,8,7,0.25,1.75,17.6
19937,8,7,0.25,1.75,17.6
20039,8,7,0.25,1.75,17.6
63282,8,7,0.25,1.75,17.6
41929,8,7,0.25,1.75,17.6
41975,8,7,0.25,1.75,17.6
41869,8,7,0.25,1.75,17.6
41875,8,7,0.25,1.75,17.6
16808,8,7,0.25,1.75,17.6
66872,8,7,0.25,1.75,17.6
35820,8,7,0.25,1.75,17.6
24356,8,7,0.25,1.75,17.6
24360,8,7,0.25,1.75,17.6
29984,8,7,0.25,1.75,17.6
16663,8,7,0.25,1.75,17.6
16704,8,7,0.25,1.75,17.6
41903,8,7,0.25,1.75,17.6
69712,8,7,0.25,1.75,17.6
57176,8,7,0.25,1.75,17.6
26168,8,7,0.25,1.75,17.6
26174,8,7,0.25,1.75,17.6
4532,8,7,0.25,1.75,17.6
47991,8,7,0.25,1.75,17.6
27204,8,7,0.25,1.75,17.6
35835,8,7,0.25,1.75,17.6
35840,8,7,0.25,1.75,17.6
7394,8,7,0.25,1.75,17.6
41713,8,7,0.25,1.75,17.6
41749,8,7,0.25,1.75,17.6
41756,8,7,0.25,1.75,17.6
56186,8,7,0.25,1.75,17.6
47996,8,7,0.25,1.75,17.6
47854,8,7,0.25,1.75,17.6
33335,8,7,0.25,1.75,17.6
10564,8,7,0.25,1.75,17.6
31070,8,7,0.25,1.75,17.6
31078,8,7,0.25,1.75,17.6
31094,8,7,0.25,1.75,17.6
31107,8,7,0.25,1.75,17.6
29974,8,7,0.25,1.75,17.6
28336,8,7,0.25,1.75,17.6
7489,8,7,0.25,1.75,17.6
41684,8,7,0.25,1.75,17.6
41574,8,7,0.25,1.75,17.6
29985,8,7,0.25,1.75,17.6
30002,8,7,0.25,1.75,17.6
35830,8,7,0.25,1.75,17.6
21829,8,7,0.25,1.75,17.6
21830,8,7,0.25,1.75,17.6
21881,8,7,0.25,1.75,17.6
48111,8,7,0.25,1.75,17.6
21780,8,7,0.25,1.75,17.6
21788,8,7,0.25,1.75,17.6
21797,8,7,0.25,1.75,17.6
21804,8,7,0.25,1.75,17.6
14108,8,7,0.25,1.75,17.6
79616,8,7,0.25,1.75,17.6
7425,8,7,0.25,1.75,17.6
28326,8,7,0.25,1.75,17.6
13907,8,7,0.25,1.75,17.6
54211,8,7,0.25,1.75,17.6
12280,8,7,0.25,1.75,17.6
12346,8,7,0.25,1.75,17.6
33321,8,7,0.25,1.75,17.6
51462,8,7,0.25,1.75,17.6
20966,8,7,0.25,1.75,17.6
51398,8,7,0.25,1.75,17.6
18689,8,7,0.25,1.75,17.6
60190,8,7,0.25,1.75,17.6
4530,8,7,0.25,1.75,17.6
27177,8,7,0.25,1.75,17.6
48162,8,7,0.25,1.75,17.6
48166,8,7,0.25,1.75,17.6
48039,8,7,0.25,1.75,17.6
48252,8,7,0.25,1.75,17.6
10712,8,7,0.25,1.75,17.6
31190,8,7,0.25,1.75,17.6
24892,8,7,0.25,1.75,17.6
12297,8,7,0.25,1.75,17.6
33286,8,7,0.25,1.75,17.6
63466,8,7,0.25,1.75,17.6
41447,8,7,0.25,1.75,17.6
76136,8,7,0.25,1.75,17.6
75999,8,7,0.25,1.75,17.6
13994,8,7,0.25,1.75,17.6
13998,8,7,0.25,1.75,17.6
35955,8,7,0.25,1.75,17.6
35964,8,7,0.25,1.75,17.6
35972,8,7,0.25,1.75,17.6
35996,8,7,0.25,1.75,17.6
35863,8,7,0.25,1.75,17.6
12394,8,7,0.25,1.75,17.6
21721,8,7,0.25,1.75,17.6
27125,8,7,0.25,1.75,17.6
33231,8,7,0.25,1.75,17.6
12248,8,7,0.25,1.75,17.6
24884,8,7,0.25,1.75,17.6
54216,8,7,0.25,1.75,17.6
31119,8,7,0.25,1.75,17.6
31160,8,7,0.25,1.75,17.6
28471,8,7,0.25,1.75,17.6
20824,8,7,0.25,1.75,17.6
25841,8,7,0.25,1.75,17.6
25855,8,7,0.25,1.75,17.6
28382,8,7,0.25,1.75,17.6
22992,8,7,0.25,1.75,17.6
28387,8,7,0.25,1.75,17.6
28434,8,7,0.25,1.75,17.6
24330,8,7,0.25,1.75,17.6
9412,8,7,0.25,1.75,17.6
9416,8,7,0.25,1.75,17.6
9427,8,7,0.25,1.75,17.6
31178,8,7,0.25,1.75,17.6
4202,8,7,0.25,1.75,17.6
27149,8,7,0.25,1.75,17.6
27158,8,7,0.25,1.75,17.6
48207,8,7,0.25,1.75,17.6
48344,8,7,0.25,1.75,17.6
36054,8,7,0.25,1.75,17.6
36106,8,7,0.25,1.75,17.6
41267,8,7,0.25,1.75,17.6
41279,8,7,0.25,1.75,17.6
41376,8,7,0.25,1.75,17.6
41381,8,7,0.25,1.75,17.6
41385,8,7,0.25,1.75,17.6
63546,8,7,0.25,1.75,17.6
22960,8,7,0.25,1.75,17.6
33090,8,7,0.25,1.75,17.6
33092,8,7,0.25,1.75,17.6
33223,8,7,0.25,1.75,17.6
33225,8,7,0.25,1.75,17.6
48456,8,7,0.25,1.75,17.6
48457,8,7,0.25,1.75,17.6
27029,8,7,0.25,1.75,17.6
27068,8,7,0.25,1.75,17.6
63598,8,7,0.25,1.75,17.6
63567,8,7,0.25,1.75,17.6
63574,8,7,0.25,1.75,17.6
63578,8,7,0.25,1.75,17.6
23000,8,7,0.25,1.75,17.6
28548,8,7,0.25,1.75,17.6
29856,8,7,0.25,1.75,17.6
9357,8,7,0.25,1.75,17.6
66565,8,7,0.25,1.75,17.6
48299,8,7,0.25,1.75,17.6
18751,8,7,0.25,1.75,17.6
21683,8,7,0.25,1.75,17.6
21689,8,7,0.25,1.75,17.6
31215,8,7,0.25,1.75,17.6
10781,8,7,0.25,1.75,17.6
33093,8,7,0.25,1.75,17.6
66352,8,7,0.25,1.75,17.6
36199,8,7,0.25,1.75,17.6
7892,8,7,0.25,1.75,17.6
41214,8,7,0.25,1.75,17.6
41248,8,7,0.25,1.75,17.6
41260,8,7,0.25,1.75,17.6
41055,8,7,0.25,1.75,17.6
41066,8,7,0.25,1.75,17.6
41085,8,7,0.25,1.75,17.6
33124,8,7,0.25,1.75,17.6
48444,8,7,0.25,1.75,17.6
48524,8,7,0.25,1.75,17.6
48532,8,7,0.25,1.75,17.6
59962,8,7,0.25,1.75,17.6
18723,8,7,0.25,1.75,17.6
12175,8,7,0.25,1.75,17.6
24914,8,7,0.25,1.75,17.6
63751,8,7,0.25,1.75,17.6
41206,8,7,0.25,1.75,17.6
28558,8,7,0.25,1.75,17.6
28590,8,7,0.25,1.75,17.6
36134,8,7,0.25,1.75,17.6
36158,8,7,0.25,1.75,17.6
36193,8,7,0.25,1.75,17.6
31195,8,7,0.25,1.75,17.6
21632,8,7,0.25,1.75,17.6
21640,8,7,0.25,1.75,17.6
3609,8,7,0.25,1.75,17.6
26213,8,7,0.25,1.75,17.6
40914,8,7,0.25,1.75,17.6
24207,8,7,0.25,1.75,17.6
24270,8,7,0.25,1.75,17.6
36200,8,7,0.25,1.75,17.6
36204,8,7,0.25,1.75,17.6
36268,8,7,0.25,1.75,17.6
4020,8,7,0.25,1.75,17.6
48467,8,7,0.25,1.75,17.6
18828,8,7,0.25,1.75,17.6
19797,8,7,0.25,1.75,17.6
33018,8,7,0.25,1.75,17.6
33025,8,7,0.25,1.75,17.6
19375,8,7,0.25,1.75,17.6
19379,8,7,0.25,1.75,17.6
20316,8,7,0.25,1.75,17.6
23100,8,7,0.25,1.75,17.6
28625,8,7,0.25,1.75,17.6
7768,8,7,0.25,1.75,17.6
7927,8,7,0.25,1.75,17.6
7958,8,7,0.25,1.75,17.6
25775,8,7,0.25,1.75,17.6
29809,8,7,0.25,1.75,17.6
54360,8,7,0.25,1.75,17.6
20811,8,7,0.25,1.75,17.6
20817,8,7,0.25,1.75,17.6
40835,8,7,0.25,1.75,17.6
40838,8,7,0.25,1.75,17.6
40857,8,7,0.25,1.75,17.6
20330,8,7,0.25,1.75,17.6
53754,8,7,0.25,1.75,17.6
53586,8,7,0.25,1.75,17.6
53591,8,7,0.25,1.75,17.6
55387,8,7,0.25,1.75,17.6
55423,8,7,0.25,1.75,17.6
51442,8,7,0.25,1.75,17.6
12154,8,7,0.25,1.75,17.6
36402,8,7,0.25,1.75,17.6
52413,8,7,0.25,1.75,17.6
52416,8,7,0.25,1.75,17.6
20804,8,7,0.25,1.75,17.6
78630,8,7,0.25,1.75,17.6
14348,8,7,0.25,1.75,17.6
36313,8,7,0.25,1.75,17.6
33060,8,7,0.25,1.75,17.6
33066,8,7,0.25,1.75,17.6
33068,8,7,0.25,1.75,17.6
21063,8,7,0.25,1.75,17.6
59787,8,7,0.25,1.75,17.6
26938,8,7,0.25,1.75,17.6
26939,8,7,0.25,1.75,17.6
3036,8,7,0.25,1.75,17.6
3539,8,7,0.25,1.75,17.6
40636,8,7,0.25,1.75,17.6
40692,8,7,0.25,1.75,17.6
40734,8,7,0.25,1.75,17.6
54266,8,7,0.25,1.75,17.6
54298,8,7,0.25,1.75,17.6
36334,8,7,0.25,1.75,17.6
36386,8,7,0.25,1.75,17.6
36390,8,7,0.25,1.75,17.6
26990,8,7,0.25,1.75,17.6
26991,8,7,0.25,1.75,17.6
26992,8,7,0.25,1.75,17.6
26192,8,7,0.25,1.75,17.6
21596,8,7,0.25,1.75,17.6
21600,8,7,0.25,1.75,17.6
48908,8,7,0.25,1.75,17.6
31282,8,7,0.25,1.75,17.6
33042,8,7,0.25,1.75,17.6
33045,8,7,0.25,1.75,17.6
48960,8,7,0.25,1.75,17.6
49000,8,7,0.25,1.75,17.6
18857,8,7,0.25,1.75,17.6
18875,8,7,0.25,1.75,17.6
21563,8,7,0.25,1.75,17.6
21564,8,7,0.25,1.75,17.6
52852,8,7,0.25,1.75,17.6
52883,8,7,0.25,1.75,17.6
28768,8,7,0.25,1.75,17.6
8075,8,7,0.25,1.75,17.6
7926,8,7,0.25,1.75,17.6
16091,8,7,0.25,1.75,17.6
40435,8,7,0.25,1.75,17.6
40458,8,7,0.25,1.75,17.6
40548,8,7,0.25,1.75,17.6
40275,8,7,0.25,1.75,17.6
24143,8,7,0.25,1.75,17.6
40336,8,7,0.25,1.75,17.6
40395,8,7,0.25,1.75,17.6
40405,8,7,0.25,1.75,17.6
28737,8,7,0.25,1.75,17.6
28754,8,7,0.25,1.75,17.6
14290,8,7,0.25,1.75,17.6
53163,8,7,0.25,1.75,17.6
21577,8,7,0.25,1.75,17.6
26880,8,7,0.25,1.75,17.6
26902,8,7,0.25,1.75,17.6
31362,8,7,0.25,1.75,17.6
32842,8,7,0.25,1.75,17.6
32845,8,7,0.25,1.75,17.6
32856,8,7,0.25,1.75,17.6
32901,8,7,0.25,1.75,17.6
26905,8,7,0.25,1.75,17.6
26910,8,7,0.25,1.75,17.6
26914,8,7,0.25,1.75,17.6
26931,8,7,0.25,1.75,17.6
32807,8,7,0.25,1.75,17.6
10830,8,7,0.25,1.75,17.6
10931,8,7,0.25,1.75,17.6
40260,8,7,0.25,1.75,17.6
16147,8,7,0.25,1.75,17.6
23135,8,7,0.25,1.75,17.6
23144,8,7,0.25,1.75,17.6
16150,8,7,0.25,1.75,17.6
16151,8,7,0.25,1.75,17.6
9379,8,7,0.25,1.75,17.6
76538,8,7,0.25,1.75,17.6
29777,8,7,0.25,1.75,17.6
36409,8,7,0.25,1.75,17.6
49227,8,7,0.25,1.75,17.6
18883,8,7,0.25,1.75,17.6
18886,8,7,0.25,1.75,17.6
18892,8,7,0.25,1.75,17.6
2798,8,7,0.25,1.75,17.6
11023,8,7,0.25,1.75,17.6
73134,8,7,0.25,1.75,17.6
24922,8,7,0.25,1.75,17.6
40125,8,7,0.25,1.75,17.6
16041,8,7,0.25,1.75,17.6
63959,8,7,0.25,1.75,17.6
64008,8,7,0.25,1.75,17.6
64015,8,7,0.25,1.75,17.6
40243,8,7,0.25,1.75,17.6
12075,8,7,0.25,1.75,17.6
24924,8,7,0.25,1.75,17.6
2588,8,7,0.25,1.75,17.6
51189,8,7,0.25,1.75,17.6
2435,8,7,0.25,1.75,17.6
32684,8,7,0.25,1.75,17.6
32591,8,7,0.25,1.75,17.6
14412,8,7,0.25,1.75,17.6
36592,8,7,0.25,1.75,17.6
36612,8,7,0.25,1.75,17.6
36428,8,7,0.25,1.75,17.6
36448,8,7,0.25,1.75,17.6
16050,8,7,0.25,1.75,17.6
64083,8,7,0.25,1.75,17.6
64097,8,7,0.25,1.75,17.6
39929,8,7,0.25,1.75,17.6
40041,8,7,0.25,1.75,17.6
32761,8,7,0.25,1.75,17.6
31403,8,7,0.25,1.75,17.6
31258,8,7,0.25,1.75,17.6
31491,8,7,0.25,1.75,17.6
55592,8,7,0.25,1.75,17.6
55478,8,7,0.25,1.75,17.6
19768,8,7,0.25,1.75,17.6
49315,8,7,0.25,1.75,17.6
49316,8,7,0.25,1.75,17.6
14386,8,7,0.25,1.75,17.6
14392,8,7,0.25,1.75,17.6
24054,8,7,0.25,1.75,17.6
9057,8,7,0.25,1.75,17.6
29698,8,7,0.25,1.75,17.6
28808,8,7,0.25,1.75,17.6
52499,8,7,0.25,1.75,17.6
36651,8,7,0.25,1.75,17.6
64157,8,7,0.25,1.75,17.6
15948,8,7,0.25,1.75,17.6
23221,8,7,0.25,1.75,17.6
39910,8,7,0.25,1.75,17.6
28787,8,7,0.25,1.75,17.6
36467,8,7,0.25,1.75,17.6
56834,8,7,0.25,1.75,17.6
32627,8,7,0.25,1.75,17.6
21471,8,7,0.25,1.75,17.6
49329,8,7,0.25,1.75,17.6
21409,8,7,0.25,1.75,17.6
39795,8,7,0.25,1.75,17.6
39823,8,7,0.25,1.75,17.6
39630,8,7,0.25,1.75,17.6
39846,8,7,0.25,1.75,17.6
29647,8,7,0.25,1.75,17.6
29665,8,7,0.25,1.75,17.6
9241,8,7,0.25,1.75,17.6
36499,8,7,0.25,1.75,17.6
36521,8,7,0.25,1.75,17.6
36633,8,7,0.25,1.75,17.6
36639,8,7,0.25,1.75,17.6
49336,8,7,0.25,1.75,17.6
49367,8,7,0.25,1.75,17.6
26762,8,7,0.25,1.75,17.6
26818,8,7,0.25,1.75,17.6
49406,8,7,0.25,1.75,17.6
49478,8,7,0.25,1.75,17.6
52910,8,7,0.25,1.75,17.6
28839,8,7,0.25,1.75,17.6
25721,8,7,0.25,1.75,17.6
15812,8,7,0.25,1.75,17.6
15820,8,7,0.25,1.75,17.6
64294,8,7,0.25,1.75,17.6
39754,8,7,0.25,1.75,17.6
39772,8,7,0.25,1.75,17.6
49555,8,7,0.25,1.75,17.6
49578,8,7,0.25,1.75,17.6
57080,8,7,0.25,1.75,17.6
11897,8,7,0.25,1.75,17.6
11922,8,7,0.25,1.75,17.6
32549,8,7,0.25,1.75,17.6
39552,8,7,0.25,1.75,17.6
39668,8,7,0.25,1.75,17.6
39686,8,7,0.25,1.75,17.6
28829,8,7,0.25,1.75,17.6
70995,8,7,0.25,1.75,17.6
73179,8,7,0.25,1.75,17.6
26737,8,7,0.25,1.75,17.6
1790,8,7,0.25,1.75,17.6
26740,8,7,0.25,1.75,17.6
26744,8,7,0.25,1.75,17.6
26748,8,7,0.25,1.75,17.6
58347,8,7,0.25,1.75,17.6
58435,8,7,0.25,1.75,17.6
29667,8,7,0.25,1.75,17.6
29679,8,7,0.25,1.75,17.6
36706,8,7,0.25,1.75,17.6
15853,8,7,0.25,1.75,17.6
23302,8,7,0.25,1.75,17.6
23326,8,7,0.25,1.75,17.6
39506,8,7,0.25,1.75,17.6
39517,8,7,0.25,1.75,17.6
28950,8,7,0.25,1.75,17.6
28951,8,7,0.25,1.75,17.6
28954,8,7,0.25,1.75,17.6
39384,8,7,0.25,1.75,17.6
1517,8,7,0.25,1.75,17.6
26676,8,7,0.25,1.75,17.6
26239,8,7,0.25,1.75,17.6
49606,8,7,0.25,1.75,17.6
49628,8,7,0.25,1.75,17.6
31463,8,7,0.25,1.75,17.6
11052,8,7,0.25,1.75,17.6
32477,8,7,0.25,1.75,17.6
57045,8,7,0.25,1.75,17.6
29582,8,7,0.25,1.75,17.6
29583,8,7,0.25,1.75,17.6
23444,8,7,0.25,1.75,17.6
15574,8,7,0.25,1.75,17.6
15691,8,7,0.25,1.75,17.6
8262,8,7,0.25,1.75,17.6
36774,8,7,0.25,1.75,17.6
20295,8,7,0.25,1.75,17.6
21404,8,7,0.25,1.75,17.6
18904,8,7,0.25,1.75,17.6
18924,8,7,0.25,1.75,17.6
18925,8,7,0.25,1.75,17.6
59239,8,7,0.25,1.75,17.6
59280,8,7,0.25,1.75,17.6
28960,8,7,0.25,1.75,17.6
28995,8,7,0.25,1.75,17.6
39298,8,7,0.25,1.75,17.6
39355,8,7,0.25,1.75,17.6
23401,8,7,0.25,1.75,17.6
36714,8,7,0.25,1.75,17.6
14545,8,7,0.25,1.75,17.6
14547,8,7,0.25,1.75,17.6
36971,8,7,0.25,1.75,17.6
36981,8,7,0.25,1.75,17.6
59315,8,7,0.25,1.75,17.6
49817,8,7,0.25,1.75,17.6
49837,8,7,0.25,1.75,17.6
11882,8,7,0.25,1.75,17.6
11884,8,7,0.25,1.75,17.6
24986,8,7,0.25,1.75,17.6
32458,8,7,0.25,1.75,17.6
29629,8,7,0.25,1.75,17.6
29635,8,7,0.25,1.75,17.6
23958,8,7,0.25,1.75,17.6
39161,8,7,0.25,1.75,17.6
39163,8,7,0.25,1.75,17.6
39202,8,7,0.25,1.75,17.6
39207,8,7,0.25,1.75,17.6
38979,8,7,0.25,1.75,17.6
15584,8,7,0.25,1.75,17.6
28958,8,7,0.25,1.75,17.6
21105,8,7,0.25,1.75,17.6
21112,8,7,0.25,1.75,17.6
51151,8,7,0.25,1.75,17.6
51168,8,7,0.25,1.75,17.6
26648,8,7,0.25,1.75,17.6
26670,8,7,0.25,1.75,17.6
37179,8,7,0.25,1.75,17.6
64659,8,7,0.25,1.75,17.6
19170,8,7,0.25,1.75,17.6
19171,8,7,0.25,1.75,17.6
19177,8,7,0.25,1.75,17.6
20695,8,7,0.25,1.75,17.6
52536,8,7,0.25,1.75,17.6
52418,8,7,0.25,1.75,17.6
76927,8,7,0.25,1.75,17.6
19743,8,7,0.25,1.75,17.6
1438,8,7,0.25,1.75,17.6
1507,8,7,0.25,1.75,17.6
21338,8,7,0.25,1.75,17.6
21367,8,7,0.25,1.75,17.6
31601,8,7,0.25,1.75,17.6
72970,8,7,0.25,1.75,17.6
32508,8,7,0.25,1.75,17.6
32509,8,7,0.25,1.75,17.6
49912,8,7,0.25,1.75,17.6
49924,8,7,0.25,1.75,17.6
49965,8,7,0.25,1.75,17.6
25197,8,7,0.25,1.75,17.6
31667,8,7,0.25,1.75,17.6
32320,8,7,0.25,1.75,17.6
32324,8,7,0.25,1.75,17.6
32399,8,7,0.25,1.75,17.6
23461,8,7,0.25,1.75,17.6
23465,8,7,0.25,1.75,17.6
39049,8,7,0.25,1.75,17.6
39062,8,7,0.25,1.75,17.6
15635,8,7,0.25,1.75,17.6
23979,8,7,0.25,1.75,17.6
23992,8,7,0.25,1.75,17.6
14606,8,7,0.25,1.75,17.6
37152,8,7,0.25,1.75,17.6
50063,8,7,0.25,1.75,17.6
21312,8,7,0.25,1.75,17.6
49875,8,7,0.25,1.75,17.6
18954,8,7,0.25,1.75,17.6
21314,8,7,0.25,1.75,17.6
21326,8,7,0.25,1.75,17.6
26581,8,7,0.25,1.75,17.6
26603,8,7,0.25,1.75,17.6
576,8,7,0.25,1.75,17.6
689,8,7,0.25,1.75,17.6
26619,8,7,0.25,1.75,17.6
21332,8,7,0.25,1.75,17.6
29075,8,7,0.25,1.75,17.6
29077,8,7,0.25,1.75,17.6
38929,8,7,0.25,1.75,17.6
38767,8,7,0.25,1.75,17.6
38772,8,7,0.25,1.75,17.6
37076,8,7,0.25,1.75,17.6
19205,8,7,0.25,1.75,17.6
52724,8,7,0.25,1.75,17.6
29527,8,7,0.25,1.75,17.6
50077,8,7,0.25,1.75,17.6
50094,8,7,0.25,1.75,17.6
49956,8,7,0.25,1.75,17.6
50116,8,7,0.25,1.75,17.6
32289,8,7,0.25,1.75,17.6
25154,8,7,0.25,1.75,17.6
25169,8,7,0.25,1.75,17.6
25184,8,7,0.25,1.75,17.6
50121,8,7,0.25,1.75,17.6
51082,8,7,0.25,1.75,17.6
51140,8,7,0.25,1.75,17.6
51145,8,7,0.25,1.75,17.6
21089,8,7,0.25,1.75,17.6
50201,8,7,0.25,1.75,17.6
50207,8,7,0.25,1.75,17.6
71643,8,7,0.25,1.75,17.6
32226,8,7,0.25,1.75,17.6
32245,8,7,0.25,1.75,17.6
37205,8,7,0.25,1.75,17.6
37210,8,7,0.25,1.75,17.6
38852,8,7,0.25,1.75,17.6
38856,8,7,0.25,1.75,17.6
38606,8,7,0.25,1.75,17.6
38666,8,7,0.25,1.75,17.6
38894,8,7,0.25,1.75,17.6
38922,8,7,0.25,1.75,17.6
38928,8,7,0.25,1.75,17.6
19997,8,7,0.25,1.75,17.6
29104,8,7,0.25,1.75,17.6
64814,8,7,0.25,1.75,17.6
29544,8,7,0.25,1.75,17.6
32250,8,7,0.25,1.75,17.6
32251,8,7,0.25,1.75,17.6
25002,8,7,0.25,1.75,17.6
25028,8,7,0.25,1.75,17.6
50264,8,7,0.25,1.75,17.6
58887,8,7,0.25,1.75,17.6
58942,8,7,0.25,1.75,17.6
55754,8,7,0.25,1.75,17.6
19591,8,7,0.25,1.75,17.6
19610,8,7,0.25,1.75,17.6
14650,8,7,0.25,1.75,17.6
65637,8,7,0.25,1.75,17.6
23573,8,7,0.25,1.75,17.6
23581,8,7,0.25,1.75,17.6
38766,8,7,0.25,1.75,17.6
8364,8,7,0.25,1.75,17.6
8327,8,7,0.25,1.75,17.6
38403,8,7,0.25,1.75,17.6
14688,8,7,0.25,1.75,17.6
14581,8,7,0.25,1.75,17.6
799,8,7,0.25,1.75,17.6
50193,8,7,0.25,1.75,17.6
31760,8,7,0.25,1.75,17.6
32157,8,7,0.25,1.75,17.6
32179,8,7,0.25,1.75,17.6
29475,8,7,0.25,1.75,17.6
29516,8,7,0.25,1.75,17.6
37276,8,7,0.25,1.75,17.6
37246,8,7,0.25,1.75,17.6
38440,8,7,0.25,1.75,17.6
38457,8,7,0.25,1.75,17.6
38458,8,7,0.25,1.75,17.6
25635,8,7,0.25,1.75,17.6
29124,8,7,0.25,1.75,17.6
8372,8,7,0.25,1.75,17.6
15370,8,7,0.25,1.75,17.6
50412,8,7,0.25,1.75,17.6
18995,8,7,0.25,1.75,17.6
19010,8,7,0.25,1.75,17.6
50500,8,7,0.25,1.75,17.6
50314,8,7,0.25,1.75,17.6
72586,8,7,0.25,1.75,17.6
65483,8,7,0.25,1.75,17.6
65505,8,7,0.25,1.75,17.6
23662,8,7,0.25,1.75,17.6
11243,8,7,0.25,1.75,17.6
11536,8,7,0.25,1.75,17.6
32117,8,7,0.25,1.75,17.6
31689,8,7,0.25,1.75,17.6
50534,8,7,0.25,1.75,17.6
50584,8,7,0.25,1.75,17.6
26478,8,7,0.25,1.75,17.6
26507,8,7,0.25,1.75,17.6
646,8,7,0.25,1.75,17.6
19442,8,7,0.25,1.75,17.6
56889,8,7,0.25,1.75,17.6
11513,8,7,0.25,1.75,17.6
32063,8,7,0.25,1.75,17.6
32064,8,7,0.25,1.75,17.6
26530,8,7,0.25,1.75,17.6
26533,8,7,0.25,1.75,17.6
21155,8,7,0.25,1.75,17.6
508,8,7,0.25,1.75,17.6
50614,8,7,0.25,1.75,17.6
50478,8,7,0.25,1.75,17.6
51039,8,7,0.25,1.75,17.6
51054,8,7,0.25,1.75,17.6
51065,8,7,0.25,1.75,17.6
29151,8,7,0.25,1.75,17.6
77616,8,7,0.25,1.75,17.6
77647,8,7,0.25,1.75,17.6
29191,8,7,0.25,1.75,17.6
29202,8,7,0.25,1.75,17.6
15307,8,7,0.25,1.75,17.6
37356,8,7,0.25,1.75,17.6
37408,8,7,0.25,1.75,17.6
37413,8,7,0.25,1.75,17.6
52680,8,7,0.25,1.75,17.6
8788,8,7,0.25,1.75,17.6
29422,8,7,0.25,1.75,17.6
38170,8,7,0.25,1.75,17.6
50864,8,7,0.25,1.75,17.6
50867,8,7,0.25,1.75,17.6
26389,8,7,0.25,1.75,17.6
25054,8,7,0.25,1.75,17.6
20213,8,7,0.25,1.75,17.6
37468,8,7,0.25,1.75,17.6
23737,8,7,0.25,1.75,17.6
23766,8,7,0.25,1.75,17.6
29227,8,7,0.25,1.75,17.6
29251,8,7,0.25,1.75,17.6
29256,8,7,0.25,1.75,17.6
52773,8,7,0.25,1.75,17.6
52836,8,7,0.25,1.75,17.6
20690,8,7,0.25,1.75,17.6
20692,8,7,0.25,1.75,17.6
53837,8,7,0.25,1.75,17.6
26414,8,7,0.25,1.75,17.6
26416,8,7,0.25,1.75,17.6
26421,8,7,0.25,1.75,17.6
26425,8,7,0.25,1.75,17.6
283,8,7,0.25,1.75,17.6
55264,8,7,0.25,1.75,17.6
50733,8,7,0.25,1.75,17.6
50753,8,7,0.25,1.75,17.6
52720,8,7,0.25,1.75,17.6
57654,8,7,0.25,1.75,17.6
57733,8,7,0.25,1.75,17.6
8919,8,7,0.25,1.75,17.6
25566,8,7,0.25,1.75,17.6
23855,8,7,0.25,1.75,17.6
50763,8,7,0.25,1.75,17.6
21116,8,7,0.25,1.75,17.6
29311,8,7,0.25,1.75,17.6
29346,8,7,0.25,1.75,17.6
29352,8,7,0.25,1.75,17.6
8548,8,7,0.25,1.75,17.6
14970,8,7,0.25,1.75,17.6
37837,8,7,0.25,1.75,17.6
31968,8,7,0.25,1.75,17.6
26318,8,7,0.25,1.75,17.6
26320,8,7,0.25,1.75,17.6
8674,8,7,0.25,1.75,17.6
8670,8,7,0.25,1.75,17.6
19669,8,7,0.25,1.75,17.6
19620,8,7,0.25,1.75,17.6
19615,8,7,0.25,1.75,17.6
31888,8,7,0.25,1.75,17.6
11313,8,7,0.25,1.75,17.6
50944,8,7,0.25,1.75,17.6
3,8,7,0.25,1.75,17.6
142,8,7,0.25,1.75,17.6
26359,8,7,0.25,1.75,17.6
55658,8,7,0.25,1.75,17.6
67933,8,7,0.25,1.75,17.6
30541,8,7,0.25,1.75,17.6
19560,8,7,0.25,1.75,17.6
58056,8,7,0.25,1.75,17.6
34408,8,7,0.25,1.75,17.6
22310,8,7,0.25,1.75,17.6
22316,8,7,0.25,1.75,17.6
22351,8,7,0.25,1.75,17.6
55176,8,7,0.25,1.75,17.6
50909,8,7,0.25,1.75,17.6
571,59,58,0.0339,1.97,17.43
289,58,57,0.0345,1.97,17.26
425,57,56,0.0351,1.96,17.08
272,57,56,0.0351,1.96,17.08
139,56,55,0.0357,1.96,16.91
158,56,55,0.0357,1.96,16.91
154,56,55,0.0357,1.96,16.91
24,56,55,0.0357,1.96,16.91
489,9,8,0.2222,1.78,16.47
26525,9,8,0.2222,1.78,16.47
26529,9,8,0.2222,1.78,16.47
19573,9,8,0.2222,1.78,16.47
19593,9,8,0.2222,1.78,16.47
795,9,8,0.2222,1.78,16.47
817,9,8,0.2222,1.78,16.47
26562,9,8,0.2222,1.78,16.47
26563,9,8,0.2222,1.78,16.47
26569,9,8,0.2222,1.78,16.47
1122,9,8,0.2222,1.78,16.47
1183,9,8,0.2222,1.78,16.47
21331,9,8,0.2222,1.78,16.47
59101,9,8,0.2222,1.78,16.47
21260,9,8,0.2222,1.78,16.47
18947,9,8,0.2222,1.78,16.47
51079,9,8,0.2222,1.78,16.47
50274,9,8,0.2222,1.78,16.47
21233,9,8,0.2222,1.78,16.47
21235,9,8,0.2222,1.78,16.47
58804,9,8,0.2222,1.78,16.47
18972,9,8,0.2222,1.78,16.47
21221,9,8,0.2222,1.78,16.47
21222,9,8,0.2222,1.78,16.47
50311,9,8,0.2222,1.78,16.47
50383,9,8,0.2222,1.78,16.47
50387,9,8,0.2222,1.78,16.47
50529,9,8,0.2222,1.78,16.47
49831,9,8,0.2222,1.78,16.47
49701,9,8,0.2222,1.78,16.47
58437,9,8,0.2222,1.78,16.47
21113,9,8,0.2222,1.78,16.47
21363,9,8,0.2222,1.78,16.47
21369,9,8,0.2222,1.78,16.47
49799,9,8,0.2222,1.78,16.47
49908,9,8,0.2222,1.78,16.47
49981,9,8,0.2222,1.78,16.47
50062,9,8,0.2222,1.78,16.47
21375,9,8,0.2222,1.78,16.47
18956,9,8,0.2222,1.78,16.47
18971,9,8,0.2222,1.78,16.47
21317,9,8,0.2222,1.78,16.47
21328,9,8,0.2222,1.78,16.47
21330,9,8,0.2222,1.78,16.47
49488,9,8,0.2222,1.78,16.47
49493,9,8,0.2222,1.78,16.47
49523,9,8,0.2222,1.78,16.47
21431,9,8,0.2222,1.78,16.47
18944,9,8,0.2222,1.78,16.47
49597,9,8,0.2222,1.78,16.47
49603,9,8,0.2222,1.78,16.47
21381,9,8,0.2222,1.78,16.47
21394,9,8,0.2222,1.78,16.47
21403,9,8,0.2222,1.78,16.47
49678,9,8,0.2222,1.78,16.47
18903,9,8,0.2222,1.78,16.47
18912,9,8,0.2222,1.78,16.47
49730,9,8,0.2222,1.78,16.47
59168,9,8,0.2222,1.78,16.47
59222,9,8,0.2222,1.78,16.47
49187,9,8,0.2222,1.78,16.47
49210,9,8,0.2222,1.78,16.47
18881,9,8,0.2222,1.78,16.47
18882,9,8,0.2222,1.78,16.47
18884,9,8,0.2222,1.78,16.47
21078,9,8,0.2222,1.78,16.47
51170,9,8,0.2222,1.78,16.47
51176,9,8,0.2222,1.78,16.47
51248,9,8,0.2222,1.78,16.47
51308,9,8,0.2222,1.78,16.47
49184,9,8,0.2222,1.78,16.47
18877,9,8,0.2222,1.78,16.47
59411,9,8,0.2222,1.78,16.47
49479,9,8,0.2222,1.78,16.47
49357,9,8,0.2222,1.78,16.47
49425,9,8,0.2222,1.78,16.47
48653,9,8,0.2222,1.78,16.47
48710,9,8,0.2222,1.78,16.47
48720,9,8,0.2222,1.78,16.47
48721,9,8,0.2222,1.78,16.47
51406,9,8,0.2222,1.78,16.47
51408,9,8,0.2222,1.78,16.47
48840,9,8,0.2222,1.78,16.47
18771,9,8,0.2222,1.78,16.47
21590,9,8,0.2222,1.78,16.47
21593,9,8,0.2222,1.78,16.47
48747,9,8,0.2222,1.78,16.47
49058,9,8,0.2222,1.78,16.47
49112,9,8,0.2222,1.78,16.47
18848,9,8,0.2222,1.78,16.47
21515,9,8,0.2222,1.78,16.47
21540,9,8,0.2222,1.78,16.47
60320,9,8,0.2222,1.78,16.47
60230,9,8,0.2222,1.78,16.47
21001,9,8,0.2222,1.78,16.47
21011,9,8,0.2222,1.78,16.47
21014,9,8,0.2222,1.78,16.47
21015,9,8,0.2222,1.78,16.47
51339,9,8,0.2222,1.78,16.47
51391,9,8,0.2222,1.78,16.47
48197,9,8,0.2222,1.78,16.47
18671,9,8,0.2222,1.78,16.47
18673,9,8,0.2222,1.78,16.47
18680,9,8,0.2222,1.78,16.47
59983,9,8,0.2222,1.78,16.47
48447,9,8,0.2222,1.78,16.47
48282,9,8,0.2222,1.78,16.47
48462,9,8,0.2222,1.78,16.47
47456,9,8,0.2222,1.78,16.47
18140,9,8,0.2222,1.78,16.47
21961,9,8,0.2222,1.78,16.47
21995,9,8,0.2222,1.78,16.47
18423,9,8,0.2222,1.78,16.47
60634,9,8,0.2222,1.78,16.47
21925,9,8,0.2222,1.78,16.47
47680,9,8,0.2222,1.78,16.47
60573,9,8,0.2222,1.78,16.47
21892,9,8,0.2222,1.78,16.47
21908,9,8,0.2222,1.78,16.47
21912,9,8,0.2222,1.78,16.47
47787,9,8,0.2222,1.78,16.47
47798,9,8,0.2222,1.78,16.47
47897,9,8,0.2222,1.78,16.47
47941,9,8,0.2222,1.78,16.47
22140,9,8,0.2222,1.78,16.47
46955,9,8,0.2222,1.78,16.47
51615,9,8,0.2222,1.78,16.47
51667,9,8,0.2222,1.78,16.47
51490,9,8,0.2222,1.78,16.47
22039,9,8,0.2222,1.78,16.47
22115,9,8,0.2222,1.78,16.47
47003,9,8,0.2222,1.78,16.47
47164,9,8,0.2222,1.78,16.47
47171,9,8,0.2222,1.78,16.47
22020,9,8,0.2222,1.78,16.47
47406,9,8,0.2222,1.78,16.47
47364,9,8,0.2222,1.78,16.47
47541,9,8,0.2222,1.78,16.47
47549,9,8,0.2222,1.78,16.47
47434,9,8,0.2222,1.78,16.47
46313,9,8,0.2222,1.78,16.47
46374,9,8,0.2222,1.78,16.47
46414,9,8,0.2222,1.78,16.47
51754,9,8,0.2222,1.78,16.47
51784,9,8,0.2222,1.78,16.47
51606,9,8,0.2222,1.78,16.47
46592,9,8,0.2222,1.78,16.47
46594,9,8,0.2222,1.78,16.47
46612,9,8,0.2222,1.78,16.47
22154,9,8,0.2222,1.78,16.47
46627,9,8,0.2222,1.78,16.47
61289,9,8,0.2222,1.78,16.47
46662,9,8,0.2222,1.78,16.47
46689,9,8,0.2222,1.78,16.47
46743,9,8,0.2222,1.78,16.47
22124,9,8,0.2222,1.78,16.47
45714,9,8,0.2222,1.78,16.47
45784,9,8,0.2222,1.78,16.47
22263,9,8,0.2222,1.78,16.47
58223,9,8,0.2222,1.78,16.47
20964,9,8,0.2222,1.78,16.47
51852,9,8,0.2222,1.78,16.47
61790,9,8,0.2222,1.78,16.47
45796,9,8,0.2222,1.78,16.47
45938,9,8,0.2222,1.78,16.47
45939,9,8,0.2222,1.78,16.47
46026,9,8,0.2222,1.78,16.47
46248,9,8,0.2222,1.78,16.47
17794,9,8,0.2222,1.78,16.47
17836,9,8,0.2222,1.78,16.47
22174,9,8,0.2222,1.78,16.47
46114,9,8,0.2222,1.78,16.47
22341,9,8,0.2222,1.78,16.47
45114,9,8,0.2222,1.78,16.47
58155,9,8,0.2222,1.78,16.47
45390,9,8,0.2222,1.78,16.47
45450,9,8,0.2222,1.78,16.47
45452,9,8,0.2222,1.78,16.47
45481,9,8,0.2222,1.78,16.47
45517,9,8,0.2222,1.78,16.47
45557,9,8,0.2222,1.78,16.47
45241,9,8,0.2222,1.78,16.47
22271,9,8,0.2222,1.78,16.47
22295,9,8,0.2222,1.78,16.47
45603,9,8,0.2222,1.78,16.47
17695,9,8,0.2222,1.78,16.47
45636,9,8,0.2222,1.78,16.47
45695,9,8,0.2222,1.78,16.47
44137,9,8,0.2222,1.78,16.47
17533,9,8,0.2222,1.78,16.47
22454,9,8,0.2222,1.78,16.47
20892,9,8,0.2222,1.78,16.47
20913,9,8,0.2222,1.78,16.47
44707,9,8,0.2222,1.78,16.47
17501,9,8,0.2222,1.78,16.47
22383,9,8,0.2222,1.78,16.47
45045,9,8,0.2222,1.78,16.47
61892,9,8,0.2222,1.78,16.47
45148,9,8,0.2222,1.78,16.47
45178,9,8,0.2222,1.78,16.47
44894,9,8,0.2222,1.78,16.47
17634,9,8,0.2222,1.78,16.47
17643,9,8,0.2222,1.78,16.47
22314,9,8,0.2222,1.78,16.47
43947,9,8,0.2222,1.78,16.47
44011,9,8,0.2222,1.78,16.47
43700,9,8,0.2222,1.78,16.47
51996,9,8,0.2222,1.78,16.47
52031,9,8,0.2222,1.78,16.47
52036,9,8,0.2222,1.78,16.47
52043,9,8,0.2222,1.78,16.47
44097,9,8,0.2222,1.78,16.47
17382,9,8,0.2222,1.78,16.47
17358,9,8,0.2222,1.78,16.47
17377,9,8,0.2222,1.78,16.47
44193,9,8,0.2222,1.78,16.47
44256,9,8,0.2222,1.78,16.47
44367,9,8,0.2222,1.78,16.47
44411,9,8,0.2222,1.78,16.47
44119,9,8,0.2222,1.78,16.47
22709,9,8,0.2222,1.78,16.47
42962,9,8,0.2222,1.78,16.47
52071,9,8,0.2222,1.78,16.47
19166,9,8,0.2222,1.78,16.47
43224,9,8,0.2222,1.78,16.47
43227,9,8,0.2222,1.78,16.47
43228,9,8,0.2222,1.78,16.47
43333,9,8,0.2222,1.78,16.47
62548,9,8,0.2222,1.78,16.47
62617,9,8,0.2222,1.78,16.47
43424,9,8,0.2222,1.78,16.47
17252,9,8,0.2222,1.78,16.47
43694,9,8,0.2222,1.78,16.47
43733,9,8,0.2222,1.78,16.47
62327,9,8,0.2222,1.78,16.47
17236,9,8,0.2222,1.78,16.47
42534,9,8,0.2222,1.78,16.47
42633,9,8,0.2222,1.78,16.47
52137,9,8,0.2222,1.78,16.47
52143,9,8,0.2222,1.78,16.47
52164,9,8,0.2222,1.78,16.47
52197,9,8,0.2222,1.78,16.47
22712,9,8,0.2222,1.78,16.47
22751,9,8,0.2222,1.78,16.47
42847,9,8,0.2222,1.78,16.47
17061,9,8,0.2222,1.78,16.47
42984,9,8,0.2222,1.78,16.47
43041,9,8,0.2222,1.78,16.47
43046,9,8,0.2222,1.78,16.47
43050,9,8,0.2222,1.78,16.47
42843,9,8,0.2222,1.78,16.47
22708,9,8,0.2222,1.78,16.47
22877,9,8,0.2222,1.78,16.47
41989,9,8,0.2222,1.78,16.47
41928,9,8,0.2222,1.78,16.47
42044,9,8,0.2222,1.78,16.47
42127,9,8,0.2222,1.78,16.47
42304,9,8,0.2222,1.78,16.47
42201,9,8,0.2222,1.78,16.47
42243,9,8,0.2222,1.78,16.47
42264,9,8,0.2222,1.78,16.47
42272,9,8,0.2222,1.78,16.47
42274,9,8,0.2222,1.78,16.47
42284,9,8,0.2222,1.78,16.47
42467,9,8,0.2222,1.78,16.47
22796,9,8,0.2222,1.78,16.47
42470,9,8,0.2222,1.78,16.47
42530,9,8,0.2222,1.78,16.47
16549,9,8,0.2222,1.78,16.47
16570,9,8,0.2222,1.78,16.47
22964,9,8,0.2222,1.78,16.47
22981,9,8,0.2222,1.78,16.47
52294,9,8,0.2222,1.78,16.47
41492,9,8,0.2222,1.78,16.47
41536,9,8,0.2222,1.78,16.47
41754,9,8,0.2222,1.78,16.47
41622,9,8,0.2222,1.78,16.47
41652,9,8,0.2222,1.78,16.47
22927,9,8,0.2222,1.78,16.47
22937,9,8,0.2222,1.78,16.47
41910,9,8,0.2222,1.78,16.47
63281,9,8,0.2222,1.78,16.47
41974,9,8,0.2222,1.78,16.47
16736,9,8,0.2222,1.78,16.47
40638,9,8,0.2222,1.78,16.47
40416,9,8,0.2222,1.78,16.47
40837,9,8,0.2222,1.78,16.47
40839,9,8,0.2222,1.78,16.47
16204,9,8,0.2222,1.78,16.47
16329,9,8,0.2222,1.78,16.47
40977,9,8,0.2222,1.78,16.47
63731,9,8,0.2222,1.78,16.47
41174,9,8,0.2222,1.78,16.47
41187,9,8,0.2222,1.78,16.47
41281,9,8,0.2222,1.78,16.47
41301,9,8,0.2222,1.78,16.47
41313,9,8,0.2222,1.78,16.47
16473,9,8,0.2222,1.78,16.47
16480,9,8,0.2222,1.78,16.47
16488,9,8,0.2222,1.78,16.47
64181,9,8,0.2222,1.78,16.47
15935,9,8,0.2222,1.78,16.47
23215,9,8,0.2222,1.78,16.47
23248,9,8,0.2222,1.78,16.47
23273,9,8,0.2222,1.78,16.47
52498,9,8,0.2222,1.78,16.47
40081,9,8,0.2222,1.78,16.47
16045,9,8,0.2222,1.78,16.47
40257,9,8,0.2222,1.78,16.47
16093,9,8,0.2222,1.78,16.47
40261,9,8,0.2222,1.78,16.47
40431,9,8,0.2222,1.78,16.47
40267,9,8,0.2222,1.78,16.47
40276,9,8,0.2222,1.78,16.47
40301,9,8,0.2222,1.78,16.47
16255,9,8,0.2222,1.78,16.47
23484,9,8,0.2222,1.78,16.47
39112,9,8,0.2222,1.78,16.47
20716,9,8,0.2222,1.78,16.47
20773,9,8,0.2222,1.78,16.47
39135,9,8,0.2222,1.78,16.47
39198,9,8,0.2222,1.78,16.47
38982,9,8,0.2222,1.78,16.47
38988,9,8,0.2222,1.78,16.47
39015,9,8,0.2222,1.78,16.47
39342,9,8,0.2222,1.78,16.47
23393,9,8,0.2222,1.78,16.47
39468,9,8,0.2222,1.78,16.47
39482,9,8,0.2222,1.78,16.47
15844,9,8,0.2222,1.78,16.47
39724,9,8,0.2222,1.78,16.47
39836,9,8,0.2222,1.78,16.47
38571,9,8,0.2222,1.78,16.47
23647,9,8,0.2222,1.78,16.47
23651,9,8,0.2222,1.78,16.47
52613,9,8,0.2222,1.78,16.47
20666,9,8,0.2222,1.78,16.47
20687,9,8,0.2222,1.78,16.47
20689,9,8,0.2222,1.78,16.47
57798,9,8,0.2222,1.78,16.47
57799,9,8,0.2222,1.78,16.47
57843,9,8,0.2222,1.78,16.47
15340,9,8,0.2222,1.78,16.47
38485,9,8,0.2222,1.78,16.47
38763,9,8,0.2222,1.78,16.47
64724,9,8,0.2222,1.78,16.47
38775,9,8,0.2222,1.78,16.47
38882,9,8,0.2222,1.78,16.47
37710,9,8,0.2222,1.78,16.47
37970,9,8,0.2222,1.78,16.47
38020,9,8,0.2222,1.78,16.47
23763,9,8,0.2222,1.78,16.47
65035,9,8,0.2222,1.78,16.47
38186,9,8,0.2222,1.78,16.47
38212,9,8,0.2222,1.78,16.47
38221,9,8,0.2222,1.78,16.47
23688,9,8,0.2222,1.78,16.47
38367,9,8,0.2222,1.78,16.47
23626,9,8,0.2222,1.78,16.47
38405,9,8,0.2222,1.78,16.47
38445,9,8,0.2222,1.78,16.47
38446,9,8,0.2222,1.78,16.47
15351,9,8,0.2222,1.78,16.47
15353,9,8,0.2222,1.78,16.47
37478,9,8,0.2222,1.78,16.47
37493,9,8,0.2222,1.78,16.47
37496,9,8,0.2222,1.78,16.47
52629,9,8,0.2222,1.78,16.47
52645,9,8,0.2222,1.78,16.47
14817,9,8,0.2222,1.78,16.47
23879,9,8,0.2222,1.78,16.47
37417,9,8,0.2222,1.78,16.47
37611,9,8,0.2222,1.78,16.47
37660,9,8,0.2222,1.78,16.47
65462,9,8,0.2222,1.78,16.47
14879,9,8,0.2222,1.78,16.47
37728,9,8,0.2222,1.78,16.47
37772,9,8,0.2222,1.78,16.47
37806,9,8,0.2222,1.78,16.47
15056,9,8,0.2222,1.78,16.47
14617,9,8,0.2222,1.78,16.47
37181,9,8,0.2222,1.78,16.47
19197,9,8,0.2222,1.78,16.47
52838,9,8,0.2222,1.78,16.47
52725,9,8,0.2222,1.78,16.47
14667,9,8,0.2222,1.78,16.47
37203,9,8,0.2222,1.78,16.47
37206,9,8,0.2222,1.78,16.47
37233,9,8,0.2222,1.78,16.47
37242,9,8,0.2222,1.78,16.47
37248,9,8,0.2222,1.78,16.47
23907,9,8,0.2222,1.78,16.47
37260,9,8,0.2222,1.78,16.47
37271,9,8,0.2222,1.78,16.47
37308,9,8,0.2222,1.78,16.47
37334,9,8,0.2222,1.78,16.47
36627,9,8,0.2222,1.78,16.47
36664,9,8,0.2222,1.78,16.47
14364,9,8,0.2222,1.78,16.47
14374,9,8,0.2222,1.78,16.47
23999,9,8,0.2222,1.78,16.47
24013,9,8,0.2222,1.78,16.47
36763,9,8,0.2222,1.78,16.47
36881,9,8,0.2222,1.78,16.47
14562,9,8,0.2222,1.78,16.47
36961,9,8,0.2222,1.78,16.47
36964,9,8,0.2222,1.78,16.47
36712,9,8,0.2222,1.78,16.47
36726,9,8,0.2222,1.78,16.47
36967,9,8,0.2222,1.78,16.47
37022,9,8,0.2222,1.78,16.47
23986,9,8,0.2222,1.78,16.47
36201,9,8,0.2222,1.78,16.47
36385,9,8,0.2222,1.78,16.47
14302,9,8,0.2222,1.78,16.47
14331,9,8,0.2222,1.78,16.47
20496,9,8,0.2222,1.78,16.47
52888,9,8,0.2222,1.78,16.47
36420,9,8,0.2222,1.78,16.47
36363,9,8,0.2222,1.78,16.47
36497,9,8,0.2222,1.78,16.47
66255,9,8,0.2222,1.78,16.47
36609,9,8,0.2222,1.78,16.47
36610,9,8,0.2222,1.78,16.47
36455,9,8,0.2222,1.78,16.47
14387,9,8,0.2222,1.78,16.47
24075,9,8,0.2222,1.78,16.47
36518,9,8,0.2222,1.78,16.47
35644,9,8,0.2222,1.78,16.47
35666,9,8,0.2222,1.78,16.47
20529,9,8,0.2222,1.78,16.47
20532,9,8,0.2222,1.78,16.47
13909,9,8,0.2222,1.78,16.47
35898,9,8,0.2222,1.78,16.47
13908,9,8,0.2222,1.78,16.47
13997,9,8,0.2222,1.78,16.47
35864,9,8,0.2222,1.78,16.47
14078,9,8,0.2222,1.78,16.47
24213,9,8,0.2222,1.78,16.47
36103,9,8,0.2222,1.78,16.47
36104,9,8,0.2222,1.78,16.47
36202,9,8,0.2222,1.78,16.47
36277,9,8,0.2222,1.78,16.47
36343,9,8,0.2222,1.78,16.47
35370,9,8,0.2222,1.78,16.47
35405,9,8,0.2222,1.78,16.47
53319,9,8,0.2222,1.78,16.47
57423,9,8,0.2222,1.78,16.47
35498,9,8,0.2222,1.78,16.47
13663,9,8,0.2222,1.78,16.47
13681,9,8,0.2222,1.78,16.47
24400,9,8,0.2222,1.78,16.47
35508,9,8,0.2222,1.78,16.47
35549,9,8,0.2222,1.78,16.47
35579,9,8,0.2222,1.78,16.47
35580,9,8,0.2222,1.78,16.47
35581,9,8,0.2222,1.78,16.47
13806,9,8,0.2222,1.78,16.47
13821,9,8,0.2222,1.78,16.47
35615,9,8,0.2222,1.78,16.47
35039,9,8,0.2222,1.78,16.47
35041,9,8,0.2222,1.78,16.47
53249,9,8,0.2222,1.78,16.47
34986,9,8,0.2222,1.78,16.47
34991,9,8,0.2222,1.78,16.47
35000,9,8,0.2222,1.78,16.47
35004,9,8,0.2222,1.78,16.47
35123,9,8,0.2222,1.78,16.47
35140,9,8,0.2222,1.78,16.47
35156,9,8,0.2222,1.78,16.47
35175,9,8,0.2222,1.78,16.47
13516,9,8,0.2222,1.78,16.47
35217,9,8,0.2222,1.78,16.47
35346,9,8,0.2222,1.78,16.47
24511,9,8,0.2222,1.78,16.47
35359,9,8,0.2222,1.78,16.47
13305,9,8,0.2222,1.78,16.47
13277,9,8,0.2222,1.78,16.47
34547,9,8,0.2222,1.78,16.47
34554,9,8,0.2222,1.78,16.47
34563,9,8,0.2222,1.78,16.47
53409,9,8,0.2222,1.78,16.47
19242,9,8,0.2222,1.78,16.47
34713,9,8,0.2222,1.78,16.47
34746,9,8,0.2222,1.78,16.47
34773,9,8,0.2222,1.78,16.47
34776,9,8,0.2222,1.78,16.47
34785,9,8,0.2222,1.78,16.47
34806,9,8,0.2222,1.78,16.47
34892,9,8,0.2222,1.78,16.47
13347,9,8,0.2222,1.78,16.47
67733,9,8,0.2222,1.78,16.47
24627,9,8,0.2222,1.78,16.47
24629,9,8,0.2222,1.78,16.47
24644,9,8,0.2222,1.78,16.47
34184,9,8,0.2222,1.78,16.47
34203,9,8,0.2222,1.78,16.47
34285,9,8,0.2222,1.78,16.47
34300,9,8,0.2222,1.78,16.47
34328,9,8,0.2222,1.78,16.47
13144,9,8,0.2222,1.78,16.47
13233,9,8,0.2222,1.78,16.47
34371,9,8,0.2222,1.78,16.47
34401,9,8,0.2222,1.78,16.47
34429,9,8,0.2222,1.78,16.47
13160,9,8,0.2222,1.78,16.47
34624,9,8,0.2222,1.78,16.47
34631,9,8,0.2222,1.78,16.47
33895,9,8,0.2222,1.78,16.47
33952,9,8,0.2222,1.78,16.47
53493,9,8,0.2222,1.78,16.47
53543,9,8,0.2222,1.78,16.47
19327,9,8,0.2222,1.78,16.47
24688,9,8,0.2222,1.78,16.47
24690,9,8,0.2222,1.78,16.47
34043,9,8,0.2222,1.78,16.47
34057,9,8,0.2222,1.78,16.47
12882,9,8,0.2222,1.78,16.47
12984,9,8,0.2222,1.78,16.47
12986,9,8,0.2222,1.78,16.47
34209,9,8,0.2222,1.78,16.47
13046,9,8,0.2222,1.78,16.47
68436,9,8,0.2222,1.78,16.47
13018,9,8,0.2222,1.78,16.47
12627,9,8,0.2222,1.78,16.47
12656,9,8,0.2222,1.78,16.47
33613,9,8,0.2222,1.78,16.47
12590,9,8,0.2222,1.78,16.47
20380,9,8,0.2222,1.78,16.47
12705,9,8,0.2222,1.78,16.47
12756,9,8,0.2222,1.78,16.47
33667,9,8,0.2222,1.78,16.47
33731,9,8,0.2222,1.78,16.47
24767,9,8,0.2222,1.78,16.47
69058,9,8,0.2222,1.78,16.47
33781,9,8,0.2222,1.78,16.47
24733,9,8,0.2222,1.78,16.47
24743,9,8,0.2222,1.78,16.47
24757,9,8,0.2222,1.78,16.47
33870,9,8,0.2222,1.78,16.47
33270,9,8,0.2222,1.78,16.47
12436,9,8,0.2222,1.78,16.47
33378,9,8,0.2222,1.78,16.47
33382,9,8,0.2222,1.78,16.47
57211,9,8,0.2222,1.78,16.47
12474,9,8,0.2222,1.78,16.47
33414,9,8,0.2222,1.78,16.47
33425,9,8,0.2222,1.78,16.47
33434,9,8,0.2222,1.78,16.47
12534,9,8,0.2222,1.78,16.47
12539,9,8,0.2222,1.78,16.47
33498,9,8,0.2222,1.78,16.47
33507,9,8,0.2222,1.78,16.47
24802,9,8,0.2222,1.78,16.47
24838,9,8,0.2222,1.78,16.47
33525,9,8,0.2222,1.78,16.47
12101,9,8,0.2222,1.78,16.47
33021,9,8,0.2222,1.78,16.47
12172,9,8,0.2222,1.78,16.47
33098,9,8,0.2222,1.78,16.47
12273,9,8,0.2222,1.78,16.47
33167,9,8,0.2222,1.78,16.47
33089,9,8,0.2222,1.78,16.47
33234,9,8,0.2222,1.78,16.47
12216,9,8,0.2222,1.78,16.47
24878,9,8,0.2222,1.78,16.47
24899,9,8,0.2222,1.78,16.47
12296,9,8,0.2222,1.78,16.47
12395,9,8,0.2222,1.78,16.47
12373,9,8,0.2222,1.78,16.47
12380,9,8,0.2222,1.78,16.47
33359,9,8,0.2222,1.78,16.47
24974,9,8,0.2222,1.78,16.47
32511,9,8,0.2222,1.78,16.47
32489,9,8,0.2222,1.78,16.47
11900,9,8,0.2222,1.78,16.47
32546,9,8,0.2222,1.78,16.47
12009,9,8,0.2222,1.78,16.47
11996,9,8,0.2222,1.78,16.47
32641,9,8,0.2222,1.78,16.47
32690,9,8,0.2222,1.78,16.47
32746,9,8,0.2222,1.78,16.47
32768,9,8,0.2222,1.78,16.47
12055,9,8,0.2222,1.78,16.47
32839,9,8,0.2222,1.78,16.47
32844,9,8,0.2222,1.78,16.47
12041,9,8,0.2222,1.78,16.47
32883,9,8,0.2222,1.78,16.47
25062,9,8,0.2222,1.78,16.47
11533,9,8,0.2222,1.78,16.47
32067,9,8,0.2222,1.78,16.47
32082,9,8,0.2222,1.78,16.47
11631,9,8,0.2222,1.78,16.47
11632,9,8,0.2222,1.78,16.47
32241,9,8,0.2222,1.78,16.47
32246,9,8,0.2222,1.78,16.47
32248,9,8,0.2222,1.78,16.47
32155,9,8,0.2222,1.78,16.47
25019,9,8,0.2222,1.78,16.47
32296,9,8,0.2222,1.78,16.47
32327,9,8,0.2222,1.78,16.47
32398,9,8,0.2222,1.78,16.47
32400,9,8,0.2222,1.78,16.47
11842,9,8,0.2222,1.78,16.47
25078,9,8,0.2222,1.78,16.47
25088,9,8,0.2222,1.78,16.47
31752,9,8,0.2222,1.78,16.47
31827,9,8,0.2222,1.78,16.47
31856,9,8,0.2222,1.78,16.47
31867,9,8,0.2222,1.78,16.47
11265,9,8,0.2222,1.78,16.47
11432,9,8,0.2222,1.78,16.47
31899,9,8,0.2222,1.78,16.47
31921,9,8,0.2222,1.78,16.47
31930,9,8,0.2222,1.78,16.47
31932,9,8,0.2222,1.78,16.47
31952,9,8,0.2222,1.78,16.47
31963,9,8,0.2222,1.78,16.47
31970,9,8,0.2222,1.78,16.47
11423,9,8,0.2222,1.78,16.47
31398,9,8,0.2222,1.78,16.47
11025,9,8,0.2222,1.78,16.47
20148,9,8,0.2222,1.78,16.47
20168,9,8,0.2222,1.78,16.47
31526,9,8,0.2222,1.78,16.47
31532,9,8,0.2222,1.78,16.47
31481,9,8,0.2222,1.78,16.47
11035,9,8,0.2222,1.78,16.47
31630,9,8,0.2222,1.78,16.47
25200,9,8,0.2222,1.78,16.47
11028,9,8,0.2222,1.78,16.47
31737,9,8,0.2222,1.78,16.47
11096,9,8,0.2222,1.78,16.47
31753,9,8,0.2222,1.78,16.47
31786,9,8,0.2222,1.78,16.47
11297,9,8,0.2222,1.78,16.47
31072,9,8,0.2222,1.78,16.47
31075,9,8,0.2222,1.78,16.47
54182,9,8,0.2222,1.78,16.47
10658,9,8,0.2222,1.78,16.47
31134,9,8,0.2222,1.78,16.47
31169,9,8,0.2222,1.78,16.47
31173,9,8,0.2222,1.78,16.47
31189,9,8,0.2222,1.78,16.47
73525,9,8,0.2222,1.78,16.47
10730,9,8,0.2222,1.78,16.47
10790,9,8,0.2222,1.78,16.47
10817,9,8,0.2222,1.78,16.47
31228,9,8,0.2222,1.78,16.47
25218,9,8,0.2222,1.78,16.47
31284,9,8,0.2222,1.78,16.47
31351,9,8,0.2222,1.78,16.47
10040,9,8,0.2222,1.78,16.47
30572,9,8,0.2222,1.78,16.47
30578,9,8,0.2222,1.78,16.47
30584,9,8,0.2222,1.78,16.47
30605,9,8,0.2222,1.78,16.47
30638,9,8,0.2222,1.78,16.47
30676,9,8,0.2222,1.78,16.47
25323,9,8,0.2222,1.78,16.47
10388,9,8,0.2222,1.78,16.47
30982,9,8,0.2222,1.78,16.47
10557,9,8,0.2222,1.78,16.47
25266,9,8,0.2222,1.78,16.47
25283,9,8,0.2222,1.78,16.47
10389,9,8,0.2222,1.78,16.47
31020,9,8,0.2222,1.78,16.47
31042,9,8,0.2222,1.78,16.47
30080,9,8,0.2222,1.78,16.47
30162,9,8,0.2222,1.78,16.47
30195,9,8,0.2222,1.78,16.47
54304,9,8,0.2222,1.78,16.47
54318,9,8,0.2222,1.78,16.47
54358,9,8,0.2222,1.78,16.47
30221,9,8,0.2222,1.78,16.47
25386,9,8,0.2222,1.78,16.47
25403,9,8,0.2222,1.78,16.47
25412,9,8,0.2222,1.78,16.47
30325,9,8,0.2222,1.78,16.47
30356,9,8,0.2222,1.78,16.47
30411,9,8,0.2222,1.78,16.47
30442,9,8,0.2222,1.78,16.47
30507,9,8,0.2222,1.78,16.47
9989,9,8,0.2222,1.78,16.47
29779,9,8,0.2222,1.78,16.47
29791,9,8,0.2222,1.78,16.47
29793,9,8,0.2222,1.78,16.47
19454,9,8,0.2222,1.78,16.47
20057,9,8,0.2222,1.78,16.47
20087,9,8,0.2222,1.78,16.47
9419,9,8,0.2222,1.78,16.47
29967,9,8,0.2222,1.78,16.47
9550,9,8,0.2222,1.78,16.47
29976,9,8,0.2222,1.78,16.47
25469,9,8,0.2222,1.78,16.47
25473,9,8,0.2222,1.78,16.47
9491,9,8,0.2222,1.78,16.47
9618,9,8,0.2222,1.78,16.47
30059,9,8,0.2222,1.78,16.47
30064,9,8,0.2222,1.78,16.47
29642,9,8,0.2222,1.78,16.47
29686,9,8,0.2222,1.78,16.47
54554,9,8,0.2222,1.78,16.47
56552,9,8,0.2222,1.78,16.47
9115,9,8,0.2222,1.78,16.47
25543,9,8,0.2222,1.78,16.47
25549,9,8,0.2222,1.78,16.47
29666,9,8,0.2222,1.78,16.47
9208,9,8,0.2222,1.78,16.47
9269,9,8,0.2222,1.78,16.47
29716,9,8,0.2222,1.78,16.47
29725,9,8,0.2222,1.78,16.47
29755,9,8,0.2222,1.78,16.47
9364,9,8,0.2222,1.78,16.47
29764,9,8,0.2222,1.78,16.47
29772,9,8,0.2222,1.78,16.47
8367,9,8,0.2222,1.78,16.47
29287,9,8,0.2222,1.78,16.47
8464,9,8,0.2222,1.78,16.47
29344,9,8,0.2222,1.78,16.47
29385,9,8,0.2222,1.78,16.47
29387,9,8,0.2222,1.78,16.47
29411,9,8,0.2222,1.78,16.47
29419,9,8,0.2222,1.78,16.47
25564,9,8,0.2222,1.78,16.47
25586,9,8,0.2222,1.78,16.47
25603,9,8,0.2222,1.78,16.47
29472,9,8,0.2222,1.78,16.47
8930,9,8,0.2222,1.78,16.47
29488,9,8,0.2222,1.78,16.47
29565,9,8,0.2222,1.78,16.47
29619,9,8,0.2222,1.78,16.47
29062,9,8,0.2222,1.78,16.47
29068,9,8,0.2222,1.78,16.47
29079,9,8,0.2222,1.78,16.47
8286,9,8,0.2222,1.78,16.47
56494,9,8,0.2222,1.78,16.47
56504,9,8,0.2222,1.78,16.47
54693,9,8,0.2222,1.78,16.47
54711,9,8,0.2222,1.78,16.47
20010,9,8,0.2222,1.78,16.47
20014,9,8,0.2222,1.78,16.47
29101,9,8,0.2222,1.78,16.47
29110,9,8,0.2222,1.78,16.47
29127,9,8,0.2222,1.78,16.47
29142,9,8,0.2222,1.78,16.47
29189,9,8,0.2222,1.78,16.47
29226,9,8,0.2222,1.78,16.47
28637,9,8,0.2222,1.78,16.47
8079,9,8,0.2222,1.78,16.47
28716,9,8,0.2222,1.78,16.47
8076,9,8,0.2222,1.78,16.47
8078,9,8,0.2222,1.78,16.47
28820,9,8,0.2222,1.78,16.47
28831,9,8,0.2222,1.78,16.47
28832,9,8,0.2222,1.78,16.47
28865,9,8,0.2222,1.78,16.47
8127,9,8,0.2222,1.78,16.47
8201,9,8,0.2222,1.78,16.47
28897,9,8,0.2222,1.78,16.47
8216,9,8,0.2222,1.78,16.47
8263,9,8,0.2222,1.78,16.47
8279,9,8,0.2222,1.78,16.47
29051,9,8,0.2222,1.78,16.47
28218,9,8,0.2222,1.78,16.47
28235,9,8,0.2222,1.78,16.47
20043,9,8,0.2222,1.78,16.47
7333,9,8,0.2222,1.78,16.47
7481,9,8,0.2222,1.78,16.47
25813,9,8,0.2222,1.78,16.47
25836,9,8,0.2222,1.78,16.47
7608,9,8,0.2222,1.78,16.47
28388,9,8,0.2222,1.78,16.47
28398,9,8,0.2222,1.78,16.47
28447,9,8,0.2222,1.78,16.47
28488,9,8,0.2222,1.78,16.47
7761,9,8,0.2222,1.78,16.47
28598,9,8,0.2222,1.78,16.47
28609,9,8,0.2222,1.78,16.47
7766,9,8,0.2222,1.78,16.47
27992,9,8,0.2222,1.78,16.47
6847,9,8,0.2222,1.78,16.47
6849,9,8,0.2222,1.78,16.47
54995,9,8,0.2222,1.78,16.47
56317,9,8,0.2222,1.78,16.47
6887,9,8,0.2222,1.78,16.47
28024,9,8,0.2222,1.78,16.47
28028,9,8,0.2222,1.78,16.47
6916,9,8,0.2222,1.78,16.47
7198,9,8,0.2222,1.78,16.47
6970,9,8,0.2222,1.78,16.47
25909,9,8,0.2222,1.78,16.47
7185,9,8,0.2222,1.78,16.47
28167,9,8,0.2222,1.78,16.47
28217,9,8,0.2222,1.78,16.47
7260,9,8,0.2222,1.78,16.47
27830,9,8,0.2222,1.78,16.47
27845,9,8,0.2222,1.78,16.47
6238,9,8,0.2222,1.78,16.47
19935,9,8,0.2222,1.78,16.47
54933,9,8,0.2222,1.78,16.47
6339,9,8,0.2222,1.78,16.47
27856,9,8,0.2222,1.78,16.47
27933,9,8,0.2222,1.78,16.47
27947,9,8,0.2222,1.78,16.47
6585,9,8,0.2222,1.78,16.47
6452,9,8,0.2222,1.78,16.47
6675,9,8,0.2222,1.78,16.47
27978,9,8,0.2222,1.78,16.47
27980,9,8,0.2222,1.78,16.47
27983,9,8,0.2222,1.78,16.47
27990,9,8,0.2222,1.78,16.47
5614,9,8,0.2222,1.78,16.47
25990,9,8,0.2222,1.78,16.47
26009,9,8,0.2222,1.78,16.47
5678,9,8,0.2222,1.78,16.47
55181,9,8,0.2222,1.78,16.47
19533,9,8,0.2222,1.78,16.47
27719,9,8,0.2222,1.78,16.47
5959,9,8,0.2222,1.78,16.47
5970,9,8,0.2222,1.78,16.47
27760,9,8,0.2222,1.78,16.47
27807,9,8,0.2222,1.78,16.47
27808,9,8,0.2222,1.78,16.47
6126,9,8,0.2222,1.78,16.47
5918,9,8,0.2222,1.78,16.47
27816,9,8,0.2222,1.78,16.47
27827,9,8,0.2222,1.78,16.47
27441,9,8,0.2222,1.78,16.47
27468,9,8,0.2222,1.78,16.47
19866,9,8,0.2222,1.78,16.47
55173,9,8,0.2222,1.78,16.47
5045,9,8,0.2222,1.78,16.47
5297,9,8,0.2222,1.78,16.47
5420,9,8,0.2222,1.78,16.47
27591,9,8,0.2222,1.78,16.47
27620,9,8,0.2222,1.78,16.47
27635,9,8,0.2222,1.78,16.47
27638,9,8,0.2222,1.78,16.47
27653,9,8,0.2222,1.78,16.47
27662,9,8,0.2222,1.78,16.47
5611,9,8,0.2222,1.78,16.47
5725,9,8,0.2222,1.78,16.47
5820,9,8,0.2222,1.78,16.47
4544,9,8,0.2222,1.78,16.47
4501,9,8,0.2222,1.78,16.47
56232,9,8,0.2222,1.78,16.47
26150,9,8,0.2222,1.78,16.47
26162,9,8,0.2222,1.78,16.47
26172,9,8,0.2222,1.78,16.47
27243,9,8,0.2222,1.78,16.47
27269,9,8,0.2222,1.78,16.47
4569,9,8,0.2222,1.78,16.47
27347,9,8,0.2222,1.78,16.47
83350,9,8,0.2222,1.78,16.47
4691,9,8,0.2222,1.78,16.47
27407,9,8,0.2222,1.78,16.47
27428,9,8,0.2222,1.78,16.47
27439,9,8,0.2222,1.78,16.47
4915,9,8,0.2222,1.78,16.47
3538,9,8,0.2222,1.78,16.47
26977,9,8,0.2222,1.78,16.47
26981,9,8,0.2222,1.78,16.47
26984,9,8,0.2222,1.78,16.47
3185,9,8,0.2222,1.78,16.47
19794,9,8,0.2222,1.78,16.47
19800,9,8,0.2222,1.78,16.47
26198,9,8,0.2222,1.78,16.47
26211,9,8,0.2222,1.78,16.47
4132,9,8,0.2222,1.78,16.47
27062,9,8,0.2222,1.78,16.47
27139,9,8,0.2222,1.78,16.47
4035,9,8,0.2222,1.78,16.47
27151,9,8,0.2222,1.78,16.47
27155,9,8,0.2222,1.78,16.47
27156,9,8,0.2222,1.78,16.47
26797,9,8,0.2222,1.78,16.47
2726,9,8,0.2222,1.78,16.47
2522,9,8,0.2222,1.78,16.47
55501,9,8,0.2222,1.78,16.47
2782,9,8,0.2222,1.78,16.47
2797,9,8,0.2222,1.78,16.47
26828,9,8,0.2222,1.78,16.47
26829,9,8,0.2222,1.78,16.47
26852,9,8,0.2222,1.78,16.47
2897,9,8,0.2222,1.78,16.47
26881,9,8,0.2222,1.78,16.47
3330,9,8,0.2222,1.78,16.47
2993,9,8,0.2222,1.78,16.47
2997,9,8,0.2222,1.78,16.47
3005,9,8,0.2222,1.78,16.47
3006,9,8,0.2222,1.78,16.47
26624,9,8,0.2222,1.78,16.47
26668,9,8,0.2222,1.78,16.47
19697,9,8,0.2222,1.78,16.47
19722,9,8,0.2222,1.78,16.47
19738,9,8,0.2222,1.78,16.47
19756,9,8,0.2222,1.78,16.47
19758,9,8,0.2222,1.78,16.47
55500,9,8,0.2222,1.78,16.47
1238,9,8,0.2222,1.78,16.47
26677,9,8,0.2222,1.78,16.47
26688,9,8,0.2222,1.78,16.47
26711,9,8,0.2222,1.78,16.47
26736,9,8,0.2222,1.78,16.47
2114,9,8,0.2222,1.78,16.47
26755,9,8,0.2222,1.78,16.47
2166,9,8,0.2222,1.78,16.47
2,9,8,0.2222,1.78,16.47
51,9,8,0.2222,1.78,16.47
55802,9,8,0.2222,1.78,16.47
50579,9,8,0.2222,1.78,16.47
250,9,8,0.2222,1.78,16.47
26380,9,8,0.2222,1.78,16.47
26512,9,8,0.2222,1.78,16.47
630,9,8,0.2222,1.78,16.47
26387,9,8,0.2222,1.78,16.47
26396,9,8,0.2222,1.78,16.47
26420,9,8,0.2222,1.78,16.47
55974,9,8,0.2222,1.78,16.47
405,9,8,0.2222,1.78,16.47
26457,9,8,0.2222,1.78,16.47
26466,9,8,0.2222,1.78,16.47
26314,9,8,0.2222,1.78,16.47
26330,9,8,0.2222,1.78,16.47
50471,9,8,0.2222,1.78,16.47
51020,9,8,0.2222,1.78,16.47
51066,9,8,0.2222,1.78,16.47
21179,9,8,0.2222,1.78,16.47
21229,9,8,0.2222,1.78,16.47
50716,9,8,0.2222,1.78,16.47
50738,9,8,0.2222,1.78,16.47
58688,9,8,0.2222,1.78,16.47
58724,9,8,0.2222,1.78,16.47
58730,9,8,0.2222,1.78,16.47
19023,9,8,0.2222,1.78,16.47
21158,9,8,0.2222,1.78,16.47
156,9,8,0.2222,1.78,16.47
19663,9,8,0.2222,1.78,16.47
907,9,8,0.2222,1.78,16.47
392,53,52,0.0377,1.96,16.41
5472,53,52,0.0377,1.96,16.41
1999,53,52,0.0377,1.96,16.41
284,53,52,0.0377,1.96,16.41
105,52,51,0.0385,1.96,16.25
81,52,51,0.0385,1.96,16.25
271,52,51,0.0385,1.96,16.25
385,51,50,0.0392,1.96,16.08
1063,51,50,0.0392,1.96,16.08
2222,50,49,0.04,1.96,15.92
1576,50,49,0.04,1.96,15.92
2858,50,49,0.04,1.96,15.92
569,49,48,0.0408,1.96,15.76
18017,10,9,0.2,1.8,15.6
47398,10,9,0.2,1.8,15.6
26532,10,9,0.2,1.8,15.6
15488,10,9,0.2,1.8,15.6
38926,10,9,0.2,1.8,15.6
23452,10,9,0.2,1.8,15.6
39371,10,9,0.2,1.8,15.6
26570,10,9,0.2,1.8,15.6
55781,10,9,0.2,1.8,15.6
414,10,9,0.2,1.8,15.6
26454,10,9,0.2,1.8,15.6
26681,10,9,0.2,1.8,15.6
26687,10,9,0.2,1.8,15.6
1114,10,9,0.2,1.8,15.6
710,10,9,0.2,1.8,15.6
26646,10,9,0.2,1.8,15.6
26669,10,9,0.2,1.8,15.6
19762,10,9,0.2,1.8,15.6
55464,10,9,0.2,1.8,15.6
755,10,9,0.2,1.8,15.6
38862,10,9,0.2,1.8,15.6
23497,10,9,0.2,1.8,15.6
23575,10,9,0.2,1.8,15.6
38397,10,9,0.2,1.8,15.6
38471,10,9,0.2,1.8,15.6
15420,10,9,0.2,1.8,15.6
23614,10,9,0.2,1.8,15.6
15707,10,9,0.2,1.8,15.6
23423,10,9,0.2,1.8,15.6
15188,10,9,0.2,1.8,15.6
15277,10,9,0.2,1.8,15.6
1564,10,9,0.2,1.8,15.6
1575,48,47,0.0417,1.96,15.6
1625,10,9,0.2,1.8,15.6
1627,10,9,0.2,1.8,15.6
1447,10,9,0.2,1.8,15.6
1513,10,9,0.2,1.8,15.6
19565,10,9,0.2,1.8,15.6
19916,10,9,0.2,1.8,15.6
26672,10,9,0.2,1.8,15.6
26241,10,9,0.2,1.8,15.6
26253,10,9,0.2,1.8,15.6
26278,10,9,0.2,1.8,15.6
19982,10,9,0.2,1.8,15.6
54997,10,9,0.2,1.8,15.6
1777,10,9,0.2,1.8,15.6
15905,10,9,0.2,1.8,15.6
39379,10,9,0.2,1.8,15.6
39433,10,9,0.2,1.8,15.6
39456,10,9,0.2,1.8,15.6
39457,10,9,0.2,1.8,15.6
38361,10,9,0.2,1.8,15.6
23668,10,9,0.2,1.8,15.6
23687,10,9,0.2,1.8,15.6
65024,10,9,0.2,1.8,15.6
38185,10,9,0.2,1.8,15.6
2569,10,9,0.2,1.8,15.6
2571,10,9,0.2,1.8,15.6
26739,10,9,0.2,1.8,15.6
26747,10,9,0.2,1.8,15.6
26750,10,9,0.2,1.8,15.6
19520,10,9,0.2,1.8,15.6
54669,10,9,0.2,1.8,15.6
20020,10,9,0.2,1.8,15.6
54589,10,9,0.2,1.8,15.6
38268,10,9,0.2,1.8,15.6
38278,10,9,0.2,1.8,15.6
15086,10,9,0.2,1.8,15.6
15145,10,9,0.2,1.8,15.6
39693,10,9,0.2,1.8,15.6
39726,10,9,0.2,1.8,15.6
15873,10,9,0.2,1.8,15.6
23323,10,9,0.2,1.8,15.6
65066,10,9,0.2,1.8,15.6
37835,10,9,0.2,1.8,15.6
37925,10,9,0.2,1.8,15.6
54553,10,9,0.2,1.8,15.6
54588,10,9,0.2,1.8,15.6
19450,10,9,0.2,1.8,15.6
20045,10,9,0.2,1.8,15.6
20084,10,9,0.2,1.8,15.6
39902,10,9,0.2,1.8,15.6
64282,10,9,0.2,1.8,15.6
39751,10,9,0.2,1.8,15.6
39768,10,9,0.2,1.8,15.6
39783,10,9,0.2,1.8,15.6
37687,10,9,0.2,1.8,15.6
37778,10,9,0.2,1.8,15.6
37789,10,9,0.2,1.8,15.6
14893,10,9,0.2,1.8,15.6
14926,10,9,0.2,1.8,15.6
26190,10,9,0.2,1.8,15.6
3092,10,9,0.2,1.8,15.6
3381,10,9,0.2,1.8,15.6
26904,10,9,0.2,1.8,15.6
26929,10,9,0.2,1.8,15.6
3002,10,9,0.2,1.8,15.6
20088,10,9,0.2,1.8,15.6
20181,10,9,0.2,1.8,15.6
54133,10,9,0.2,1.8,15.6
26878,10,9,0.2,1.8,15.6
26887,10,9,0.2,1.8,15.6
27144,10,9,0.2,1.8,15.6
27047,10,9,0.2,1.8,15.6
27057,10,9,0.2,1.8,15.6
19393,10,9,0.2,1.8,15.6
19427,10,9,0.2,1.8,15.6
26202,10,9,0.2,1.8,15.6
23774,10,9,0.2,1.8,15.6
23780,10,9,0.2,1.8,15.6
39921,10,9,0.2,1.8,15.6
23806,10,9,0.2,1.8,15.6
37606,10,9,0.2,1.8,15.6
14832,10,9,0.2,1.8,15.6
23813,10,9,0.2,1.8,15.6
23866,10,9,0.2,1.8,15.6
23876,10,9,0.2,1.8,15.6
27235,10,9,0.2,1.8,15.6
27150,10,9,0.2,1.8,15.6
27159,10,9,0.2,1.8,15.6
20220,10,9,0.2,1.8,15.6
19434,10,9,0.2,1.8,15.6
19443,10,9,0.2,1.8,15.6
56906,10,9,0.2,1.8,15.6
20254,10,9,0.2,1.8,15.6
20276,10,9,0.2,1.8,15.6
27084,10,9,0.2,1.8,15.6
23878,10,9,0.2,1.8,15.6
37446,10,9,0.2,1.8,15.6
37462,10,9,0.2,1.8,15.6
37482,10,9,0.2,1.8,15.6
37500,10,9,0.2,1.8,15.6
14849,10,9,0.2,1.8,15.6
37412,10,9,0.2,1.8,15.6
37415,10,9,0.2,1.8,15.6
40085,10,9,0.2,1.8,15.6
39958,10,9,0.2,1.8,15.6
39962,10,9,0.2,1.8,15.6
39972,10,9,0.2,1.8,15.6
4540,10,9,0.2,1.8,15.6
4542,10,9,0.2,1.8,15.6
4473,10,9,0.2,1.8,15.6
4529,10,9,0.2,1.8,15.6
4375,10,9,0.2,1.8,15.6
4386,10,9,0.2,1.8,15.6
57050,10,9,0.2,1.8,15.6
19369,10,9,0.2,1.8,15.6
19371,10,9,0.2,1.8,15.6
27168,10,9,0.2,1.8,15.6
27182,10,9,0.2,1.8,15.6
27351,10,9,0.2,1.8,15.6
27357,10,9,0.2,1.8,15.6
27363,10,9,0.2,1.8,15.6
4635,10,9,0.2,1.8,15.6
27265,10,9,0.2,1.8,15.6
27315,10,9,0.2,1.8,15.6
19386,10,9,0.2,1.8,15.6
20391,10,9,0.2,1.8,15.6
4592,10,9,0.2,1.8,15.6
23955,10,9,0.2,1.8,15.6
14664,10,9,0.2,1.8,15.6
37239,10,9,0.2,1.8,15.6
37243,10,9,0.2,1.8,15.6
37244,10,9,0.2,1.8,15.6
65816,10,9,0.2,1.8,15.6
37114,10,9,0.2,1.8,15.6
37189,10,9,0.2,1.8,15.6
23187,10,9,0.2,1.8,15.6
40147,10,9,0.2,1.8,15.6
40187,10,9,0.2,1.8,15.6
14555,10,9,0.2,1.8,15.6
5075,10,9,0.2,1.8,15.6
26126,10,9,0.2,1.8,15.6
4991,10,9,0.2,1.8,15.6
27415,10,9,0.2,1.8,15.6
4759,10,9,0.2,1.8,15.6
20414,10,9,0.2,1.8,15.6
27349,10,9,0.2,1.8,15.6
37041,10,9,0.2,1.8,15.6
40523,10,9,0.2,1.8,15.6
40396,10,9,0.2,1.8,15.6
36915,10,9,0.2,1.8,15.6
36944,10,9,0.2,1.8,15.6
36759,10,9,0.2,1.8,15.6
36766,10,9,0.2,1.8,15.6
27544,10,9,0.2,1.8,15.6
27560,10,9,0.2,1.8,15.6
5317,10,9,0.2,1.8,15.6
27542,10,9,0.2,1.8,15.6
53485,10,9,0.2,1.8,15.6
24004,10,9,0.2,1.8,15.6
36668,10,9,0.2,1.8,15.6
24067,10,9,0.2,1.8,15.6
40787,10,9,0.2,1.8,15.6
16247,10,9,0.2,1.8,15.6
40411,10,9,0.2,1.8,15.6
36492,10,9,0.2,1.8,15.6
24117,10,9,0.2,1.8,15.6
14292,10,9,0.2,1.8,15.6
36348,10,9,0.2,1.8,15.6
36269,10,9,0.2,1.8,15.6
36273,10,9,0.2,1.8,15.6
36197,10,9,0.2,1.8,15.6
24225,10,9,0.2,1.8,15.6
24260,10,9,0.2,1.8,15.6
16372,10,9,0.2,1.8,15.6
27644,10,9,0.2,1.8,15.6
27652,10,9,0.2,1.8,15.6
27660,10,9,0.2,1.8,15.6
27663,10,9,0.2,1.8,15.6
5582,10,9,0.2,1.8,15.6
5461,10,9,0.2,1.8,15.6
27600,10,9,0.2,1.8,15.6
27607,10,9,0.2,1.8,15.6
27615,10,9,0.2,1.8,15.6
20546,10,9,0.2,1.8,15.6
5388,10,9,0.2,1.8,15.6
5727,10,9,0.2,1.8,15.6
5842,10,9,0.2,1.8,15.6
5619,10,9,0.2,1.8,15.6
5629,10,9,0.2,1.8,15.6
25997,10,9,0.2,1.8,15.6
26029,10,9,0.2,1.8,15.6
53061,10,9,0.2,1.8,15.6
19186,10,9,0.2,1.8,15.6
19204,10,9,0.2,1.8,15.6
19215,10,9,0.2,1.8,15.6
20577,10,9,0.2,1.8,15.6
5677,10,9,0.2,1.8,15.6
6281,10,9,0.2,1.8,15.6
27726,10,9,0.2,1.8,15.6
57792,10,9,0.2,1.8,15.6
20670,10,9,0.2,1.8,15.6
20677,10,9,0.2,1.8,15.6
5980,10,9,0.2,1.8,15.6
5693,10,9,0.2,1.8,15.6
24282,10,9,0.2,1.8,15.6
24318,10,9,0.2,1.8,15.6
14022,10,9,0.2,1.8,15.6
41062,10,9,0.2,1.8,15.6
41167,10,9,0.2,1.8,15.6
40924,10,9,0.2,1.8,15.6
40985,10,9,0.2,1.8,15.6
35994,10,9,0.2,1.8,15.6
35945,10,9,0.2,1.8,15.6
27971,10,9,0.2,1.8,15.6
27985,10,9,0.2,1.8,15.6
25982,10,9,0.2,1.8,15.6
6499,10,9,0.2,1.8,15.6
6384,10,9,0.2,1.8,15.6
6388,10,9,0.2,1.8,15.6
27889,10,9,0.2,1.8,15.6
20686,10,9,0.2,1.8,15.6
20775,10,9,0.2,1.8,15.6
27815,10,9,0.2,1.8,15.6
27821,10,9,0.2,1.8,15.6
35825,10,9,0.2,1.8,15.6
35839,10,9,0.2,1.8,15.6
24368,10,9,0.2,1.8,15.6
24397,10,9,0.2,1.8,15.6
41318,10,9,0.2,1.8,15.6
16451,10,9,0.2,1.8,15.6
35736,10,9,0.2,1.8,15.6
35772,10,9,0.2,1.8,15.6
35631,10,9,0.2,1.8,15.6
35728,10,9,0.2,1.8,15.6
6839,10,9,0.2,1.8,15.6
27995,10,9,0.2,1.8,15.6
28014,10,9,0.2,1.8,15.6
6655,10,9,0.2,1.8,15.6
52526,10,9,0.2,1.8,15.6
52535,10,9,0.2,1.8,15.6
52370,10,9,0.2,1.8,15.6
52389,10,9,0.2,1.8,15.6
19182,10,9,0.2,1.8,15.6
52140,10,9,0.2,1.8,15.6
28081,10,9,0.2,1.8,15.6
20833,10,9,0.2,1.8,15.6
19140,10,9,0.2,1.8,15.6
19151,10,9,0.2,1.8,15.6
19160,10,9,0.2,1.8,15.6
51989,10,9,0.2,1.8,15.6
28037,10,9,0.2,1.8,15.6
28068,10,9,0.2,1.8,15.6
28071,10,9,0.2,1.8,15.6
35589,10,9,0.2,1.8,15.6
35436,10,9,0.2,1.8,15.6
35459,10,9,0.2,1.8,15.6
35499,10,9,0.2,1.8,15.6
22997,10,9,0.2,1.8,15.6
22999,10,9,0.2,1.8,15.6
23014,10,9,0.2,1.8,15.6
35379,10,9,0.2,1.8,15.6
7215,10,9,0.2,1.8,15.6
28146,10,9,0.2,1.8,15.6
25870,10,9,0.2,1.8,15.6
7210,10,9,0.2,1.8,15.6
20895,10,9,0.2,1.8,15.6
19167,10,9,0.2,1.8,15.6
58218,10,9,0.2,1.8,15.6
51812,10,9,0.2,1.8,15.6
13684,10,9,0.2,1.8,15.6
35263,10,9,0.2,1.8,15.6
24514,10,9,0.2,1.8,15.6
35191,10,9,0.2,1.8,15.6
35245,10,9,0.2,1.8,15.6
13638,10,9,0.2,1.8,15.6
24471,10,9,0.2,1.8,15.6
22978,10,9,0.2,1.8,15.6
28330,10,9,0.2,1.8,15.6
7269,10,9,0.2,1.8,15.6
28220,10,9,0.2,1.8,15.6
19087,10,9,0.2,1.8,15.6
19090,10,9,0.2,1.8,15.6
20996,10,9,0.2,1.8,15.6
21003,10,9,0.2,1.8,15.6
7214,10,9,0.2,1.8,15.6
35055,10,9,0.2,1.8,15.6
35065,10,9,0.2,1.8,15.6
35047,10,9,0.2,1.8,15.6
13428,10,9,0.2,1.8,15.6
13452,10,9,0.2,1.8,15.6
41634,10,9,0.2,1.8,15.6
41556,10,9,0.2,1.8,15.6
41613,10,9,0.2,1.8,15.6
41416,10,9,0.2,1.8,15.6
41474,10,9,0.2,1.8,15.6
41476,10,9,0.2,1.8,15.6
41505,10,9,0.2,1.8,15.6
7630,10,9,0.2,1.8,15.6
28425,10,9,0.2,1.8,15.6
28448,10,9,0.2,1.8,15.6
7578,10,9,0.2,1.8,15.6
25834,10,9,0.2,1.8,15.6
7547,10,9,0.2,1.8,15.6
21027,10,9,0.2,1.8,15.6
28323,10,9,0.2,1.8,15.6
24517,10,9,0.2,1.8,15.6
34811,10,9,0.2,1.8,15.6
34827,10,9,0.2,1.8,15.6
16667,10,9,0.2,1.8,15.6
16676,10,9,0.2,1.8,15.6
41782,10,9,0.2,1.8,15.6
34700,10,9,0.2,1.8,15.6
34717,10,9,0.2,1.8,15.6
24606,10,9,0.2,1.8,15.6
19077,10,9,0.2,1.8,15.6
19079,10,9,0.2,1.8,15.6
19084,10,9,0.2,1.8,15.6
21091,10,9,0.2,1.8,15.6
51125,10,9,0.2,1.8,15.6
28519,10,9,0.2,1.8,15.6
28545,10,9,0.2,1.8,15.6
7736,10,9,0.2,1.8,15.6
34649,10,9,0.2,1.8,15.6
34610,10,9,0.2,1.8,15.6
34467,10,9,0.2,1.8,15.6
41953,10,9,0.2,1.8,15.6
63291,10,9,0.2,1.8,15.6
22931,10,9,0.2,1.8,15.6
22945,10,9,0.2,1.8,15.6
22946,10,9,0.2,1.8,15.6
34542,10,9,0.2,1.8,15.6
28585,10,9,0.2,1.8,15.6
51011,10,9,0.2,1.8,15.6
51061,10,9,0.2,1.8,15.6
21130,10,9,0.2,1.8,15.6
50845,10,9,0.2,1.8,15.6
50913,10,9,0.2,1.8,15.6
50826,10,9,0.2,1.8,15.6
21129,10,9,0.2,1.8,15.6
13241,10,9,0.2,1.8,15.6
34367,10,9,0.2,1.8,15.6
34424,10,9,0.2,1.8,15.6
34438,10,9,0.2,1.8,15.6
13083,10,9,0.2,1.8,15.6
13120,10,9,0.2,1.8,15.6
34245,10,9,0.2,1.8,15.6
16727,10,9,0.2,1.8,15.6
16789,10,9,0.2,1.8,15.6
16807,10,9,0.2,1.8,15.6
13139,10,9,0.2,1.8,15.6
24628,10,9,0.2,1.8,15.6
7928,10,9,0.2,1.8,15.6
7959,10,9,0.2,1.8,15.6
28629,10,9,0.2,1.8,15.6
21133,10,9,0.2,1.8,15.6
7767,10,9,0.2,1.8,15.6
7805,10,9,0.2,1.8,15.6
28672,10,9,0.2,1.8,15.6
28677,10,9,0.2,1.8,15.6
50677,10,9,0.2,1.8,15.6
50759,10,9,0.2,1.8,15.6
58793,10,9,0.2,1.8,15.6
21202,10,9,0.2,1.8,15.6
28696,10,9,0.2,1.8,15.6
7925,10,9,0.2,1.8,15.6
24634,10,9,0.2,1.8,15.6
24635,10,9,0.2,1.8,15.6
42416,10,9,0.2,1.8,15.6
22799,10,9,0.2,1.8,15.6
42279,10,9,0.2,1.8,15.6
42297,10,9,0.2,1.8,15.6
42301,10,9,0.2,1.8,15.6
42140,10,9,0.2,1.8,15.6
42209,10,9,0.2,1.8,15.6
42223,10,9,0.2,1.8,15.6
42120,10,9,0.2,1.8,15.6
34186,10,9,0.2,1.8,15.6
8145,10,9,0.2,1.8,15.6
28798,10,9,0.2,1.8,15.6
50497,10,9,0.2,1.8,15.6
50502,10,9,0.2,1.8,15.6
18994,10,9,0.2,1.8,15.6
19016,10,9,0.2,1.8,15.6
28718,10,9,0.2,1.8,15.6
8077,10,9,0.2,1.8,15.6
34168,10,9,0.2,1.8,15.6
34045,10,9,0.2,1.8,15.6
34052,10,9,0.2,1.8,15.6
34009,10,9,0.2,1.8,15.6
16838,10,9,0.2,1.8,15.6
42349,10,9,0.2,1.8,15.6
42397,10,9,0.2,1.8,15.6
24687,10,9,0.2,1.8,15.6
24701,10,9,0.2,1.8,15.6
21239,10,9,0.2,1.8,15.6
59054,10,9,0.2,1.8,15.6
50104,10,9,0.2,1.8,15.6
8258,10,9,0.2,1.8,15.6
8086,10,9,0.2,1.8,15.6
28840,10,9,0.2,1.8,15.6
12875,10,9,0.2,1.8,15.6
33900,10,9,0.2,1.8,15.6
33933,10,9,0.2,1.8,15.6
33956,10,9,0.2,1.8,15.6
33959,10,9,0.2,1.8,15.6
42659,10,9,0.2,1.8,15.6
42725,10,9,0.2,1.8,15.6
22775,10,9,0.2,1.8,15.6
42532,10,9,0.2,1.8,15.6
12761,10,9,0.2,1.8,15.6
8309,10,9,0.2,1.8,15.6
28987,10,9,0.2,1.8,15.6
8272,10,9,0.2,1.8,15.6
8275,10,9,0.2,1.8,15.6
8280,10,9,0.2,1.8,15.6
28909,10,9,0.2,1.8,15.6
21316,10,9,0.2,1.8,15.6
28952,10,9,0.2,1.8,15.6
33782,10,9,0.2,1.8,15.6
33788,10,9,0.2,1.8,15.6
33796,10,9,0.2,1.8,15.6
22764,10,9,0.2,1.8,15.6
42940,10,9,0.2,1.8,15.6
42949,10,9,0.2,1.8,15.6
16955,10,9,0.2,1.8,15.6
16999,10,9,0.2,1.8,15.6
24703,10,9,0.2,1.8,15.6
12784,10,9,0.2,1.8,15.6
12701,10,9,0.2,1.8,15.6
8360,10,9,0.2,1.8,15.6
29042,10,9,0.2,1.8,15.6
29060,10,9,0.2,1.8,15.6
21370,10,9,0.2,1.8,15.6
49854,10,9,0.2,1.8,15.6
49765,10,9,0.2,1.8,15.6
49801,10,9,0.2,1.8,15.6
49690,10,9,0.2,1.8,15.6
49714,10,9,0.2,1.8,15.6
8302,10,9,0.2,1.8,15.6
29330,10,9,0.2,1.8,15.6
29188,10,9,0.2,1.8,15.6
18919,10,9,0.2,1.8,15.6
18946,10,9,0.2,1.8,15.6
49609,10,9,0.2,1.8,15.6
49663,10,9,0.2,1.8,15.6
25629,10,9,0.2,1.8,15.6
12714,10,9,0.2,1.8,15.6
33714,10,9,0.2,1.8,15.6
43366,10,9,0.2,1.8,15.6
17177,10,9,0.2,1.8,15.6
69397,10,9,0.2,1.8,15.6
12606,10,9,0.2,1.8,15.6
12609,10,9,0.2,1.8,15.6
43556,10,9,0.2,1.8,15.6
43690,10,9,0.2,1.8,15.6
17341,10,9,0.2,1.8,15.6
43466,10,9,0.2,1.8,15.6
43490,10,9,0.2,1.8,15.6
43289,10,9,0.2,1.8,15.6
24831,10,9,0.2,1.8,15.6
25574,10,9,0.2,1.8,15.6
25577,10,9,0.2,1.8,15.6
25591,10,9,0.2,1.8,15.6
29418,10,9,0.2,1.8,15.6
29427,10,9,0.2,1.8,15.6
29394,10,9,0.2,1.8,15.6
49554,10,9,0.2,1.8,15.6
21414,10,9,0.2,1.8,15.6
21425,10,9,0.2,1.8,15.6
21427,10,9,0.2,1.8,15.6
49480,10,9,0.2,1.8,15.6
29320,10,9,0.2,1.8,15.6
29484,10,9,0.2,1.8,15.6
21470,10,9,0.2,1.8,15.6
18887,10,9,0.2,1.8,15.6
18890,10,9,0.2,1.8,15.6
8886,10,9,0.2,1.8,15.6
8923,10,9,0.2,1.8,15.6
25565,10,9,0.2,1.8,15.6
33488,10,9,0.2,1.8,15.6
33510,10,9,0.2,1.8,15.6
12576,10,9,0.2,1.8,15.6
33386,10,9,0.2,1.8,15.6
33388,10,9,0.2,1.8,15.6
33390,10,9,0.2,1.8,15.6
33430,10,9,0.2,1.8,15.6
22619,10,9,0.2,1.8,15.6
33433,10,9,0.2,1.8,15.6
29681,10,9,0.2,1.8,15.6
29592,10,9,0.2,1.8,15.6
9043,10,9,0.2,1.8,15.6
29589,10,9,0.2,1.8,15.6
21545,10,9,0.2,1.8,15.6
21571,10,9,0.2,1.8,15.6
8933,10,9,0.2,1.8,15.6
44084,10,9,0.2,1.8,15.6
17430,10,9,0.2,1.8,15.6
62220,10,9,0.2,1.8,15.6
33253,10,9,0.2,1.8,15.6
33259,10,9,0.2,1.8,15.6
33273,10,9,0.2,1.8,15.6
9058,10,9,0.2,1.8,15.6
48904,10,9,0.2,1.8,15.6
21592,10,9,0.2,1.8,15.6
21595,10,9,0.2,1.8,15.6
29680,10,9,0.2,1.8,15.6
33282,10,9,0.2,1.8,15.6
33317,10,9,0.2,1.8,15.6
12279,10,9,0.2,1.8,15.6
24875,10,9,0.2,1.8,15.6
33248,10,9,0.2,1.8,15.6
44362,10,9,0.2,1.8,15.6
44373,10,9,0.2,1.8,15.6
22554,10,9,0.2,1.8,15.6
33219,10,9,0.2,1.8,15.6
12200,10,9,0.2,1.8,15.6
9401,10,9,0.2,1.8,15.6
29824,10,9,0.2,1.8,15.6
29770,10,9,0.2,1.8,15.6
29808,10,9,0.2,1.8,15.6
18803,10,9,0.2,1.8,15.6
9197,10,9,0.2,1.8,15.6
12203,10,9,0.2,1.8,15.6
44704,10,9,0.2,1.8,15.6
62074,10,9,0.2,1.8,15.6
22479,10,9,0.2,1.8,15.6
22483,10,9,0.2,1.8,15.6
44340,10,9,0.2,1.8,15.6
33101,10,9,0.2,1.8,15.6
33114,10,9,0.2,1.8,15.6
12169,10,9,0.2,1.8,15.6
24909,10,9,0.2,1.8,15.6
25478,10,9,0.2,1.8,15.6
25500,10,9,0.2,1.8,15.6
30013,10,9,0.2,1.8,15.6
29983,10,9,0.2,1.8,15.6
21645,10,9,0.2,1.8,15.6
48469,10,9,0.2,1.8,15.6
48527,10,9,0.2,1.8,15.6
18744,10,9,0.2,1.8,15.6
21666,10,9,0.2,1.8,15.6
29920,10,9,0.2,1.8,15.6
29966,10,9,0.2,1.8,15.6
33057,10,9,0.2,1.8,15.6
45182,10,9,0.2,1.8,15.6
45208,10,9,0.2,1.8,15.6
22390,10,9,0.2,1.8,15.6
33069,10,9,0.2,1.8,15.6
33036,10,9,0.2,1.8,15.6
32860,10,9,0.2,1.8,15.6
30102,10,9,0.2,1.8,15.6
30206,10,9,0.2,1.8,15.6
9598,10,9,0.2,1.8,15.6
30070,10,9,0.2,1.8,15.6
48460,10,9,0.2,1.8,15.6
48350,10,9,0.2,1.8,15.6
48452,10,9,0.2,1.8,15.6
60169,10,9,0.2,1.8,15.6
9568,10,9,0.2,1.8,15.6
12106,10,9,0.2,1.8,15.6
32833,10,9,0.2,1.8,15.6
24936,10,9,0.2,1.8,15.6
24937,10,9,0.2,1.8,15.6
12000,10,9,0.2,1.8,15.6
22326,10,9,0.2,1.8,15.6
45121,10,9,0.2,1.8,15.6
32568,10,9,0.2,1.8,15.6
9919,10,9,0.2,1.8,15.6
30495,10,9,0.2,1.8,15.6
9849,10,9,0.2,1.8,15.6
9901,10,9,0.2,1.8,15.6
21753,10,9,0.2,1.8,15.6
18677,10,9,0.2,1.8,15.6
48116,10,9,0.2,1.8,15.6
30279,10,9,0.2,1.8,15.6
32616,10,9,0.2,1.8,15.6
32530,10,9,0.2,1.8,15.6
32533,10,9,0.2,1.8,15.6
32562,10,9,0.2,1.8,15.6
45371,10,9,0.2,1.8,15.6
11854,10,9,0.2,1.8,15.6
30735,10,9,0.2,1.8,15.6
10177,10,9,0.2,1.8,15.6
10057,10,9,0.2,1.8,15.6
30667,10,9,0.2,1.8,15.6
30548,10,9,0.2,1.8,15.6
21782,10,9,0.2,1.8,15.6
48035,10,9,0.2,1.8,15.6
46006,10,9,0.2,1.8,15.6
46045,10,9,0.2,1.8,15.6
45875,10,9,0.2,1.8,15.6
22240,10,9,0.2,1.8,15.6
22242,10,9,0.2,1.8,15.6
24990,10,9,0.2,1.8,15.6
32460,10,9,0.2,1.8,15.6
32506,10,9,0.2,1.8,15.6
71017,10,9,0.2,1.8,15.6
30883,10,9,0.2,1.8,15.6
30887,10,9,0.2,1.8,15.6
30794,10,9,0.2,1.8,15.6
30827,10,9,0.2,1.8,15.6
30828,10,9,0.2,1.8,15.6
30834,10,9,0.2,1.8,15.6
47989,10,9,0.2,1.8,15.6
47863,10,9,0.2,1.8,15.6
47882,10,9,0.2,1.8,15.6
47893,10,9,0.2,1.8,15.6
47898,10,9,0.2,1.8,15.6
30701,10,9,0.2,1.8,15.6
32413,10,9,0.2,1.8,15.6
32414,10,9,0.2,1.8,15.6
32291,10,9,0.2,1.8,15.6
71295,10,9,0.2,1.8,15.6
32253,10,9,0.2,1.8,15.6
22175,10,9,0.2,1.8,15.6
17869,10,9,0.2,1.8,15.6
45959,10,9,0.2,1.8,15.6
32209,10,9,0.2,1.8,15.6
32233,10,9,0.2,1.8,15.6
25257,10,9,0.2,1.8,15.6
25264,10,9,0.2,1.8,15.6
31011,10,9,0.2,1.8,15.6
31013,10,9,0.2,1.8,15.6
73916,10,9,0.2,1.8,15.6
21889,10,9,0.2,1.8,15.6
47786,10,9,0.2,1.8,15.6
21929,10,9,0.2,1.8,15.6
32133,10,9,0.2,1.8,15.6
32186,10,9,0.2,1.8,15.6
32105,10,9,0.2,1.8,15.6
11492,10,9,0.2,1.8,15.6
32043,10,9,0.2,1.8,15.6
32046,10,9,0.2,1.8,15.6
22155,10,9,0.2,1.8,15.6
17981,10,9,0.2,1.8,15.6
25063,10,9,0.2,1.8,15.6
31199,10,9,0.2,1.8,15.6
10640,10,9,0.2,1.8,15.6
10643,10,9,0.2,1.8,15.6
47687,10,9,0.2,1.8,15.6
18421,10,9,0.2,1.8,15.6
31045,10,9,0.2,1.8,15.6
31055,10,9,0.2,1.8,15.6
31058,10,9,0.2,1.8,15.6
10635,10,9,0.2,1.8,15.6
73771,10,9,0.2,1.8,15.6
31478,10,9,0.2,1.8,15.6
31490,10,9,0.2,1.8,15.6
10923,10,9,0.2,1.8,15.6
31269,10,9,0.2,1.8,15.6
31290,10,9,0.2,1.8,15.6
10816,10,9,0.2,1.8,15.6
47671,10,9,0.2,1.8,15.6
18131,10,9,0.2,1.8,15.6
22000,10,9,0.2,1.8,15.6
11314,10,9,0.2,1.8,15.6
11321,10,9,0.2,1.8,15.6
31880,10,9,0.2,1.8,15.6
31920,10,9,0.2,1.8,15.6
31872,10,9,0.2,1.8,15.6
46976,10,9,0.2,1.8,15.6
22036,10,9,0.2,1.8,15.6
46638,10,9,0.2,1.8,15.6
11152,10,9,0.2,1.8,15.6
25126,10,9,0.2,1.8,15.6
11014,10,9,0.2,1.8,15.6
31509,10,9,0.2,1.8,15.6
31515,10,9,0.2,1.8,15.6
47431,10,9,0.2,1.8,15.6
47470,10,9,0.2,1.8,15.6
38771,10,9,0.2,1.8,15.6
22018,10,9,0.2,1.8,15.6
22019,10,9,0.2,1.8,15.6
22021,10,9,0.2,1.8,15.6
31523,10,9,0.2,1.8,15.6
11218,10,9,0.2,1.8,15.6
25071,10,9,0.2,1.8,15.6
25101,10,9,0.2,1.8,15.6
18119,10,9,0.2,1.8,15.6
22093,10,9,0.2,1.8,15.6
11071,10,9,0.2,1.8,15.6
31739,10,9,0.2,1.8,15.6
11026,10,9,0.2,1.8,15.6
22035,10,9,0.2,1.8,15.6
47355,10,9,0.2,1.8,15.6
38754,10,9,0.2,1.8,15.6
38723,10,9,0.2,1.8,15.6
47161,10,9,0.2,1.8,15.6
11049,10,9,0.2,1.8,15.6
31562,10,9,0.2,1.8,15.6
26527,10,9,0.2,1.8,15.6
86,10,9,0.2,1.8,15.6
26354,10,9,0.2,1.8,15.6
23478,10,9,0.2,1.8,15.6
18280,10,9,0.2,1.8,15.6
565,10,9,0.2,1.8,15.6
191,10,9,0.2,1.8,15.6
26361,10,9,0.2,1.8,15.6
26372,10,9,0.2,1.8,15.6
26373,10,9,0.2,1.8,15.6
19670,10,9,0.2,1.8,15.6
26517,10,9,0.2,1.8,15.6
96,47,46,0.0426,1.96,15.44
111,47,46,0.0426,1.96,15.44
312,47,46,0.0426,1.96,15.44
41,47,46,0.0426,1.96,15.44
2526,47,46,0.0426,1.96,15.44
2740,47,46,0.0426,1.96,15.44
2386,47,46,0.0426,1.96,15.44
1410,46,45,0.0435,1.96,15.29
2725,46,45,0.0435,1.96,15.29
2572,46,45,0.0435,1.96,15.29
5940,45,44,0.0444,1.96,15.13
152,44,43,0.0455,1.95,14.98
2268,44,43,0.0455,1.95,14.98
38973,11,10,0.1818,1.82,14.93
15678,11,10,0.1818,1.82,14.93
39066,11,10,0.1818,1.82,14.93
39169,11,10,0.1818,1.82,14.93
39160,11,10,0.1818,1.82,14.93
39115,11,10,0.1818,1.82,14.93
114,11,10,0.1818,1.82,14.93
31628,11,10,0.1818,1.82,14.93
61144,11,10,0.1818,1.82,14.93
19759,11,10,0.1818,1.82,14.93
22024,11,10,0.1818,1.82,14.93
25156,11,10,0.1818,1.82,14.93
11093,11,10,0.1818,1.82,14.93
31656,11,10,0.1818,1.82,14.93
31645,11,10,0.1818,1.82,14.93
31797,11,10,0.1818,1.82,14.93
31796,11,10,0.1818,1.82,14.93
31782,11,10,0.1818,1.82,14.93
22072,11,10,0.1818,1.82,14.93
18129,11,10,0.1818,1.82,14.93
31749,11,10,0.1818,1.82,14.93
25118,11,10,0.1818,1.82,14.93
25091,11,10,0.1818,1.82,14.93
11160,11,10,0.1818,1.82,14.93
31530,11,10,0.1818,1.82,14.93
47595,11,10,0.1818,1.82,14.93
47607,11,10,0.1818,1.82,14.93
31502,11,10,0.1818,1.82,14.93
10982,11,10,0.1818,1.82,14.93
46752,11,10,0.1818,1.82,14.93
17924,11,10,0.1818,1.82,14.93
11305,11,10,0.1818,1.82,14.93
11303,11,10,0.1818,1.82,14.93
11300,11,10,0.1818,1.82,14.93
31919,11,10,0.1818,1.82,14.93
31898,11,10,0.1818,1.82,14.93
31194,11,10,0.1818,1.82,14.93
31191,11,10,0.1818,1.82,14.93
22001,11,10,0.1818,1.82,14.93
25238,11,10,0.1818,1.82,14.93
10796,11,10,0.1818,1.82,14.93
31291,11,10,0.1818,1.82,14.93
31498,11,10,0.1818,1.82,14.93
10624,11,10,0.1818,1.82,14.93
10577,11,10,0.1818,1.82,14.93
21914,11,10,0.1818,1.82,14.93
31073,11,10,0.1818,1.82,14.93
31181,11,10,0.1818,1.82,14.93
31127,11,10,0.1818,1.82,14.93
46408,11,10,0.1818,1.82,14.93
22120,11,10,0.1818,1.82,14.93
61287,11,10,0.1818,1.82,14.93
46744,11,10,0.1818,1.82,14.93
46742,11,10,0.1818,1.82,14.93
11477,11,10,0.1818,1.82,14.93
32162,11,10,0.1818,1.82,14.93
30848,11,10,0.1818,1.82,14.93
10322,11,10,0.1818,1.82,14.93
60613,11,10,0.1818,1.82,14.93
47844,11,10,0.1818,1.82,14.93
21894,11,10,0.1818,1.82,14.93
30970,11,10,0.1818,1.82,14.93
10529,11,10,0.1818,1.82,14.93
10506,11,10,0.1818,1.82,14.93
25014,11,10,0.1818,1.82,14.93
25010,11,10,0.1818,1.82,14.93
17837,11,10,0.1818,1.82,14.93
22167,11,10,0.1818,1.82,14.93
32322,11,10,0.1818,1.82,14.93
11795,11,10,0.1818,1.82,14.93
21885,11,10,0.1818,1.82,14.93
18535,11,10,0.1818,1.82,14.93
47858,11,10,0.1818,1.82,14.93
10289,11,10,0.1818,1.82,14.93
32453,11,10,0.1818,1.82,14.93
24991,11,10,0.1818,1.82,14.93
22232,11,10,0.1818,1.82,14.93
45880,11,10,0.1818,1.82,14.93
45987,11,10,0.1818,1.82,14.93
24966,11,10,0.1818,1.82,14.93
24962,11,10,0.1818,1.82,14.93
30547,11,10,0.1818,1.82,14.93
21844,11,10,0.1818,1.82,14.93
60339,11,10,0.1818,1.82,14.93
21796,11,10,0.1818,1.82,14.93
21795,11,10,0.1818,1.82,14.93
25361,11,10,0.1818,1.82,14.93
25345,11,10,0.1818,1.82,14.93
30646,11,10,0.1818,1.82,14.93
25313,11,10,0.1818,1.82,14.93
11838,11,10,0.1818,1.82,14.93
11830,11,10,0.1818,1.82,14.93
45417,11,10,0.1818,1.82,14.93
17739,11,10,0.1818,1.82,14.93
22266,11,10,0.1818,1.82,14.93
22264,11,10,0.1818,1.82,14.93
32539,11,10,0.1818,1.82,14.93
32536,11,10,0.1818,1.82,14.93
11889,11,10,0.1818,1.82,14.93
12039,11,10,0.1818,1.82,14.93
21810,11,10,0.1818,1.82,14.93
21754,11,10,0.1818,1.82,14.93
25416,11,10,0.1818,1.82,14.93
30371,11,10,0.1818,1.82,14.93
9865,11,10,0.1818,1.82,14.93
30435,11,10,0.1818,1.82,14.93
30528,11,10,0.1818,1.82,14.93
30504,11,10,0.1818,1.82,14.93
32702,11,10,0.1818,1.82,14.93
32686,11,10,0.1818,1.82,14.93
11972,11,10,0.1818,1.82,14.93
24944,11,10,0.1818,1.82,14.93
32835,11,10,0.1818,1.82,14.93
32832,11,10,0.1818,1.82,14.93
32820,11,10,0.1818,1.82,14.93
32774,11,10,0.1818,1.82,14.93
9573,11,10,0.1818,1.82,14.93
9649,11,10,0.1818,1.82,14.93
48294,11,10,0.1818,1.82,14.93
48365,11,10,0.1818,1.82,14.93
21715,11,10,0.1818,1.82,14.93
30068,11,10,0.1818,1.82,14.93
30319,11,10,0.1818,1.82,14.93
33038,11,10,0.1818,1.82,14.93
33029,11,10,0.1818,1.82,14.93
33072,11,10,0.1818,1.82,14.93
22385,11,10,0.1818,1.82,14.93
17453,11,10,0.1818,1.82,14.93
44970,11,10,0.1818,1.82,14.93
12147,11,10,0.1818,1.82,14.93
33088,11,10,0.1818,1.82,14.93
24920,11,10,0.1818,1.82,14.93
21671,11,10,0.1818,1.82,14.93
18704,11,10,0.1818,1.82,14.93
30001,11,10,0.1818,1.82,14.93
9543,11,10,0.1818,1.82,14.93
9478,11,10,0.1818,1.82,14.93
24913,11,10,0.1818,1.82,14.93
33115,11,10,0.1818,1.82,14.93
33176,11,10,0.1818,1.82,14.93
17457,11,10,0.1818,1.82,14.93
33155,11,10,0.1818,1.82,14.93
12213,11,10,0.1818,1.82,14.93
29724,11,10,0.1818,1.82,14.93
21634,11,10,0.1818,1.82,14.93
48552,11,10,0.1818,1.82,14.93
48834,11,10,0.1818,1.82,14.93
29784,11,10,0.1818,1.82,14.93
29903,11,10,0.1818,1.82,14.93
29898,11,10,0.1818,1.82,14.93
29855,11,10,0.1818,1.82,14.93
29836,11,10,0.1818,1.82,14.93
9466,11,10,0.1818,1.82,14.93
22516,11,10,0.1818,1.82,14.93
22513,11,10,0.1818,1.82,14.93
44378,11,10,0.1818,1.82,14.93
33180,11,10,0.1818,1.82,14.93
12287,11,10,0.1818,1.82,14.93
33320,11,10,0.1818,1.82,14.93
29658,11,10,0.1818,1.82,14.93
21597,11,10,0.1818,1.82,14.93
18784,11,10,0.1818,1.82,14.93
25550,11,10,0.1818,1.82,14.93
25539,11,10,0.1818,1.82,14.93
25538,11,10,0.1818,1.82,14.93
25516,11,10,0.1818,1.82,14.93
9054,11,10,0.1818,1.82,14.93
29762,11,10,0.1818,1.82,14.93
29741,11,10,0.1818,1.82,14.93
29732,11,10,0.1818,1.82,14.93
33280,11,10,0.1818,1.82,14.93
44003,11,10,0.1818,1.82,14.93
43830,11,10,0.1818,1.82,14.93
43829,11,10,0.1818,1.82,14.93
33340,11,10,0.1818,1.82,14.93
33339,11,10,0.1818,1.82,14.93
33329,11,10,0.1818,1.82,14.93
33322,11,10,0.1818,1.82,14.93
12383,11,10,0.1818,1.82,14.93
33371,11,10,0.1818,1.82,14.93
8995,11,10,0.1818,1.82,14.93
8936,11,10,0.1818,1.82,14.93
8934,11,10,0.1818,1.82,14.93
21555,11,10,0.1818,1.82,14.93
18852,11,10,0.1818,1.82,14.93
49012,11,10,0.1818,1.82,14.93
8932,11,10,0.1818,1.82,14.93
29533,11,10,0.1818,1.82,14.93
9047,11,10,0.1818,1.82,14.93
33363,11,10,0.1818,1.82,14.93
22606,11,10,0.1818,1.82,14.93
17278,11,10,0.1818,1.82,14.93
17235,11,10,0.1818,1.82,14.93
12464,11,10,0.1818,1.82,14.93
12439,11,10,0.1818,1.82,14.93
33489,11,10,0.1818,1.82,14.93
8889,11,10,0.1818,1.82,14.93
29526,11,10,0.1818,1.82,14.93
29524,11,10,0.1818,1.82,14.93
21490,11,10,0.1818,1.82,14.93
18894,11,10,0.1818,1.82,14.93
21447,11,10,0.1818,1.82,14.93
49262,11,10,0.1818,1.82,14.93
49327,11,10,0.1818,1.82,14.93
29520,11,10,0.1818,1.82,14.93
21441,11,10,0.1818,1.82,14.93
29400,11,10,0.1818,1.82,14.93
29390,11,10,0.1818,1.82,14.93
29470,11,10,0.1818,1.82,14.93
33477,11,10,0.1818,1.82,14.93
12523,11,10,0.1818,1.82,14.93
43441,11,10,0.1818,1.82,14.93
43555,11,10,0.1818,1.82,14.93
43548,11,10,0.1818,1.82,14.93
33652,11,10,0.1818,1.82,14.93
33587,11,10,0.1818,1.82,14.93
33527,11,10,0.1818,1.82,14.93
12629,11,10,0.1818,1.82,14.93
22671,11,10,0.1818,1.82,14.93
17200,11,10,0.1818,1.82,14.93
17189,11,10,0.1818,1.82,14.93
17173,11,10,0.1818,1.82,14.93
17157,11,10,0.1818,1.82,14.93
33742,11,10,0.1818,1.82,14.93
33715,11,10,0.1818,1.82,14.93
33680,11,10,0.1818,1.82,14.93
12744,11,10,0.1818,1.82,14.93
25625,11,10,0.1818,1.82,14.93
29121,11,10,0.1818,1.82,14.93
49604,11,10,0.1818,1.82,14.93
18896,11,10,0.1818,1.82,14.93
21389,11,10,0.1818,1.82,14.93
8468,11,10,0.1818,1.82,14.93
8488,11,10,0.1818,1.82,14.93
29357,11,10,0.1818,1.82,14.93
29353,11,10,0.1818,1.82,14.93
29061,11,10,0.1818,1.82,14.93
49715,11,10,0.1818,1.82,14.93
49688,11,10,0.1818,1.82,14.93
49803,11,10,0.1818,1.82,14.93
49955,11,10,0.1818,1.82,14.93
29113,11,10,0.1818,1.82,14.93
24728,11,10,0.1818,1.82,14.93
33838,11,10,0.1818,1.82,14.93
42833,11,10,0.1818,1.82,14.93
22759,11,10,0.1818,1.82,14.93
43061,11,10,0.1818,1.82,14.93
8215,11,10,0.1818,1.82,14.93
28931,11,10,0.1818,1.82,14.93
18952,11,10,0.1818,1.82,14.93
18951,11,10,0.1818,1.82,14.93
28994,11,10,0.1818,1.82,14.93
28983,11,10,0.1818,1.82,14.93
28962,11,10,0.1818,1.82,14.93
8324,11,10,0.1818,1.82,14.93
12779,11,10,0.1818,1.82,14.93
12778,11,10,0.1818,1.82,14.93
22821,11,10,0.1818,1.82,14.93
42736,11,10,0.1818,1.82,14.93
33942,11,10,0.1818,1.82,14.93
33862,11,10,0.1818,1.82,14.93
25730,11,10,0.1818,1.82,14.93
21277,11,10,0.1818,1.82,14.93
59032,11,10,0.1818,1.82,14.93
21302,11,10,0.1818,1.82,14.93
21248,11,10,0.1818,1.82,14.93
21243,11,10,0.1818,1.82,14.93
21242,11,10,0.1818,1.82,14.93
25687,11,10,0.1818,1.82,14.93
25677,11,10,0.1818,1.82,14.93
25669,11,10,0.1818,1.82,14.93
34013,11,10,0.1818,1.82,14.93
22844,11,10,0.1818,1.82,14.93
24675,11,10,0.1818,1.82,14.93
34039,11,10,0.1818,1.82,14.93
12943,11,10,0.1818,1.82,14.93
13049,11,10,0.1818,1.82,14.93
34205,11,10,0.1818,1.82,14.93
28698,11,10,0.1818,1.82,14.93
21236,11,10,0.1818,1.82,14.93
18979,11,10,0.1818,1.82,14.93
18977,11,10,0.1818,1.82,14.93
50393,11,10,0.1818,1.82,14.93
21217,11,10,0.1818,1.82,14.93
28795,11,10,0.1818,1.82,14.93
28841,11,10,0.1818,1.82,14.93
24646,11,10,0.1818,1.82,14.93
42020,11,10,0.1818,1.82,14.93
42278,11,10,0.1818,1.82,14.93
22804,11,10,0.1818,1.82,14.93
21192,11,10,0.1818,1.82,14.93
50641,11,10,0.1818,1.82,14.93
50617,11,10,0.1818,1.82,14.93
58674,11,10,0.1818,1.82,14.93
28653,11,10,0.1818,1.82,14.93
28638,11,10,0.1818,1.82,14.93
7968,11,10,0.1818,1.82,14.93
7961,11,10,0.1818,1.82,14.93
28628,11,10,0.1818,1.82,14.93
21167,11,10,0.1818,1.82,14.93
21134,11,10,0.1818,1.82,14.93
19039,11,10,0.1818,1.82,14.93
19020,11,10,0.1818,1.82,14.93
28595,11,10,0.1818,1.82,14.93
7898,11,10,0.1818,1.82,14.93
25748,11,10,0.1818,1.82,14.93
25741,11,10,0.1818,1.82,14.93
28633,11,10,0.1818,1.82,14.93
13020,11,10,0.1818,1.82,14.93
13004,11,10,0.1818,1.82,14.93
34357,11,10,0.1818,1.82,14.93
16726,11,10,0.1818,1.82,14.93
7758,11,10,0.1818,1.82,14.93
19018,11,10,0.1818,1.82,14.93
21122,11,10,0.1818,1.82,14.93
51024,11,10,0.1818,1.82,14.93
28594,11,10,0.1818,1.82,14.93
28557,11,10,0.1818,1.82,14.93
28553,11,10,0.1818,1.82,14.93
7753,11,10,0.1818,1.82,14.93
13188,11,10,0.1818,1.82,14.93
16649,11,10,0.1818,1.82,14.93
41867,11,10,0.1818,1.82,14.93
34497,11,10,0.1818,1.82,14.93
34488,11,10,0.1818,1.82,14.93
34481,11,10,0.1818,1.82,14.93
34639,11,10,0.1818,1.82,14.93
7596,11,10,0.1818,1.82,14.93
7745,11,10,0.1818,1.82,14.93
28518,11,10,0.1818,1.82,14.93
51166,11,10,0.1818,1.82,14.93
21109,11,10,0.1818,1.82,14.93
21108,11,10,0.1818,1.82,14.93
21104,11,10,0.1818,1.82,14.93
28478,11,10,0.1818,1.82,14.93
24600,11,10,0.1818,1.82,14.93
24591,11,10,0.1818,1.82,14.93
24582,11,10,0.1818,1.82,14.93
34694,11,10,0.1818,1.82,14.93
34814,11,10,0.1818,1.82,14.93
13398,11,10,0.1818,1.82,14.93
24568,11,10,0.1818,1.82,14.93
28328,11,10,0.1818,1.82,14.93
7443,11,10,0.1818,1.82,14.93
19071,11,10,0.1818,1.82,14.93
21082,11,10,0.1818,1.82,14.93
21043,11,10,0.1818,1.82,14.93
51347,11,10,0.1818,1.82,14.93
25812,11,10,0.1818,1.82,14.93
28394,11,10,0.1818,1.82,14.93
24516,11,10,0.1818,1.82,14.93
22994,11,10,0.1818,1.82,14.93
35113,11,10,0.1818,1.82,14.93
35067,11,10,0.1818,1.82,14.93
28158,11,10,0.1818,1.82,14.93
7284,11,10,0.1818,1.82,14.93
19122,11,10,0.1818,1.82,14.93
19119,11,10,0.1818,1.82,14.93
19118,11,10,0.1818,1.82,14.93
20916,11,10,0.1818,1.82,14.93
7263,11,10,0.1818,1.82,14.93
28343,11,10,0.1818,1.82,14.93
35051,11,10,0.1818,1.82,14.93
22957,11,10,0.1818,1.82,14.93
22952,11,10,0.1818,1.82,14.93
16571,11,10,0.1818,1.82,14.93
35201,11,10,0.1818,1.82,14.93
35188,11,10,0.1818,1.82,14.93
35291,11,10,0.1818,1.82,14.93
35282,11,10,0.1818,1.82,14.93
7057,11,10,0.1818,1.82,14.93
51751,11,10,0.1818,1.82,14.93
19086,11,10,0.1818,1.82,14.93
58148,11,10,0.1818,1.82,14.93
7212,11,10,0.1818,1.82,14.93
25919,11,10,0.1818,1.82,14.93
25902,11,10,0.1818,1.82,14.93
28171,11,10,0.1818,1.82,14.93
35407,11,10,0.1818,1.82,14.93
23069,11,10,0.1818,1.82,14.93
41384,11,10,0.1818,1.82,14.93
35351,11,10,0.1818,1.82,14.93
24409,11,10,0.1818,1.82,14.93
13767,11,10,0.1818,1.82,14.93
35603,11,10,0.1818,1.82,14.93
35586,11,10,0.1818,1.82,14.93
28063,11,10,0.1818,1.82,14.93
52094,11,10,0.1818,1.82,14.93
28084,11,10,0.1818,1.82,14.93
28082,11,10,0.1818,1.82,14.93
28078,11,10,0.1818,1.82,14.93
6972,11,10,0.1818,1.82,14.93
7066,11,10,0.1818,1.82,14.93
27965,11,10,0.1818,1.82,14.93
20798,11,10,0.1818,1.82,14.93
6828,11,10,0.1818,1.82,14.93
6848,11,10,0.1818,1.82,14.93
28012,11,10,0.1818,1.82,14.93
6922,11,10,0.1818,1.82,14.93
35614,11,10,0.1818,1.82,14.93
35771,11,10,0.1818,1.82,14.93
24394,11,10,0.1818,1.82,14.93
13968,11,10,0.1818,1.82,14.93
35838,11,10,0.1818,1.82,14.93
13911,11,10,0.1818,1.82,14.93
20771,11,10,0.1818,1.82,14.93
19176,11,10,0.1818,1.82,14.93
19172,11,10,0.1818,1.82,14.93
27930,11,10,0.1818,1.82,14.93
6414,11,10,0.1818,1.82,14.93
14049,11,10,0.1818,1.82,14.93
41099,11,10,0.1818,1.82,14.93
41257,11,10,0.1818,1.82,14.93
35984,11,10,0.1818,1.82,14.93
14031,11,10,0.1818,1.82,14.93
24291,11,10,0.1818,1.82,14.93
14109,11,10,0.1818,1.82,14.93
27734,11,10,0.1818,1.82,14.93
19222,11,10,0.1818,1.82,14.93
20560,11,10,0.1818,1.82,14.93
52814,11,10,0.1818,1.82,14.93
52781,11,10,0.1818,1.82,14.93
20660,11,10,0.1818,1.82,14.93
19618,11,10,0.1818,1.82,14.93
27811,11,10,0.1818,1.82,14.93
27759,11,10,0.1818,1.82,14.93
27675,11,10,0.1818,1.82,14.93
19210,11,10,0.1818,1.82,14.93
25988,11,10,0.1818,1.82,14.93
5613,11,10,0.1818,1.82,14.93
53052,11,10,0.1818,1.82,14.93
53213,11,10,0.1818,1.82,14.93
20520,11,10,0.1818,1.82,14.93
27645,11,10,0.1818,1.82,14.93
36090,11,10,0.1818,1.82,14.93
36012,11,10,0.1818,1.82,14.93
24265,11,10,0.1818,1.82,14.93
14143,11,10,0.1818,1.82,14.93
36382,11,10,0.1818,1.82,14.93
24140,11,10,0.1818,1.82,14.93
36469,11,10,0.1818,1.82,14.93
36438,11,10,0.1818,1.82,14.93
24115,11,10,0.1818,1.82,14.93
24078,11,10,0.1818,1.82,14.93
24076,11,10,0.1818,1.82,14.93
16272,11,10,0.1818,1.82,14.93
36696,11,10,0.1818,1.82,14.93
36641,11,10,0.1818,1.82,14.93
24021,11,10,0.1818,1.82,14.93
26363,11,10,0.1818,1.82,14.93
5073,11,10,0.1818,1.82,14.93
20436,11,10,0.1818,1.82,14.93
19267,11,10,0.1818,1.82,14.93
19257,11,10,0.1818,1.82,14.93
19247,11,10,0.1818,1.82,14.93
20428,11,10,0.1818,1.82,14.93
27537,11,10,0.1818,1.82,14.93
27534,11,10,0.1818,1.82,14.93
27526,11,10,0.1818,1.82,14.93
27590,11,10,0.1818,1.82,14.93
27550,11,10,0.1818,1.82,14.93
14578,11,10,0.1818,1.82,14.93
36815,11,10,0.1818,1.82,14.93
36965,11,10,0.1818,1.82,14.93
36954,11,10,0.1818,1.82,14.93
36931,11,10,0.1818,1.82,14.93
23176,11,10,0.1818,1.82,14.93
40391,11,10,0.1818,1.82,14.93
40521,11,10,0.1818,1.82,14.93
40465,11,10,0.1818,1.82,14.93
20346,11,10,0.1818,1.82,14.93
53520,11,10,0.1818,1.82,14.93
27395,11,10,0.1818,1.82,14.93
27383,11,10,0.1818,1.82,14.93
27423,11,10,0.1818,1.82,14.93
27417,11,10,0.1818,1.82,14.93
27442,11,10,0.1818,1.82,14.93
26124,11,10,0.1818,1.82,14.93
26116,11,10,0.1818,1.82,14.93
40192,11,10,0.1818,1.82,14.93
40135,11,10,0.1818,1.82,14.93
37151,11,10,0.1818,1.82,14.93
37272,11,10,0.1818,1.82,14.93
27317,11,10,0.1818,1.82,14.93
20392,11,10,0.1818,1.82,14.93
20345,11,10,0.1818,1.82,14.93
20329,11,10,0.1818,1.82,14.93
27247,11,10,0.1818,1.82,14.93
27354,11,10,0.1818,1.82,14.93
27350,11,10,0.1818,1.82,14.93
19381,11,10,0.1818,1.82,14.93
19366,11,10,0.1818,1.82,14.93
20292,11,10,0.1818,1.82,14.93
4546,11,10,0.1818,1.82,14.93
26170,11,10,0.1818,1.82,14.93
37252,11,10,0.1818,1.82,14.93
16038,11,10,0.1818,1.82,14.93
15983,11,10,0.1818,1.82,14.93
14874,11,10,0.1818,1.82,14.93
27075,11,10,0.1818,1.82,14.93
20285,11,10,0.1818,1.82,14.93
56862,11,10,0.1818,1.82,14.93
4135,11,10,0.1818,1.82,14.93
27146,11,10,0.1818,1.82,14.93
4249,11,10,0.1818,1.82,14.93
37608,11,10,0.1818,1.82,14.93
23793,11,10,0.1818,1.82,14.93
39925,11,10,0.1818,1.82,14.93
23298,11,10,0.1818,1.82,14.93
23235,11,10,0.1818,1.82,14.93
15915,11,10,0.1818,1.82,14.93
23778,11,10,0.1818,1.82,14.93
3647,11,10,0.1818,1.82,14.93
3645,11,10,0.1818,1.82,14.93
19402,11,10,0.1818,1.82,14.93
19396,11,10,0.1818,1.82,14.93
3766,11,10,0.1818,1.82,14.93
27035,11,10,0.1818,1.82,14.93
27023,11,10,0.1818,1.82,14.93
3910,11,10,0.1818,1.82,14.93
4109,11,10,0.1818,1.82,14.93
4031,11,10,0.1818,1.82,14.93
26882,11,10,0.1818,1.82,14.93
2976,11,10,0.1818,1.82,14.93
20127,11,10,0.1818,1.82,14.93
23997,11,10,0.1818,1.82,14.93
37804,11,10,0.1818,1.82,14.93
37803,11,10,0.1818,1.82,14.93
37702,11,10,0.1818,1.82,14.93
15967,11,10,0.1818,1.82,14.93
39903,11,10,0.1818,1.82,14.93
39878,11,10,0.1818,1.82,14.93
26485,11,10,0.1818,1.82,14.93
22032,11,10,0.1818,1.82,14.93
26816,11,10,0.1818,1.82,14.93
20058,11,10,0.1818,1.82,14.93
19457,11,10,0.1818,1.82,14.93
19448,11,10,0.1818,1.82,14.93
2664,11,10,0.1818,1.82,14.93
2589,11,10,0.1818,1.82,14.93
26861,11,10,0.1818,1.82,14.93
2741,11,10,0.1818,1.82,14.93
26301,11,10,0.1818,1.82,14.93
37932,11,10,0.1818,1.82,14.93
39681,11,10,0.1818,1.82,14.93
38018,11,10,0.1818,1.82,14.93
38113,11,10,0.1818,1.82,14.93
23722,11,10,0.1818,1.82,14.93
26752,11,10,0.1818,1.82,14.93
19969,11,10,0.1818,1.82,14.93
19953,11,10,0.1818,1.82,14.93
26751,11,10,0.1818,1.82,14.93
15484,11,10,0.1818,1.82,14.93
23471,11,10,0.1818,1.82,14.93
38210,11,10,0.1818,1.82,14.93
23666,11,10,0.1818,1.82,14.93
39491,11,10,0.1818,1.82,14.93
39395,11,10,0.1818,1.82,14.93
39577,11,10,0.1818,1.82,14.93
39510,11,10,0.1818,1.82,14.93
1678,11,10,0.1818,1.82,14.93
1669,11,10,0.1818,1.82,14.93
1664,11,10,0.1818,1.82,14.93
19946,11,10,0.1818,1.82,14.93
19515,11,10,0.1818,1.82,14.93
19974,11,10,0.1818,1.82,14.93
1974,11,10,0.1818,1.82,14.93
2191,11,10,0.1818,1.82,14.93
23458,11,10,0.1818,1.82,14.93
26680,11,10,0.1818,1.82,14.93
19609,11,10,0.1818,1.82,14.93
19915,11,10,0.1818,1.82,14.93
1323,11,10,0.1818,1.82,14.93
1559,11,10,0.1818,1.82,14.93
38356,11,10,0.1818,1.82,14.93
15197,11,10,0.1818,1.82,14.93
23431,11,10,0.1818,1.82,14.93
23399,11,10,0.1818,1.82,14.93
15771,11,10,0.1818,1.82,14.93
15744,11,10,0.1818,1.82,14.93
570,11,10,0.1818,1.82,14.93
19802,11,10,0.1818,1.82,14.93
56187,11,10,0.1818,1.82,14.93
55535,11,10,0.1818,1.82,14.93
55524,11,10,0.1818,1.82,14.93
59,11,10,0.1818,1.82,14.93
26465,11,10,0.1818,1.82,14.93
19588,11,10,0.1818,1.82,14.93
496,11,10,0.1818,1.82,14.93
26538,11,10,0.1818,1.82,14.93
26618,11,10,0.1818,1.82,14.93
26568,11,10,0.1818,1.82,14.93
23493,11,10,0.1818,1.82,14.93
23487,11,10,0.1818,1.82,14.93
38584,11,10,0.1818,1.82,14.93
38608,11,10,0.1818,1.82,14.93
39317,11,10,0.1818,1.82,14.93
23450,11,10,0.1818,1.82,14.93
23439,11,10,0.1818,1.82,14.93
15517,11,10,0.1818,1.82,14.93
26297,11,10,0.1818,1.82,14.93
26978,11,10,0.1818,1.82,14.93
4032,43,42,0.0465,1.95,14.83
2634,43,42,0.0465,1.95,14.83
4843,43,42,0.0465,1.95,14.83
681,41,40,0.0488,1.95,14.54
4697,41,40,0.0488,1.95,14.54
1598,41,40,0.0488,1.95,14.54
23611,12,11,0.1667,1.83,14.4
2644,12,11,0.1667,1.83,14.4
8065,12,11,0.1667,1.83,14.4
138,12,11,0.1667,1.83,14.4
32631,12,11,0.1667,1.83,14.4
22354,12,11,0.1667,1.83,14.4
17649,12,11,0.1667,1.83,14.4
32525,12,11,0.1667,1.83,14.4
38774,12,11,0.1667,1.83,14.4
18455,12,11,0.1667,1.83,14.4
30841,12,11,0.1667,1.83,14.4
30684,12,11,0.1667,1.83,14.4
25317,12,11,0.1667,1.83,14.4
10159,12,11,0.1667,1.83,14.4
27919,12,11,0.1667,1.83,14.4
30665,12,11,0.1667,1.83,14.4
30651,12,11,0.1667,1.83,14.4
26778,12,11,0.1667,1.83,14.4
26840,12,11,0.1667,1.83,14.4
34904,12,11,0.1667,1.83,14.4
16546,12,11,0.1667,1.83,14.4
41527,12,11,0.1667,1.83,14.4
41683,12,11,0.1667,1.83,14.4
27283,12,11,0.1667,1.83,14.4
382,12,11,0.1667,1.83,14.4
311,12,11,0.1667,1.83,14.4
279,12,11,0.1667,1.83,14.4
26419,12,11,0.1667,1.83,14.4
26406,12,11,0.1667,1.83,14.4
15341,12,11,0.1667,1.83,14.4
38617,12,11,0.1667,1.83,14.4
39425,12,11,0.1667,1.83,14.4
39576,12,11,0.1667,1.83,14.4
39529,12,11,0.1667,1.83,14.4
15202,12,11,0.1667,1.83,14.4
21162,12,11,0.1667,1.83,14.4
21135,12,11,0.1667,1.83,14.4
19045,12,11,0.1667,1.83,14.4
21311,12,11,0.1667,1.83,14.4
18963,12,11,0.1667,1.83,14.4
18950,12,11,0.1667,1.83,14.4
32779,12,11,0.1667,1.83,14.4
4539,12,11,0.1667,1.83,14.4
26166,12,11,0.1667,1.83,14.4
24995,12,11,0.1667,1.83,14.4
45699,12,11,0.1667,1.83,14.4
61634,12,11,0.1667,1.83,14.4
45921,12,11,0.1667,1.83,14.4
24988,12,11,0.1667,1.83,14.4
4698,12,11,0.1667,1.83,14.4
4491,12,11,0.1667,1.83,14.4
32920,12,11,0.1667,1.83,14.4
55800,12,11,0.1667,1.83,14.4
23720,12,11,0.1667,1.83,14.4
7764,12,11,0.1667,1.83,14.4
8266,12,11,0.1667,1.83,14.4
28985,12,11,0.1667,1.83,14.4
7921,12,11,0.1667,1.83,14.4
32881,12,11,0.1667,1.83,14.4
32846,12,11,0.1667,1.83,14.4
12090,12,11,0.1667,1.83,14.4
12156,12,11,0.1667,1.83,14.4
20423,12,11,0.1667,1.83,14.4
20409,12,11,0.1667,1.83,14.4
19326,12,11,0.1667,1.83,14.4
11823,12,11,0.1667,1.83,14.4
32397,12,11,0.1667,1.83,14.4
32396,12,11,0.1667,1.83,14.4
32394,12,11,0.1667,1.83,14.4
23674,12,11,0.1667,1.83,14.4
23673,12,11,0.1667,1.83,14.4
38357,12,11,0.1667,1.83,14.4
15184,12,11,0.1667,1.83,14.4
37965,12,11,0.1667,1.83,14.4
8349,12,11,0.1667,1.83,14.4
8348,12,11,0.1667,1.83,14.4
29017,12,11,0.1667,1.83,14.4
19378,12,11,0.1667,1.83,14.4
24902,12,11,0.1667,1.83,14.4
45113,12,11,0.1667,1.83,14.4
45029,12,11,0.1667,1.83,14.4
4213,12,11,0.1667,1.83,14.4
27199,12,11,0.1667,1.83,14.4
12176,12,11,0.1667,1.83,14.4
24917,12,11,0.1667,1.83,14.4
24904,12,11,0.1667,1.83,14.4
15974,12,11,0.1667,1.83,14.4
37939,12,11,0.1667,1.83,14.4
37934,12,11,0.1667,1.83,14.4
29085,12,11,0.1667,1.83,14.4
25628,12,11,0.1667,1.83,14.4
25610,12,11,0.1667,1.83,14.4
33107,12,11,0.1667,1.83,14.4
11751,12,11,0.1667,1.83,14.4
32321,12,11,0.1667,1.83,14.4
32299,12,11,0.1667,1.83,14.4
25027,12,11,0.1667,1.83,14.4
17863,12,11,0.1667,1.83,14.4
14945,12,11,0.1667,1.83,14.4
14927,12,11,0.1667,1.83,14.4
15043,12,11,0.1667,1.83,14.4
15022,12,11,0.1667,1.83,14.4
39617,12,11,0.1667,1.83,14.4
29207,12,11,0.1667,1.83,14.4
18937,12,11,0.1667,1.83,14.4
21392,12,11,0.1667,1.83,14.4
29186,12,11,0.1667,1.83,14.4
21126,12,11,0.1667,1.83,14.4
22163,12,11,0.1667,1.83,14.4
4175,12,11,0.1667,1.83,14.4
22502,12,11,0.1667,1.83,14.4
17476,12,11,0.1667,1.83,14.4
12396,12,11,0.1667,1.83,14.4
33319,12,11,0.1667,1.83,14.4
22567,12,11,0.1667,1.83,14.4
23789,12,11,0.1667,1.83,14.4
23773,12,11,0.1667,1.83,14.4
23771,12,11,0.1667,1.83,14.4
28482,12,11,0.1667,1.83,14.4
7707,12,11,0.1667,1.83,14.4
29133,12,11,0.1667,1.83,14.4
29126,12,11,0.1667,1.83,14.4
8374,12,11,0.1667,1.83,14.4
29216,12,11,0.1667,1.83,14.4
37868,12,11,0.1667,1.83,14.4
27391,12,11,0.1667,1.83,14.4
4683,12,11,0.1667,1.83,14.4
4660,12,11,0.1667,1.83,14.4
27410,12,11,0.1667,1.83,14.4
32094,12,11,0.1667,1.83,14.4
37612,12,11,0.1667,1.83,14.4
23242,12,11,0.1667,1.83,14.4
19803,12,11,0.1667,1.83,14.4
7605,12,11,0.1667,1.83,14.4
8469,12,11,0.1667,1.83,14.4
8466,12,11,0.1667,1.83,14.4
8463,12,11,0.1667,1.83,14.4
29231,12,11,0.1667,1.83,14.4
28544,12,11,0.1667,1.83,14.4
811,12,11,0.1667,1.83,14.4
23240,12,11,0.1667,1.83,14.4
26634,12,11,0.1667,1.83,14.4
21413,12,11,0.1667,1.83,14.4
29328,12,11,0.1667,1.83,14.4
29321,12,11,0.1667,1.83,14.4
8470,12,11,0.1667,1.83,14.4
7583,12,11,0.1667,1.83,14.4
37394,12,11,0.1667,1.83,14.4
23885,12,11,0.1667,1.83,14.4
44117,12,11,0.1667,1.83,14.4
33212,12,11,0.1667,1.83,14.4
12340,12,11,0.1667,1.83,14.4
12288,12,11,0.1667,1.83,14.4
11475,12,11,0.1667,1.83,14.4
12354,12,11,0.1667,1.83,14.4
33318,12,11,0.1667,1.83,14.4
22637,12,11,0.1667,1.83,14.4
43890,12,11,0.1667,1.83,14.4
26122,12,11,0.1667,1.83,14.4
25046,12,11,0.1667,1.83,14.4
32019,12,11,0.1667,1.83,14.4
32089,12,11,0.1667,1.83,14.4
46551,12,11,0.1667,1.83,14.4
14656,12,11,0.1667,1.83,14.4
23890,12,11,0.1667,1.83,14.4
37325,12,11,0.1667,1.83,14.4
37300,12,11,0.1667,1.83,14.4
21458,12,11,0.1667,1.83,14.4
21424,12,11,0.1667,1.83,14.4
19777,12,11,0.1667,1.83,14.4
19766,12,11,0.1667,1.83,14.4
26667,12,11,0.1667,1.83,14.4
46515,12,11,0.1667,1.83,14.4
4153,12,11,0.1667,1.83,14.4
20207,12,11,0.1667,1.83,14.4
20204,12,11,0.1667,1.83,14.4
22121,12,11,0.1667,1.83,14.4
11411,12,11,0.1667,1.83,14.4
26088,12,11,0.1667,1.83,14.4
27063,12,11,0.1667,1.83,14.4
29432,12,11,0.1667,1.83,14.4
37269,12,11,0.1667,1.83,14.4
37186,12,11,0.1667,1.83,14.4
14599,12,11,0.1667,1.83,14.4
891,12,11,0.1667,1.83,14.4
14668,12,11,0.1667,1.83,14.4
14658,12,11,0.1667,1.83,14.4
43761,12,11,0.1667,1.83,14.4
4166,12,11,0.1667,1.83,14.4
5021,12,11,0.1667,1.83,14.4
5014,12,11,0.1667,1.83,14.4
5093,12,11,0.1667,1.83,14.4
5077,12,11,0.1667,1.83,14.4
31917,12,11,0.1667,1.83,14.4
11319,12,11,0.1667,1.83,14.4
43702,12,11,0.1667,1.83,14.4
28379,12,11,0.1667,1.83,14.4
28322,12,11,0.1667,1.83,14.4
28320,12,11,0.1667,1.83,14.4
21517,12,11,0.1667,1.83,14.4
21513,12,11,0.1667,1.83,14.4
18888,12,11,0.1667,1.83,14.4
21041,12,11,0.1667,1.83,14.4
21033,12,11,0.1667,1.83,14.4
21013,12,11,0.1667,1.83,14.4
40379,12,11,0.1667,1.83,14.4
36906,12,11,0.1667,1.83,14.4
37020,12,11,0.1667,1.83,14.4
26710,12,11,0.1667,1.83,14.4
37100,12,11,0.1667,1.83,14.4
23975,12,11,0.1667,1.83,14.4
40038,12,11,0.1667,1.83,14.4
40185,12,11,0.1667,1.83,14.4
15980,12,11,0.1667,1.83,14.4
24789,12,11,0.1667,1.83,14.4
4050,12,11,0.1667,1.83,14.4
22094,12,11,0.1667,1.83,14.4
27518,12,11,0.1667,1.83,14.4
31803,12,11,0.1667,1.83,14.4
55271,12,11,0.1667,1.83,14.4
19805,12,11,0.1667,1.83,14.4
29591,12,11,0.1667,1.83,14.4
18840,12,11,0.1667,1.83,14.4
59616,12,11,0.1667,1.83,14.4
29541,12,11,0.1667,1.83,14.4
23197,12,11,0.1667,1.83,14.4
16088,12,11,0.1667,1.83,14.4
43486,12,11,0.1667,1.83,14.4
43469,12,11,0.1667,1.83,14.4
43454,12,11,0.1667,1.83,14.4
43609,12,11,0.1667,1.83,14.4
22118,12,11,0.1667,1.83,14.4
22110,12,11,0.1667,1.83,14.4
33606,12,11,0.1667,1.83,14.4
33586,12,11,0.1667,1.83,14.4
33528,12,11,0.1667,1.83,14.4
12633,12,11,0.1667,1.83,14.4
27598,12,11,0.1667,1.83,14.4
31665,12,11,0.1667,1.83,14.4
36630,12,11,0.1667,1.83,14.4
24020,12,11,0.1667,1.83,14.4
24009,12,11,0.1667,1.83,14.4
24000,12,11,0.1667,1.83,14.4
23994,12,11,0.1667,1.83,14.4
7262,12,11,0.1667,1.83,14.4
28296,12,11,0.1667,1.83,14.4
28260,12,11,0.1667,1.83,14.4
28257,12,11,0.1667,1.83,14.4
3601,12,11,0.1667,1.83,14.4
12631,12,11,0.1667,1.83,14.4
22670,12,11,0.1667,1.83,14.4
43150,12,11,0.1667,1.83,14.4
5411,12,11,0.1667,1.83,14.4
5395,12,11,0.1667,1.83,14.4
47160,12,11,0.1667,1.83,14.4
18011,12,11,0.1667,1.83,14.4
22029,12,11,0.1667,1.83,14.4
22027,12,11,0.1667,1.83,14.4
40732,12,11,0.1667,1.83,14.4
40613,12,11,0.1667,1.83,14.4
9053,12,11,0.1667,1.83,14.4
9336,12,11,0.1667,1.83,14.4
29721,12,11,0.1667,1.83,14.4
9273,12,11,0.1667,1.83,14.4
29660,12,11,0.1667,1.83,14.4
29648,12,11,0.1667,1.83,14.4
18781,12,11,0.1667,1.83,14.4
14416,12,11,0.1667,1.83,14.4
36614,12,11,0.1667,1.83,14.4
24150,12,11,0.1667,1.83,14.4
36461,12,11,0.1667,1.83,14.4
36535,12,11,0.1667,1.83,14.4
19121,12,11,0.1667,1.83,14.4
19088,12,11,0.1667,1.83,14.4
28238,12,11,0.1667,1.83,14.4
7274,12,11,0.1667,1.83,14.4
25530,12,11,0.1667,1.83,14.4
9087,12,11,0.1667,1.83,14.4
16990,12,11,0.1667,1.83,14.4
16958,12,11,0.1667,1.83,14.4
33817,12,11,0.1667,1.83,14.4
33784,12,11,0.1667,1.83,14.4
12707,12,11,0.1667,1.83,14.4
3603,12,11,0.1667,1.83,14.4
25193,12,11,0.1667,1.83,14.4
5503,12,11,0.1667,1.83,14.4
19433,12,11,0.1667,1.83,14.4
24256,12,11,0.1667,1.83,14.4
9339,12,11,0.1667,1.83,14.4
29841,12,11,0.1667,1.83,14.4
9198,12,11,0.1667,1.83,14.4
48847,12,11,0.1667,1.83,14.4
23128,12,11,0.1667,1.83,14.4
24074,12,11,0.1667,1.83,14.4
24065,12,11,0.1667,1.83,14.4
36289,12,11,0.1667,1.83,14.4
33818,12,11,0.1667,1.83,14.4
20507,12,11,0.1667,1.83,14.4
19299,12,11,0.1667,1.83,14.4
20453,12,11,0.1667,1.83,14.4
31480,12,11,0.1667,1.83,14.4
22023,12,11,0.1667,1.83,14.4
18253,12,11,0.1667,1.83,14.4
21958,12,11,0.1667,1.83,14.4
12847,12,11,0.1667,1.83,14.4
12843,12,11,0.1667,1.83,14.4
12820,12,11,0.1667,1.83,14.4
28252,12,11,0.1667,1.83,14.4
36353,12,11,0.1667,1.83,14.4
36132,12,11,0.1667,1.83,14.4
36120,12,11,0.1667,1.83,14.4
23118,12,11,0.1667,1.83,14.4
21886,12,11,0.1667,1.83,14.4
1743,12,11,0.1667,1.83,14.4
1731,12,11,0.1667,1.83,14.4
16348,12,11,0.1667,1.83,14.4
24272,12,11,0.1667,1.83,14.4
21638,12,11,0.1667,1.83,14.4
7134,12,11,0.1667,1.83,14.4
14132,12,11,0.1667,1.83,14.4
36072,12,11,0.1667,1.83,14.4
25874,12,11,0.1667,1.83,14.4
7257,12,11,0.1667,1.83,14.4
29827,12,11,0.1667,1.83,14.4
9337,12,11,0.1667,1.83,14.4
28214,12,11,0.1667,1.83,14.4
12819,12,11,0.1667,1.83,14.4
12817,12,11,0.1667,1.83,14.4
22797,12,11,0.1667,1.83,14.4
22782,12,11,0.1667,1.83,14.4
22780,12,11,0.1667,1.83,14.4
22777,12,11,0.1667,1.83,14.4
31395,12,11,0.1667,1.83,14.4
10930,12,11,0.1667,1.83,14.4
10922,12,11,0.1667,1.83,14.4
11024,12,11,0.1667,1.83,14.4
1930,12,11,0.1667,1.83,14.4
35967,12,11,0.1667,1.83,14.4
20951,12,11,0.1667,1.83,14.4
20914,12,11,0.1667,1.83,14.4
29978,12,11,0.1667,1.83,14.4
9529,12,11,0.1667,1.83,14.4
9496,12,11,0.1667,1.83,14.4
29960,12,11,0.1667,1.83,14.4
27616,12,11,0.1667,1.83,14.4
26200,12,11,0.1667,1.83,14.4
33898,12,11,0.1667,1.83,14.4
12854,12,11,0.1667,1.83,14.4
5571,12,11,0.1667,1.83,14.4
31415,12,11,0.1667,1.83,14.4
31411,12,11,0.1667,1.83,14.4
24292,12,11,0.1667,1.83,14.4
35854,12,11,0.1667,1.83,14.4
35992,12,11,0.1667,1.83,14.4
41221,12,11,0.1667,1.83,14.4
30011,12,11,0.1667,1.83,14.4
25493,12,11,0.1667,1.83,14.4
25461,12,11,0.1667,1.83,14.4
7078,12,11,0.1667,1.83,14.4
26987,12,11,0.1667,1.83,14.4
3591,12,11,0.1667,1.83,14.4
3589,12,11,0.1667,1.83,14.4
3543,12,11,0.1667,1.83,14.4
3541,12,11,0.1667,1.83,14.4
19187,12,11,0.1667,1.83,14.4
47655,12,11,0.1667,1.83,14.4
25236,12,11,0.1667,1.83,14.4
25216,12,11,0.1667,1.83,14.4
24668,12,11,0.1667,1.83,14.4
34050,12,11,0.1667,1.83,14.4
24385,12,11,0.1667,1.83,14.4
35849,12,11,0.1667,1.83,14.4
35836,12,11,0.1667,1.83,14.4
35831,12,11,0.1667,1.83,14.4
35827,12,11,0.1667,1.83,14.4
13919,12,11,0.1667,1.83,14.4
9585,12,11,0.1667,1.83,14.4
18758,12,11,0.1667,1.83,14.4
48285,12,11,0.1667,1.83,14.4
6991,12,11,0.1667,1.83,14.4
2044,12,11,0.1667,1.83,14.4
35734,12,11,0.1667,1.83,14.4
19162,12,11,0.1667,1.83,14.4
19137,12,11,0.1667,1.83,14.4
20838,12,11,0.1667,1.83,14.4
28124,12,11,0.1667,1.83,14.4
41219,12,11,0.1667,1.83,14.4
24395,12,11,0.1667,1.83,14.4
34116,12,11,0.1667,1.83,14.4
10798,12,11,0.1667,1.83,14.4
31226,12,11,0.1667,1.83,14.4
22003,12,11,0.1667,1.83,14.4
21992,12,11,0.1667,1.83,14.4
18196,12,11,0.1667,1.83,14.4
18193,12,11,0.1667,1.83,14.4
3001,12,11,0.1667,1.83,14.4
26945,12,11,0.1667,1.83,14.4
26926,12,11,0.1667,1.83,14.4
35798,12,11,0.1667,1.83,14.4
9687,12,11,0.1667,1.83,14.4
48124,12,11,0.1667,1.83,14.4
18695,12,11,0.1667,1.83,14.4
21769,12,11,0.1667,1.83,14.4
28066,12,11,0.1667,1.83,14.4
28026,12,11,0.1667,1.83,14.4
28020,12,11,0.1667,1.83,14.4
25989,12,11,0.1667,1.83,14.4
31102,12,11,0.1667,1.83,14.4
31118,12,11,0.1667,1.83,14.4
27732,12,11,0.1667,1.83,14.4
27728,12,11,0.1667,1.83,14.4
42128,12,11,0.1667,1.83,14.4
28006,12,11,0.1667,1.83,14.4
28001,12,11,0.1667,1.83,14.4
27999,12,11,0.1667,1.83,14.4
13768,12,11,0.1667,1.83,14.4
35566,12,11,0.1667,1.83,14.4
41303,12,11,0.1667,1.83,14.4
41293,12,11,0.1667,1.83,14.4
41319,12,11,0.1667,1.83,14.4
13810,12,11,0.1667,1.83,14.4
42207,12,11,0.1667,1.83,14.4
20597,12,11,0.1667,1.83,14.4
20586,12,11,0.1667,1.83,14.4
47653,12,11,0.1667,1.83,14.4
47623,12,11,0.1667,1.83,14.4
47713,12,11,0.1667,1.83,14.4
19517,12,11,0.1667,1.83,14.4
35353,12,11,0.1667,1.83,14.4
13680,12,11,0.1667,1.83,14.4
35474,12,11,0.1667,1.83,14.4
24405,12,11,0.1667,1.83,14.4
30436,12,11,0.1667,1.83,14.4
30326,12,11,0.1667,1.83,14.4
25436,12,11,0.1667,1.83,14.4
25435,12,11,0.1667,1.83,14.4
25405,12,11,0.1667,1.83,14.4
54243,12,11,0.1667,1.83,14.4
54319,12,11,0.1667,1.83,14.4
10551,12,11,0.1667,1.83,14.4
31060,12,11,0.1667,1.83,14.4
31051,12,11,0.1667,1.83,14.4
27805,12,11,0.1667,1.83,14.4
13084,12,11,0.1667,1.83,14.4
34404,12,11,0.1667,1.83,14.4
27981,12,11,0.1667,1.83,14.4
27974,12,11,0.1667,1.83,14.4
30421,12,11,0.1667,1.83,14.4
9956,12,11,0.1667,1.83,14.4
30481,12,11,0.1667,1.83,14.4
6679,12,11,0.1667,1.83,14.4
19184,12,11,0.1667,1.83,14.4
20813,12,11,0.1667,1.83,14.4
52495,12,11,0.1667,1.83,14.4
34365,12,11,0.1667,1.83,14.4
20138,12,11,0.1667,1.83,14.4
27775,12,11,0.1667,1.83,14.4
10450,12,11,0.1667,1.83,14.4
25274,12,11,0.1667,1.83,14.4
13304,12,11,0.1667,1.83,14.4
13256,12,11,0.1667,1.83,14.4
35200,12,11,0.1667,1.83,14.4
35286,12,11,0.1667,1.83,14.4
35264,12,11,0.1667,1.83,14.4
35258,12,11,0.1667,1.83,14.4
13625,12,11,0.1667,1.83,14.4
26745,12,11,0.1667,1.83,14.4
35406,12,11,0.1667,1.83,14.4
35365,12,11,0.1667,1.83,14.4
23051,12,11,0.1667,1.83,14.4
22932,12,11,0.1667,1.83,14.4
22923,12,11,0.1667,1.83,14.4
41949,12,11,0.1667,1.83,14.4
10312,12,11,0.1667,1.83,14.4
21940,12,11,0.1667,1.83,14.4
21938,12,11,0.1667,1.83,14.4
21936,12,11,0.1667,1.83,14.4
21890,12,11,0.1667,1.83,14.4
26897,12,11,0.1667,1.83,14.4
20051,12,11,0.1667,1.83,14.4
9918,12,11,0.1667,1.83,14.4
47933,12,11,0.1667,1.83,14.4
21843,12,11,0.1667,1.83,14.4
21820,12,11,0.1667,1.83,14.4
48065,12,11,0.1667,1.83,14.4
6549,12,11,0.1667,1.83,14.4
63496,12,11,0.1667,1.83,14.4
41352,12,11,0.1667,1.83,14.4
22989,12,11,0.1667,1.83,14.4
26877,12,11,0.1667,1.83,14.4
2990,12,11,0.1667,1.83,14.4
24609,12,11,0.1667,1.83,14.4
27828,12,11,0.1667,1.83,14.4
19174,12,11,0.1667,1.83,14.4
30885,12,11,0.1667,1.83,14.4
10237,12,11,0.1667,1.83,14.4
10290,12,11,0.1667,1.83,14.4
27893,12,11,0.1667,1.83,14.4
35082,12,11,0.1667,1.83,14.4
35049,12,11,0.1667,1.83,14.4
22953,12,11,0.1667,1.83,14.4
41386,12,11,0.1667,1.83,14.4
6624,12,11,0.1667,1.83,14.4
6620,12,11,0.1667,1.83,14.4
25347,12,11,0.1667,1.83,14.4
35151,12,11,0.1667,1.83,14.4
6337,12,11,0.1667,1.83,14.4
24573,12,11,0.1667,1.83,14.4
24526,12,11,0.1667,1.83,14.4
41780,12,11,0.1667,1.83,14.4
41724,12,11,0.1667,1.83,14.4
16693,12,11,0.1667,1.83,14.4
16659,12,11,0.1667,1.83,14.4
34771,12,11,0.1667,1.83,14.4
6314,12,11,0.1667,1.83,14.4
10137,12,11,0.1667,1.83,14.4
12014,12,11,0.1667,1.83,14.4
2632,12,11,0.1667,1.83,14.4
15499,12,11,0.1667,1.83,14.4
8035,12,11,0.1667,1.83,14.4
8003,12,11,0.1667,1.83,14.4
15553,12,11,0.1667,1.83,14.4
21201,12,11,0.1667,1.83,14.4
21181,12,11,0.1667,1.83,14.4
50719,12,11,0.1667,1.83,14.4
50710,12,11,0.1667,1.83,14.4
28650,12,11,0.1667,1.83,14.4
28648,12,11,0.1667,1.83,14.4
19668,12,11,0.1667,1.83,14.4
99,40,39,0.05,1.95,14.4
26309,12,11,0.1667,1.83,14.4
38831,12,11,0.1667,1.83,14.4
27270,12,11,0.1667,1.83,14.4
28848,12,11,0.1667,1.83,14.4
39232,12,11,0.1667,1.83,14.4
15585,12,11,0.1667,1.83,14.4
15571,12,11,0.1667,1.83,14.4
17567,12,11,0.1667,1.83,14.4
17549,12,11,0.1667,1.83,14.4
11967,12,11,0.1667,1.83,14.4
32740,12,11,0.1667,1.83,14.4
27345,12,11,0.1667,1.83,14.4
17775,12,11,0.1667,1.83,14.4
17733,12,11,0.1667,1.83,14.4
33006,12,11,0.1667,1.83,14.4
15706,12,11,0.1667,1.83,14.4
15701,12,11,0.1667,1.83,14.4
7890,12,11,0.1667,1.83,14.4
285,39,38,0.0513,1.95,14.26
3540,39,38,0.0513,1.95,14.26
2524,39,38,0.0513,1.95,14.26
6611,39,38,0.0513,1.95,14.26
1804,39,38,0.0513,1.95,14.26
3606,39,38,0.0513,1.95,14.26
830,39,38,0.0513,1.95,14.26
148,39,38,0.0513,1.95,14.26
4600,38,37,0.0526,1.95,14.13
2032,38,37,0.0526,1.95,14.13
3610,38,37,0.0526,1.95,14.13
5118,38,37,0.0526,1.95,14.13
3391,37,36,0.0541,1.95,13.99
5413,37,36,0.0541,1.95,13.99
964,37,36,0.0541,1.95,13.99
64,13,12,0.1538,1.85,13.98
23507,13,12,0.1538,1.85,13.98
38564,13,12,0.1538,1.85,13.98
15419,13,12,0.1538,1.85,13.98
15437,13,12,0.1538,1.85,13.98
26384,13,12,0.1538,1.85,13.98
38390,13,12,0.1538,1.85,13.98
33054,13,12,0.1538,1.85,13.98
45592,13,12,0.1538,1.85,13.98
17679,13,12,0.1538,1.85,13.98
17738,13,12,0.1538,1.85,13.98
11832,13,12,0.1538,1.85,13.98
32772,13,12,0.1538,1.85,13.98
32639,13,12,0.1538,1.85,13.98
15581,13,12,0.1538,1.85,13.98
2796,13,12,0.1538,1.85,13.98
26825,13,12,0.1538,1.85,13.98
26844,13,12,0.1538,1.85,13.98
26847,13,12,0.1538,1.85,13.98
19444,13,12,0.1538,1.85,13.98
30602,13,12,0.1538,1.85,13.98
6408,13,12,0.1538,1.85,13.98
27929,13,12,0.1538,1.85,13.98
27939,13,12,0.1538,1.85,13.98
10153,13,12,0.1538,1.85,13.98
30690,13,12,0.1538,1.85,13.98
25316,13,12,0.1538,1.85,13.98
26863,13,12,0.1538,1.85,13.98
6424,13,12,0.1538,1.85,13.98
6311,13,12,0.1538,1.85,13.98
34775,13,12,0.1538,1.85,13.98
9991,13,12,0.1538,1.85,13.98
10003,13,12,0.1538,1.85,13.98
25366,13,12,0.1538,1.85,13.98
25942,13,12,0.1538,1.85,13.98
25975,13,12,0.1538,1.85,13.98
22966,13,12,0.1538,1.85,13.98
35061,13,12,0.1538,1.85,13.98
2724,13,12,0.1538,1.85,13.98
27887,13,12,0.1538,1.85,13.98
27812,13,12,0.1538,1.85,13.98
20728,13,12,0.1538,1.85,13.98
27820,13,12,0.1538,1.85,13.98
27825,13,12,0.1538,1.85,13.98
34642,13,12,0.1538,1.85,13.98
26871,13,12,0.1538,1.85,13.98
16646,13,12,0.1538,1.85,13.98
27984,13,12,0.1538,1.85,13.98
21779,13,12,0.1538,1.85,13.98
21854,13,12,0.1538,1.85,13.98
19462,13,12,0.1538,1.85,13.98
26883,13,12,0.1538,1.85,13.98
2762,13,12,0.1538,1.85,13.98
47792,13,12,0.1538,1.85,13.98
10501,13,12,0.1538,1.85,13.98
34536,13,12,0.1538,1.85,13.98
41921,13,12,0.1538,1.85,13.98
22930,13,12,0.1538,1.85,13.98
23049,13,12,0.1538,1.85,13.98
13683,13,12,0.1538,1.85,13.98
2219,13,12,0.1538,1.85,13.98
35182,13,12,0.1538,1.85,13.98
24477,13,12,0.1538,1.85,13.98
24490,13,12,0.1538,1.85,13.98
34691,13,12,0.1538,1.85,13.98
24592,13,12,0.1538,1.85,13.98
6034,13,12,0.1538,1.85,13.98
10440,13,12,0.1538,1.85,13.98
30954,13,12,0.1538,1.85,13.98
19474,13,12,0.1538,1.85,13.98
56777,13,12,0.1538,1.85,13.98
2880,13,12,0.1538,1.85,13.98
34386,13,12,0.1538,1.85,13.98
30378,13,12,0.1538,1.85,13.98
27964,13,12,0.1538,1.85,13.98
30505,13,12,0.1538,1.85,13.98
30508,13,12,0.1538,1.85,13.98
27972,13,12,0.1538,1.85,13.98
27976,13,12,0.1538,1.85,13.98
23023,13,12,0.1538,1.85,13.98
27802,13,12,0.1538,1.85,13.98
31023,13,12,0.1538,1.85,13.98
16774,13,12,0.1538,1.85,13.98
16776,13,12,0.1538,1.85,13.98
22867,13,12,0.1538,1.85,13.98
22868,13,12,0.1538,1.85,13.98
22907,13,12,0.1538,1.85,13.98
20129,13,12,0.1538,1.85,13.98
9829,13,12,0.1538,1.85,13.98
25424,13,12,0.1538,1.85,13.98
30432,13,12,0.1538,1.85,13.98
24442,13,12,0.1538,1.85,13.98
13672,13,12,0.1538,1.85,13.98
9769,13,12,0.1538,1.85,13.98
18377,13,12,0.1538,1.85,13.98
18386,13,12,0.1538,1.85,13.98
18414,13,12,0.1538,1.85,13.98
3054,13,12,0.1538,1.85,13.98
24636,13,12,0.1538,1.85,13.98
42262,13,12,0.1538,1.85,13.98
42099,13,12,0.1538,1.85,13.98
42114,13,12,0.1538,1.85,13.98
34236,13,12,0.1538,1.85,13.98
34222,13,12,0.1538,1.85,13.98
13787,13,12,0.1538,1.85,13.98
13818,13,12,0.1538,1.85,13.98
13866,13,12,0.1538,1.85,13.98
35510,13,12,0.1538,1.85,13.98
27993,13,12,0.1538,1.85,13.98
9751,13,12,0.1538,1.85,13.98
9821,13,12,0.1538,1.85,13.98
16705,13,12,0.1538,1.85,13.98
31184,13,12,0.1538,1.85,13.98
31103,13,12,0.1538,1.85,13.98
5615,13,12,0.1538,1.85,13.98
25995,13,12,0.1538,1.85,13.98
12952,13,12,0.1538,1.85,13.98
12990,13,12,0.1538,1.85,13.98
34069,13,12,0.1538,1.85,13.98
34071,13,12,0.1538,1.85,13.98
26919,13,12,0.1538,1.85,13.98
26244,13,12,0.1538,1.85,13.98
26279,13,12,0.1538,1.85,13.98
21760,13,12,0.1538,1.85,13.98
18632,13,12,0.1538,1.85,13.98
9671,13,12,0.1538,1.85,13.98
35723,13,12,0.1538,1.85,13.98
26044,13,12,0.1538,1.85,13.98
21963,13,12,0.1538,1.85,13.98
34081,13,12,0.1538,1.85,13.98
34134,13,12,0.1538,1.85,13.98
34165,13,12,0.1538,1.85,13.98
30193,13,12,0.1538,1.85,13.98
20840,13,12,0.1538,1.85,13.98
19150,13,12,0.1538,1.85,13.98
19159,13,12,0.1538,1.85,13.98
19163,13,12,0.1538,1.85,13.98
41308,13,12,0.1538,1.85,13.98
41186,13,12,0.1538,1.85,13.98
41208,13,12,0.1538,1.85,13.98
28086,13,12,0.1538,1.85,13.98
28094,13,12,0.1538,1.85,13.98
48387,13,12,0.1538,1.85,13.98
21720,13,12,0.1538,1.85,13.98
13973,13,12,0.1538,1.85,13.98
24348,13,12,0.1538,1.85,13.98
24650,13,12,0.1538,1.85,13.98
31256,13,12,0.1538,1.85,13.98
19209,13,12,0.1538,1.85,13.98
26952,13,12,0.1538,1.85,13.98
26982,13,12,0.1538,1.85,13.98
19979,13,12,0.1538,1.85,13.98
7080,13,12,0.1538,1.85,13.98
9479,13,12,0.1538,1.85,13.98
41054,13,12,0.1538,1.85,13.98
63661,13,12,0.1538,1.85,13.98
63769,13,12,0.1538,1.85,13.98
35951,13,12,0.1538,1.85,13.98
24328,13,12,0.1538,1.85,13.98
20585,13,12,0.1538,1.85,13.98
31348,13,12,0.1538,1.85,13.98
5567,13,12,0.1538,1.85,13.98
5568,13,12,0.1538,1.85,13.98
12862,13,12,0.1538,1.85,13.98
12872,13,12,0.1538,1.85,13.98
3475,13,12,0.1538,1.85,13.98
18753,13,12,0.1538,1.85,13.98
29934,13,12,0.1538,1.85,13.98
29981,13,12,0.1538,1.85,13.98
29988,13,12,0.1538,1.85,13.98
20908,13,12,0.1538,1.85,13.98
20943,13,12,0.1538,1.85,13.98
13985,13,12,0.1538,1.85,13.98
35985,13,12,0.1538,1.85,13.98
10919,13,12,0.1538,1.85,13.98
10920,13,12,0.1538,1.85,13.98
31512,13,12,0.1538,1.85,13.98
33960,13,12,0.1538,1.85,13.98
34003,13,12,0.1538,1.85,13.98
22837,13,12,0.1538,1.85,13.98
7282,13,12,0.1538,1.85,13.98
29971,13,12,0.1538,1.85,13.98
9465,13,12,0.1538,1.85,13.98
9408,13,12,0.1538,1.85,13.98
25871,13,12,0.1538,1.85,13.98
36046,13,12,0.1538,1.85,13.98
7053,13,12,0.1538,1.85,13.98
16346,13,12,0.1538,1.85,13.98
1578,13,12,0.1538,1.85,13.98
16434,13,12,0.1538,1.85,13.98
23098,13,12,0.1538,1.85,13.98
23127,13,12,0.1538,1.85,13.98
21603,13,12,0.1538,1.85,13.98
31467,13,12,0.1538,1.85,13.98
31494,13,12,0.1538,1.85,13.98
20493,13,12,0.1538,1.85,13.98
20518,13,12,0.1538,1.85,13.98
19403,13,12,0.1538,1.85,13.98
28250,13,12,0.1538,1.85,13.98
28251,13,12,0.1538,1.85,13.98
48855,13,12,0.1538,1.85,13.98
21651,13,12,0.1538,1.85,13.98
18787,13,12,0.1538,1.85,13.98
21633,13,12,0.1538,1.85,13.98
24258,13,12,0.1538,1.85,13.98
27621,13,12,0.1538,1.85,13.98
31599,13,12,0.1538,1.85,13.98
10989,13,12,0.1538,1.85,13.98
12805,13,12,0.1538,1.85,13.98
12715,13,12,0.1538,1.85,13.98
12770,13,12,0.1538,1.85,13.98
1441,13,12,0.1538,1.85,13.98
1498,13,12,0.1538,1.85,13.98
9100,13,12,0.1538,1.85,13.98
9103,13,12,0.1538,1.85,13.98
25513,13,12,0.1538,1.85,13.98
19091,13,12,0.1538,1.85,13.98
19098,13,12,0.1538,1.85,13.98
21578,13,12,0.1538,1.85,13.98
48970,13,12,0.1538,1.85,13.98
18785,13,12,0.1538,1.85,13.98
9055,13,12,0.1538,1.85,13.98
40727,13,12,0.1538,1.85,13.98
31636,13,12,0.1538,1.85,13.98
5516,13,12,0.1538,1.85,13.98
5394,13,12,0.1538,1.85,13.98
17196,13,12,0.1538,1.85,13.98
12628,13,12,0.1538,1.85,13.98
38870,13,12,0.1538,1.85,13.98
19566,13,12,0.1538,1.85,13.98
19887,13,12,0.1538,1.85,13.98
29636,13,12,0.1538,1.85,13.98
9020,13,12,0.1538,1.85,13.98
28301,13,12,0.1538,1.85,13.98
28311,13,12,0.1538,1.85,13.98
24025,13,12,0.1538,1.85,13.98
11069,13,12,0.1538,1.85,13.98
27554,13,12,0.1538,1.85,13.98
5312,13,12,0.1538,1.85,13.98
23435,13,12,0.1538,1.85,13.98
27038,13,12,0.1538,1.85,13.98
33612,13,12,0.1538,1.85,13.98
12617,13,12,0.1538,1.85,13.98
31811,13,12,0.1538,1.85,13.98
18078,13,12,0.1538,1.85,13.98
18081,13,12,0.1538,1.85,13.98
18086,13,12,0.1538,1.85,13.98
18117,13,12,0.1538,1.85,13.98
22046,13,12,0.1538,1.85,13.98
31764,13,12,0.1538,1.85,13.98
22620,13,12,0.1538,1.85,13.98
12545,13,12,0.1538,1.85,13.98
3975,13,12,0.1538,1.85,13.98
27028,13,12,0.1538,1.85,13.98
27033,13,12,0.1538,1.85,13.98
17957,13,12,0.1538,1.85,13.98
16115,13,12,0.1538,1.85,13.98
23194,13,12,0.1538,1.85,13.98
18859,13,12,0.1538,1.85,13.98
18871,13,12,0.1538,1.85,13.98
8935,13,12,0.1538,1.85,13.98
19862,13,12,0.1538,1.85,13.98
19553,13,12,0.1538,1.85,13.98
19561,13,12,0.1538,1.85,13.98
11211,13,12,0.1538,1.85,13.98
25115,13,12,0.1538,1.85,13.98
27497,13,12,0.1538,1.85,13.98
31922,13,12,0.1538,1.85,13.98
31816,13,12,0.1538,1.85,13.98
31817,13,12,0.1538,1.85,13.98
31829,13,12,0.1538,1.85,13.98
19234,13,12,0.1538,1.85,13.98
12561,13,12,0.1538,1.85,13.98
12446,13,12,0.1538,1.85,13.98
40188,13,12,0.1538,1.85,13.98
14614,13,12,0.1538,1.85,13.98
26673,13,12,0.1538,1.85,13.98
26712,13,12,0.1538,1.85,13.98
1080,13,12,0.1538,1.85,13.98
36966,13,12,0.1538,1.85,13.98
16062,13,12,0.1538,1.85,13.98
21072,13,12,0.1538,1.85,13.98
29521,13,12,0.1538,1.85,13.98
21493,13,12,0.1538,1.85,13.98
21537,13,12,0.1538,1.85,13.98
7477,13,12,0.1538,1.85,13.98
7479,13,12,0.1538,1.85,13.98
7490,13,12,0.1538,1.85,13.98
11465,13,12,0.1538,1.85,13.98
11342,13,12,0.1538,1.85,13.98
11347,13,12,0.1538,1.85,13.98
11365,13,12,0.1538,1.85,13.98
11367,13,12,0.1538,1.85,13.98
33432,13,12,0.1538,1.85,13.98
4170,13,12,0.1538,1.85,13.98
20366,13,12,0.1538,1.85,13.98
1025,13,12,0.1538,1.85,13.98
28626,13,12,0.1538,1.85,13.98
37175,13,12,0.1538,1.85,13.98
37262,13,12,0.1538,1.85,13.98
25846,13,12,0.1538,1.85,13.98
8627,13,12,0.1538,1.85,13.98
25851,13,12,0.1538,1.85,13.98
11529,13,12,0.1538,1.85,13.98
31951,13,12,0.1538,1.85,13.98
11414,13,12,0.1538,1.85,13.98
11462,13,12,0.1538,1.85,13.98
32081,13,12,0.1538,1.85,13.98
4187,13,12,0.1538,1.85,13.98
20298,13,12,0.1538,1.85,13.98
22149,13,12,0.1538,1.85,13.98
26644,13,12,0.1538,1.85,13.98
49429,13,12,0.1538,1.85,13.98
21454,13,12,0.1538,1.85,13.98
8685,13,12,0.1538,1.85,13.98
7529,13,12,0.1538,1.85,13.98
37249,13,12,0.1538,1.85,13.98
23915,13,12,0.1538,1.85,13.98
25039,13,12,0.1538,1.85,13.98
11519,13,12,0.1538,1.85,13.98
26118,13,12,0.1538,1.85,13.98
26132,13,12,0.1538,1.85,13.98
33343,13,12,0.1538,1.85,13.98
33366,13,12,0.1538,1.85,13.98
33367,13,12,0.1538,1.85,13.98
33375,13,12,0.1538,1.85,13.98
11503,13,12,0.1538,1.85,13.98
11505,13,12,0.1538,1.85,13.98
32059,13,12,0.1538,1.85,13.98
32068,13,12,0.1538,1.85,13.98
4997,13,12,0.1538,1.85,13.98
12345,13,12,0.1538,1.85,13.98
12368,13,12,0.1538,1.85,13.98
22588,13,12,0.1538,1.85,13.98
44076,13,12,0.1538,1.85,13.98
44091,13,12,0.1538,1.85,13.98
14860,13,12,0.1538,1.85,13.98
14691,13,12,0.1538,1.85,13.98
23768,13,12,0.1538,1.85,13.98
7633,13,12,0.1538,1.85,13.98
28423,13,12,0.1538,1.85,13.98
8472,13,12,0.1538,1.85,13.98
26639,13,12,0.1538,1.85,13.98
14748,13,12,0.1538,1.85,13.98
23234,13,12,0.1538,1.85,13.98
21106,13,12,0.1538,1.85,13.98
29254,13,12,0.1538,1.85,13.98
7731,13,12,0.1538,1.85,13.98
14823,13,12,0.1538,1.85,13.98
27403,13,12,0.1538,1.85,13.98
4911,13,12,0.1538,1.85,13.98
4795,13,12,0.1538,1.85,13.98
32158,13,12,0.1538,1.85,13.98
32176,13,12,0.1538,1.85,13.98
32194,13,12,0.1538,1.85,13.98
11679,13,12,0.1538,1.85,13.98
27377,13,12,0.1538,1.85,13.98
4182,13,12,0.1538,1.85,13.98
44240,13,12,0.1538,1.85,13.98
29208,13,12,0.1538,1.85,13.98
29209,13,12,0.1538,1.85,13.98
29134,13,12,0.1538,1.85,13.98
28484,13,12,0.1538,1.85,13.98
19078,13,12,0.1538,1.85,13.98
23228,13,12,0.1538,1.85,13.98
17362,13,12,0.1538,1.85,13.98
22564,13,12,0.1538,1.85,13.98
33222,13,12,0.1538,1.85,13.98
12262,13,12,0.1538,1.85,13.98
33161,13,12,0.1538,1.85,13.98
17456,13,12,0.1538,1.85,13.98
46255,13,12,0.1538,1.85,13.98
22157,13,12,0.1538,1.85,13.98
17857,13,12,0.1538,1.85,13.98
506,13,12,0.1538,1.85,13.98
386,13,12,0.1538,1.85,13.98
21393,13,12,0.1538,1.85,13.98
14979,13,12,0.1538,1.85,13.98
14992,13,12,0.1538,1.85,13.98
14993,13,12,0.1538,1.85,13.98
11763,13,12,0.1538,1.85,13.98
11825,13,12,0.1538,1.85,13.98
32290,13,12,0.1538,1.85,13.98
32318,13,12,0.1538,1.85,13.98
11752,13,12,0.1538,1.85,13.98
11754,13,12,0.1538,1.85,13.98
32521,13,12,0.1538,1.85,13.98
32479,13,12,0.1538,1.85,13.98
32499,13,12,0.1538,1.85,13.98
11800,13,12,0.1538,1.85,13.98
25646,13,12,0.1538,1.85,13.98
29095,13,12,0.1538,1.85,13.98
29102,13,12,0.1538,1.85,13.98
8358,13,12,0.1538,1.85,13.98
39897,13,12,0.1538,1.85,13.98
39756,13,12,0.1538,1.85,13.98
39789,13,12,0.1538,1.85,13.98
39803,13,12,0.1538,1.85,13.98
26534,13,12,0.1538,1.85,13.98
26535,13,12,0.1538,1.85,13.98
33087,13,12,0.1538,1.85,13.98
27197,13,12,0.1538,1.85,13.98
33059,13,12,0.1538,1.85,13.98
45180,13,12,0.1538,1.85,13.98
19364,13,12,0.1538,1.85,13.98
19382,13,12,0.1538,1.85,13.98
20304,13,12,0.1538,1.85,13.98
7765,13,12,0.1538,1.85,13.98
7837,13,12,0.1538,1.85,13.98
21379,13,12,0.1538,1.85,13.98
15182,13,12,0.1538,1.85,13.98
39623,13,12,0.1538,1.85,13.98
39725,13,12,0.1538,1.85,13.98
38086,13,12,0.1538,1.85,13.98
38093,13,12,0.1538,1.85,13.98
19332,13,12,0.1538,1.85,13.98
19361,13,12,0.1538,1.85,13.98
12153,13,12,0.1538,1.85,13.98
32876,13,12,0.1538,1.85,13.98
7763,13,12,0.1538,1.85,13.98
28986,13,12,0.1538,1.85,13.98
8269,13,12,0.1538,1.85,13.98
18948,13,12,0.1538,1.85,13.98
23684,13,12,0.1538,1.85,13.98
23765,13,12,0.1538,1.85,13.98
19636,13,12,0.1538,1.85,13.98
19590,13,12,0.1538,1.85,13.98
19600,13,12,0.1538,1.85,13.98
406,13,12,0.1538,1.85,13.98
12098,13,12,0.1538,1.85,13.98
45988,13,12,0.1538,1.85,13.98
45887,13,12,0.1538,1.85,13.98
22260,13,12,0.1538,1.85,13.98
12108,13,12,0.1538,1.85,13.98
23621,13,12,0.1538,1.85,13.98
21315,13,12,0.1538,1.85,13.98
8283,13,12,0.1538,1.85,13.98
38353,13,12,0.1538,1.85,13.98
23300,13,12,0.1538,1.85,13.98
15591,13,12,0.1538,1.85,13.98
28691,13,12,0.1538,1.85,13.98
28826,13,12,0.1538,1.85,13.98
25789,13,12,0.1538,1.85,13.98
25799,13,12,0.1538,1.85,13.98
28635,13,12,0.1538,1.85,13.98
7904,13,12,0.1538,1.85,13.98
32632,13,12,0.1538,1.85,13.98
32638,13,12,0.1538,1.85,13.98
11890,13,12,0.1538,1.85,13.98
17614,13,12,0.1538,1.85,13.98
17620,13,12,0.1538,1.85,13.98
32617,13,12,0.1538,1.85,13.98
20341,13,12,0.1538,1.85,13.98
19384,13,12,0.1538,1.85,13.98
19308,13,12,0.1538,1.85,13.98
20377,13,12,0.1538,1.85,13.98
20381,13,12,0.1538,1.85,13.98
34881,13,12,0.1538,1.85,13.98
19622,13,12,0.1538,1.85,13.98
147,13,12,0.1538,1.85,13.98
7975,13,12,0.1538,1.85,13.98
50523,13,12,0.1538,1.85,13.98
39099,13,12,0.1538,1.85,13.98
23469,13,12,0.1538,1.85,13.98
15496,13,12,0.1538,1.85,13.98
26362,13,12,0.1538,1.85,13.98
95,13,12,0.1538,1.85,13.98
2631,13,12,0.1538,1.85,13.98
13488,13,12,0.1538,1.85,13.98
16562,13,12,0.1538,1.85,13.98
18978,13,12,0.1538,1.85,13.98
137,36,35,0.0556,1.94,13.87
4012,36,35,0.0556,1.94,13.87
199,36,35,0.0556,1.94,13.87
22,36,35,0.0556,1.94,13.87
4579,36,35,0.0556,1.94,13.87
390,36,35,0.0556,1.94,13.87
7326,36,35,0.0556,1.94,13.87
3467,36,35,0.0556,1.94,13.87
3057,36,35,0.0556,1.94,13.87
734,36,35,0.0556,1.94,13.87
4011,35,34,0.0571,1.94,13.74
4462,35,34,0.0571,1.94,13.74
6832,35,34,0.0571,1.94,13.74
293,35,34,0.0571,1.94,13.74
9787,35,34,0.0571,1.94,13.74
3879,35,34,0.0571,1.94,13.74
7584,35,34,0.0571,1.94,13.74
6176,35,34,0.0571,1.94,13.74
835,35,34,0.0571,1.94,13.74
10,35,34,0.0571,1.94,13.74
1739,14,13,0.1429,1.86,13.66
7918,14,13,0.1429,1.86,13.66
28596,14,13,0.1429,1.86,13.66
28606,14,13,0.1429,1.86,13.66
25684,14,13,0.1429,1.86,13.66
21240,14,13,0.1429,1.86,13.66
280,14,13,0.1429,1.86,13.66
24954,14,13,0.1429,1.86,13.66
32743,14,13,0.1429,1.86,13.66
32745,14,13,0.1429,1.86,13.66
26135,14,13,0.1429,1.86,13.66
12016,14,13,0.1429,1.86,13.66
11886,14,13,0.1429,1.86,13.66
17611,14,13,0.1429,1.86,13.66
33026,14,13,0.1429,1.86,13.66
32540,14,13,0.1429,1.86,13.66
26149,14,13,0.1429,1.86,13.66
4534,14,13,0.1429,1.86,13.66
14091,14,13,0.1429,1.86,13.66
28155,14,13,0.1429,1.86,13.66
7112,14,13,0.1429,1.86,13.66
28168,14,13,0.1429,1.86,13.66
28193,14,13,0.1429,1.86,13.66
7220,14,13,0.1429,1.86,13.66
9449,14,13,0.1429,1.86,13.66
11837,14,13,0.1429,1.86,13.66
4722,14,13,0.1429,1.86,13.66
4616,14,13,0.1429,1.86,13.66
15729,14,13,0.1429,1.86,13.66
15780,14,13,0.1429,1.86,13.66
20328,14,13,0.1429,1.86,13.66
32368,14,13,0.1429,1.86,13.66
22172,14,13,0.1429,1.86,13.66
45967,14,13,0.1429,1.86,13.66
11756,14,13,0.1429,1.86,13.66
18750,14,13,0.1429,1.86,13.66
29921,14,13,0.1429,1.86,13.66
29941,14,13,0.1429,1.86,13.66
20898,14,13,0.1429,1.86,13.66
7059,14,13,0.1429,1.86,13.66
14018,14,13,0.1429,1.86,13.66
36083,14,13,0.1429,1.86,13.66
21246,14,13,0.1429,1.86,13.66
4477,14,13,0.1429,1.86,13.66
24967,14,13,0.1429,1.86,13.66
24978,14,13,0.1429,1.86,13.66
12204,14,13,0.1429,1.86,13.66
33154,14,13,0.1429,1.86,13.66
17478,14,13,0.1429,1.86,13.66
28083,14,13,0.1429,1.86,13.66
21722,14,13,0.1429,1.86,13.66
14045,14,13,0.1429,1.86,13.66
35980,14,13,0.1429,1.86,13.66
19922,14,13,0.1429,1.86,13.66
19929,14,13,0.1429,1.86,13.66
14303,14,13,0.1429,1.86,13.66
14322,14,13,0.1429,1.86,13.66
21637,14,13,0.1429,1.86,13.66
16357,14,13,0.1429,1.86,13.66
1668,14,13,0.1429,1.86,13.66
22403,14,13,0.1429,1.86,13.66
20307,14,13,0.1429,1.86,13.66
18964,14,13,0.1429,1.86,13.66
50073,14,13,0.1429,1.86,13.66
28936,14,13,0.1429,1.86,13.66
28942,14,13,0.1429,1.86,13.66
19024,14,13,0.1429,1.86,13.66
11605,14,13,0.1429,1.86,13.66
36533,14,13,0.1429,1.86,13.66
25552,14,13,0.1429,1.86,13.66
28231,14,13,0.1429,1.86,13.66
41098,14,13,0.1429,1.86,13.66
24998,14,13,0.1429,1.86,13.66
11871,14,13,0.1429,1.86,13.66
24912,14,13,0.1429,1.86,13.66
12132,14,13,0.1429,1.86,13.66
27181,14,13,0.1429,1.86,13.66
22568,14,13,0.1429,1.86,13.66
4183,14,13,0.1429,1.86,13.66
44406,14,13,0.1429,1.86,13.66
4994,14,13,0.1429,1.86,13.66
12289,14,13,0.1429,1.86,13.66
4870,14,13,0.1429,1.86,13.66
7027,14,13,0.1429,1.86,13.66
6845,14,13,0.1429,1.86,13.66
35769,14,13,0.1429,1.86,13.66
35664,14,13,0.1429,1.86,13.66
9702,14,13,0.1429,1.86,13.66
1836,14,13,0.1429,1.86,13.66
30204,14,13,0.1429,1.86,13.66
9609,14,13,0.1429,1.86,13.66
22166,14,13,0.1429,1.86,13.66
21271,14,13,0.1429,1.86,13.66
25722,14,13,0.1429,1.86,13.66
23387,14,13,0.1429,1.86,13.66
26469,14,13,0.1429,1.86,13.66
8314,14,13,0.1429,1.86,13.66
8267,14,13,0.1429,1.86,13.66
33272,14,13,0.1429,1.86,13.66
35729,14,13,0.1429,1.86,13.66
41278,14,13,0.1429,1.86,13.66
19995,14,13,0.1429,1.86,13.66
13887,14,13,0.1429,1.86,13.66
13760,14,13,0.1429,1.86,13.66
2200,14,13,0.1429,1.86,13.66
16507,14,13,0.1429,1.86,13.66
16529,14,13,0.1429,1.86,13.66
11790,14,13,0.1429,1.86,13.66
32215,14,13,0.1429,1.86,13.66
12355,14,13,0.1429,1.86,13.66
12367,14,13,0.1429,1.86,13.66
4136,14,13,0.1429,1.86,13.66
4139,14,13,0.1429,1.86,13.66
20192,14,13,0.1429,1.86,13.66
20194,14,13,0.1429,1.86,13.66
6626,14,13,0.1429,1.86,13.66
14367,14,13,0.1429,1.86,13.66
14373,14,13,0.1429,1.86,13.66
14398,14,13,0.1429,1.86,13.66
23184,14,13,0.1429,1.86,13.66
21598,14,13,0.1429,1.86,13.66
29650,14,13,0.1429,1.86,13.66
29763,14,13,0.1429,1.86,13.66
19040,14,13,0.1429,1.86,13.66
23363,14,13,0.1429,1.86,13.66
19572,14,13,0.1429,1.86,13.66
19801,14,13,0.1429,1.86,13.66
7847,14,13,0.1429,1.86,13.66
21360,14,13,0.1429,1.86,13.66
35480,14,13,0.1429,1.86,13.66
13682,14,13,0.1429,1.86,13.66
19957,14,13,0.1429,1.86,13.66
54815,14,13,0.1429,1.86,13.66
54702,14,13,0.1429,1.86,13.66
9784,14,13,0.1429,1.86,13.66
9764,14,13,0.1429,1.86,13.66
21757,14,13,0.1429,1.86,13.66
12353,14,13,0.1429,1.86,13.66
32131,14,13,0.1429,1.86,13.66
11426,14,13,0.1429,1.86,13.66
4048,14,13,0.1429,1.86,13.66
33412,14,13,0.1429,1.86,13.66
24801,14,13,0.1429,1.86,13.66
11320,14,13,0.1429,1.86,13.66
30405,14,13,0.1429,1.86,13.66
20794,14,13,0.1429,1.86,13.66
30501,14,13,0.1429,1.86,13.66
9855,14,13,0.1429,1.86,13.66
2226,14,13,0.1429,1.86,13.66
25430,14,13,0.1429,1.86,13.66
26746,14,13,0.1429,1.86,13.66
8276,14,13,0.1429,1.86,13.66
28904,14,13,0.1429,1.86,13.66
23764,14,13,0.1429,1.86,13.66
15082,14,13,0.1429,1.86,13.66
15885,14,13,0.1429,1.86,13.66
25627,14,13,0.1429,1.86,13.66
29123,14,13,0.1429,1.86,13.66
8362,14,13,0.1429,1.86,13.66
28552,14,13,0.1429,1.86,13.66
31918,14,13,0.1429,1.86,13.66
26817,14,13,0.1429,1.86,13.66
19525,14,13,0.1429,1.86,13.66
19890,14,13,0.1429,1.86,13.66
9049,14,13,0.1429,1.86,13.66
9052,14,13,0.1429,1.86,13.66
28308,14,13,0.1429,1.86,13.66
22603,14,13,0.1429,1.86,13.66
22605,14,13,0.1429,1.86,13.66
12397,14,13,0.1429,1.86,13.66
4168,14,13,0.1429,1.86,13.66
19269,14,13,0.1429,1.86,13.66
22090,14,13,0.1429,1.86,13.66
43425,14,13,0.1429,1.86,13.66
24806,14,13,0.1429,1.86,13.66
4019,14,13,0.1429,1.86,13.66
35147,14,13,0.1429,1.86,13.66
35172,14,13,0.1429,1.86,13.66
16545,14,13,0.1429,1.86,13.66
13631,14,13,0.1429,1.86,13.66
17272,14,13,0.1429,1.86,13.66
21380,14,13,0.1429,1.86,13.66
8297,14,13,0.1429,1.86,13.66
24945,14,13,0.1429,1.86,13.66
19628,14,13,0.1429,1.86,13.66
26550,14,13,0.1429,1.86,13.66
21121,14,13,0.1429,1.86,13.66
19017,14,13,0.1429,1.86,13.66
7762,14,13,0.1429,1.86,13.66
29178,14,13,0.1429,1.86,13.66
49521,14,13,0.1429,1.86,13.66
27558,14,13,0.1429,1.86,13.66
10084,14,13,0.1429,1.86,13.66
16155,14,13,0.1429,1.86,13.66
8064,14,13,0.1429,1.86,13.66
29539,14,13,0.1429,1.86,13.66
9125,14,13,0.1429,1.86,13.66
24491,14,13,0.1429,1.86,13.66
11368,14,13,0.1429,1.86,13.66
20425,14,13,0.1429,1.86,13.66
20426,14,13,0.1429,1.86,13.66
25121,14,13,0.1429,1.86,13.66
5409,14,13,0.1429,1.86,13.66
22673,14,13,0.1429,1.86,13.66
3679,14,13,0.1429,1.86,13.66
10164,14,13,0.1429,1.86,13.66
30803,14,13,0.1429,1.86,13.66
41657,14,13,0.1429,1.86,13.66
41561,14,13,0.1429,1.86,13.66
16583,14,13,0.1429,1.86,13.66
35069,14,13,0.1429,1.86,13.66
6475,14,13,0.1429,1.86,13.66
10060,14,13,0.1429,1.86,13.66
10065,14,13,0.1429,1.86,13.66
17942,14,13,0.1429,1.86,13.66
28577,14,13,0.1429,1.86,13.66
26528,14,13,0.1429,1.86,13.66
33835,14,13,0.1429,1.86,13.66
12704,14,13,0.1429,1.86,13.66
5515,14,13,0.1429,1.86,13.66
13367,14,13,0.1429,1.86,13.66
13380,14,13,0.1429,1.86,13.66
2801,14,13,0.1429,1.86,13.66
26857,14,13,0.1429,1.86,13.66
18543,14,13,0.1429,1.86,13.66
10249,14,13,0.1429,1.86,13.66
30591,14,13,0.1429,1.86,13.66
12638,14,13,0.1429,1.86,13.66
12694,14,13,0.1429,1.86,13.66
33726,14,13,0.1429,1.86,13.66
33738,14,13,0.1429,1.86,13.66
43306,14,13,0.1429,1.86,13.66
17169,14,13,0.1429,1.86,13.66
20147,14,13,0.1429,1.86,13.66
20153,14,13,0.1429,1.86,13.66
20544,14,13,0.1429,1.86,13.66
16690,14,13,0.1429,1.86,13.66
10294,14,13,0.1429,1.86,13.66
8992,14,13,0.1429,1.86,13.66
8993,14,13,0.1429,1.86,13.66
26689,14,13,0.1429,1.86,13.66
1121,14,13,0.1429,1.86,13.66
13458,14,13,0.1429,1.86,13.66
34879,14,13,0.1429,1.86,13.66
3808,14,13,0.1429,1.86,13.66
71,14,13,0.1429,1.86,13.66
31735,14,13,0.1429,1.86,13.66
11005,14,13,0.1429,1.86,13.66
25159,14,13,0.1429,1.86,13.66
31529,14,13,0.1429,1.86,13.66
20523,14,13,0.1429,1.86,13.66
22756,14,13,0.1429,1.86,13.66
10363,14,13,0.1429,1.86,13.66
10276,14,13,0.1429,1.86,13.66
20734,14,13,0.1429,1.86,13.66
20743,14,13,0.1429,1.86,13.66
6447,14,13,0.1429,1.86,13.66
6334,14,13,0.1429,1.86,13.66
22948,14,13,0.1429,1.86,13.66
22951,14,13,0.1429,1.86,13.66
8402,14,13,0.1429,1.86,13.66
8366,14,13,0.1429,1.86,13.66
28463,14,13,0.1429,1.86,13.66
19411,14,13,0.1429,1.86,13.66
19420,14,13,0.1429,1.86,13.66
644,14,13,0.1429,1.86,13.66
482,14,13,0.1429,1.86,13.66
29255,14,13,0.1429,1.86,13.66
7722,14,13,0.1429,1.86,13.66
7597,14,13,0.1429,1.86,13.66
19792,14,13,0.1429,1.86,13.66
27634,14,13,0.1429,1.86,13.66
31603,14,13,0.1429,1.86,13.66
31613,14,13,0.1429,1.86,13.66
25124,14,13,0.1429,1.86,13.66
31513,14,13,0.1429,1.86,13.66
47601,14,13,0.1429,1.86,13.66
42751,14,13,0.1429,1.86,13.66
12816,14,13,0.1429,1.86,13.66
21955,14,13,0.1429,1.86,13.66
18211,14,13,0.1429,1.86,13.66
26214,14,13,0.1429,1.86,13.66
26358,14,13,0.1429,1.86,13.66
5610,14,13,0.1429,1.86,13.66
5480,14,13,0.1429,1.86,13.66
16856,14,13,0.1429,1.86,13.66
8063,14,13,0.1429,1.86,13.66
6232,14,13,0.1429,1.86,13.66
25556,14,13,0.1429,1.86,13.66
25557,14,13,0.1429,1.86,13.66
29397,14,13,0.1429,1.86,13.66
21010,14,13,0.1429,1.86,13.66
21012,14,13,0.1429,1.86,13.66
7428,14,13,0.1429,1.86,13.66
10340,14,13,0.1429,1.86,13.66
15913,14,13,0.1429,1.86,13.66
26605,14,13,0.1429,1.86,13.66
14953,14,13,0.1429,1.86,13.66
37479,14,13,0.1429,1.86,13.66
28397,14,13,0.1429,1.86,13.66
7554,14,13,0.1429,1.86,13.66
8053,14,13,0.1429,1.86,13.66
29310,14,13,0.1429,1.86,13.66
41964,14,13,0.1429,1.86,13.66
13302,14,13,0.1429,1.86,13.66
10402,14,13,0.1429,1.86,13.66
26866,14,13,0.1429,1.86,13.66
2743,14,13,0.1429,1.86,13.66
30955,14,13,0.1429,1.86,13.66
21887,14,13,0.1429,1.86,13.66
21900,14,13,0.1429,1.86,13.66
30992,14,13,0.1429,1.86,13.66
26209,14,13,0.1429,1.86,13.66
19214,14,13,0.1429,1.86,13.66
12981,14,13,0.1429,1.86,13.66
26903,14,13,0.1429,1.86,13.66
26907,14,13,0.1429,1.86,13.66
26947,14,13,0.1429,1.86,13.66
20135,14,13,0.1429,1.86,13.66
20180,14,13,0.1429,1.86,13.66
13237,14,13,0.1429,1.86,13.66
13128,14,13,0.1429,1.86,13.66
27776,14,13,0.1429,1.86,13.66
27779,14,13,0.1429,1.86,13.66
27798,14,13,0.1429,1.86,13.66
27809,14,13,0.1429,1.86,13.66
29778,14,13,0.1429,1.86,13.66
31044,14,13,0.1429,1.86,13.66
56218,14,13,0.1429,1.86,13.66
24643,14,13,0.1429,1.86,13.66
31171,14,13,0.1429,1.86,13.66
12940,14,13,0.1429,1.86,13.66
39950,14,13,0.1429,1.86,13.66
47638,14,13,0.1429,1.86,13.66
37324,14,13,0.1429,1.86,13.66
26622,14,13,0.1429,1.86,13.66
26630,14,13,0.1429,1.86,13.66
1126,14,13,0.1429,1.86,13.66
36272,14,13,0.1429,1.86,13.66
14681,14,13,0.1429,1.86,13.66
14613,14,13,0.1429,1.86,13.66
29431,14,13,0.1429,1.86,13.66
34225,14,13,0.1429,1.86,13.66
13035,14,13,0.1429,1.86,13.66
10815,14,13,0.1429,1.86,13.66
17652,14,13,0.1429,1.86,13.66
14792,14,13,0.1429,1.86,13.66
23074,14,13,0.1429,1.86,13.66
25843,14,13,0.1429,1.86,13.66
10525,14,13,0.1429,1.86,13.66
21946,14,13,0.1429,1.86,13.66
16734,14,13,0.1429,1.86,13.66
21951,14,13,0.1429,1.86,13.66
18205,14,13,0.1429,1.86,13.66
21993,14,13,0.1429,1.86,13.66
21994,14,13,0.1429,1.86,13.66
22007,14,13,0.1429,1.86,13.66
10660,14,13,0.1429,1.86,13.66
10672,14,13,0.1429,1.86,13.66
20685,14,13,0.1429,1.86,13.66
39240,14,13,0.1429,1.86,13.66
3035,14,13,0.1429,1.86,13.66
26304,14,13,0.1429,1.86,13.66
38930,14,13,0.1429,1.86,13.66
28822,14,13,0.1429,1.86,13.66
7917,14,13,0.1429,1.86,13.66
1612,14,13,0.1429,1.86,13.66
21223,14,13,0.1429,1.86,13.66
18973,14,13,0.1429,1.86,13.66
19012,14,13,0.1429,1.86,13.66
21237,14,13,0.1429,1.86,13.66
28714,14,13,0.1429,1.86,13.66
8072,14,13,0.1429,1.86,13.66
21196,14,13,0.1429,1.86,13.66
32708,14,13,0.1429,1.86,13.66
19621,14,13,0.1429,1.86,13.66
39987,14,13,0.1429,1.86,13.66
6468,34,33,0.0588,1.94,13.62
6539,34,33,0.0588,1.94,13.62
4141,34,33,0.0588,1.94,13.62
2573,34,33,0.0588,1.94,13.62
4977,34,33,0.0588,1.94,13.62
4874,34,33,0.0588,1.94,13.62
7075,34,33,0.0588,1.94,13.62
10094,33,32,0.0606,1.94,13.51
572,33,32,0.0606,1.94,13.51
6614,33,32,0.0606,1.94,13.51
2635,33,32,0.0606,1.94,13.51
7261,33,32,0.0606,1.94,13.51
4165,33,32,0.0606,1.94,13.51
4907,33,32,0.0606,1.94,13.51
4508,33,32,0.0606,1.94,13.51
8066,33,32,0.0606,1.94,13.51
212,33,32,0.0606,1.94,13.51
38583,15,14,0.1333,1.87,13.4
15435,15,14,0.1333,1.87,13.4
26407,15,14,0.1333,1.87,13.4
32966,15,14,0.1333,1.87,13.4
5696,15,14,0.1333,1.87,13.4
10572,32,31,0.0625,1.94,13.4
24631,15,14,0.1333,1.87,13.4
20596,15,14,0.1333,1.87,13.4
20089,15,14,0.1333,1.87,13.4
16779,15,14,0.1333,1.87,13.4
16710,15,14,0.1333,1.87,13.4
7491,15,14,0.1333,1.87,13.4
7594,15,14,0.1333,1.87,13.4
21459,15,14,0.1333,1.87,13.4
21430,15,14,0.1333,1.87,13.4
21419,15,14,0.1333,1.87,13.4
32630,15,14,0.1333,1.87,13.4
32582,15,14,0.1333,1.87,13.4
288,32,31,0.0625,1.94,13.4
2893,15,14,0.1333,1.87,13.4
20130,15,14,0.1333,1.87,13.4
18172,15,14,0.1333,1.87,13.4
26928,15,14,0.1333,1.87,13.4
12991,15,14,0.1333,1.87,13.4
12962,15,14,0.1333,1.87,13.4
26049,15,14,0.1333,1.87,13.4
25234,15,14,0.1333,1.87,13.4
25233,15,14,0.1333,1.87,13.4
10801,15,14,0.1333,1.87,13.4
8790,15,14,0.1333,1.87,13.4
14798,15,14,0.1333,1.87,13.4
14582,15,14,0.1333,1.87,13.4
14579,15,14,0.1333,1.87,13.4
14676,15,14,0.1333,1.87,13.4
14669,15,14,0.1333,1.87,13.4
25252,15,14,0.1333,1.87,13.4
13279,15,14,0.1333,1.87,13.4
13206,15,14,0.1333,1.87,13.4
24676,15,14,0.1333,1.87,13.4
12929,15,14,0.1333,1.87,13.4
39940,15,14,0.1333,1.87,13.4
26637,15,14,0.1333,1.87,13.4
21417,15,14,0.1333,1.87,13.4
28454,15,14,0.1333,1.87,13.4
28426,15,14,0.1333,1.87,13.4
31402,15,14,0.1333,1.87,13.4
20584,15,14,0.1333,1.87,13.4
22909,15,14,0.1333,1.87,13.4
10517,15,14,0.1333,1.87,13.4
34505,15,14,0.1333,1.87,13.4
34407,15,14,0.1333,1.87,13.4
8811,15,14,0.1333,1.87,13.4
6306,15,14,0.1333,1.87,13.4
6271,15,14,0.1333,1.87,13.4
24683,15,14,0.1333,1.87,13.4
16884,15,14,0.1333,1.87,13.4
16854,15,14,0.1333,1.87,13.4
16823,15,14,0.1333,1.87,13.4
20441,15,14,0.1333,1.87,13.4
5490,15,14,0.1333,1.87,13.4
27000,15,14,0.1333,1.87,13.4
26205,15,14,0.1333,1.87,13.4
33930,15,14,0.1333,1.87,13.4
21891,15,14,0.1333,1.87,13.4
2771,15,14,0.1333,1.87,13.4
2977,32,31,0.0625,1.94,13.4
25260,15,14,0.1333,1.87,13.4
22824,15,14,0.1333,1.87,13.4
27633,15,14,0.1333,1.87,13.4
27617,15,14,0.1333,1.87,13.4
12867,15,14,0.1333,1.87,13.4
27669,15,14,0.1333,1.87,13.4
27668,15,14,0.1333,1.87,13.4
27649,15,14,0.1333,1.87,13.4
21097,15,14,0.1333,1.87,13.4
26572,15,14,0.1333,1.87,13.4
33834,15,14,0.1333,1.87,13.4
8929,15,14,0.1333,1.87,13.4
25593,15,14,0.1333,1.87,13.4
8920,15,14,0.1333,1.87,13.4
8918,15,14,0.1333,1.87,13.4
8614,15,14,0.1333,1.87,13.4
20146,15,14,0.1333,1.87,13.4
23772,15,14,0.1333,1.87,13.4
14983,15,14,0.1333,1.87,13.4
14976,15,14,0.1333,1.87,13.4
14939,15,14,0.1333,1.87,13.4
14931,15,14,0.1333,1.87,13.4
15050,15,14,0.1333,1.87,13.4
5399,32,31,0.0625,1.94,13.4
16658,15,14,0.1333,1.87,13.4
2772,15,14,0.1333,1.87,13.4
10152,15,14,0.1333,1.87,13.4
24603,15,14,0.1333,1.87,13.4
19179,15,14,0.1333,1.87,13.4
19169,15,14,0.1333,1.87,13.4
10282,15,14,0.1333,1.87,13.4
10342,15,14,0.1333,1.87,13.4
22030,15,14,0.1333,1.87,13.4
12703,15,14,0.1333,1.87,13.4
24782,15,14,0.1333,1.87,13.4
25141,15,14,0.1333,1.87,13.4
5212,15,14,0.1333,1.87,13.4
11092,15,14,0.1333,1.87,13.4
3857,15,14,0.1333,1.87,13.4
3760,15,14,0.1333,1.87,13.4
14558,15,14,0.1333,1.87,13.4
14543,15,14,0.1333,1.87,13.4
23959,15,14,0.1333,1.87,13.4
29530,15,14,0.1333,1.87,13.4
8978,15,14,0.1333,1.87,13.4
8780,32,31,0.0625,1.94,13.4
27854,15,14,0.1333,1.87,13.4
24518,15,14,0.1333,1.87,13.4
25322,15,14,0.1333,1.87,13.4
3659,15,14,0.1333,1.87,13.4
22663,15,14,0.1333,1.87,13.4
5126,15,14,0.1333,1.87,13.4
12624,15,14,0.1333,1.87,13.4
12605,15,14,0.1333,1.87,13.4
27583,15,14,0.1333,1.87,13.4
25304,15,14,0.1333,1.87,13.4
10138,15,14,0.1333,1.87,13.4
10250,15,14,0.1333,1.87,13.4
18540,15,14,0.1333,1.87,13.4
18531,15,14,0.1333,1.87,13.4
26853,15,14,0.1333,1.87,13.4
13349,15,14,0.1333,1.87,13.4
34894,15,14,0.1333,1.87,13.4
16149,15,14,0.1333,1.87,13.4
40262,15,14,0.1333,1.87,13.4
10073,15,14,0.1333,1.87,13.4
18902,15,14,0.1333,1.87,13.4
21391,15,14,0.1333,1.87,13.4
29141,15,14,0.1333,1.87,13.4
542,15,14,0.1333,1.87,13.4
21118,15,14,0.1333,1.87,13.4
17926,15,14,0.1333,1.87,13.4
30654,15,14,0.1333,1.87,13.4
6454,15,14,0.1333,1.87,13.4
19447,15,14,0.1333,1.87,13.4
18443,15,14,0.1333,1.87,13.4
10044,32,31,0.0625,1.94,13.4
10039,15,14,0.1333,1.87,13.4
10010,15,14,0.1333,1.87,13.4
13602,15,14,0.1333,1.87,13.4
17892,15,14,0.1333,1.87,13.4
22083,15,14,0.1333,1.87,13.4
22043,15,14,0.1333,1.87,13.4
27135,15,14,0.1333,1.87,13.4
11312,15,14,0.1333,1.87,13.4
11266,15,14,0.1333,1.87,13.4
13546,15,14,0.1333,1.87,13.4
29597,15,14,0.1333,1.87,13.4
8938,15,14,0.1333,1.87,13.4
21538,15,14,0.1333,1.87,13.4
7343,15,14,0.1333,1.87,13.4
15979,15,14,0.1333,1.87,13.4
20086,15,14,0.1333,1.87,13.4
20085,15,14,0.1333,1.87,13.4
9988,15,14,0.1333,1.87,13.4
5184,32,31,0.0625,1.94,13.4
5128,15,14,0.1333,1.87,13.4
8361,15,14,0.1333,1.87,13.4
21386,15,14,0.1333,1.87,13.4
17248,15,14,0.1333,1.87,13.4
23015,15,14,0.1333,1.87,13.4
22995,15,14,0.1333,1.87,13.4
13636,15,14,0.1333,1.87,13.4
26742,15,14,0.1333,1.87,13.4
25926,15,14,0.1333,1.87,13.4
30545,15,14,0.1333,1.87,13.4
7266,15,14,0.1333,1.87,13.4
14561,15,14,0.1333,1.87,13.4
11351,15,14,0.1333,1.87,13.4
27543,15,14,0.1333,1.87,13.4
33428,15,14,0.1333,1.87,13.4
12559,15,14,0.1333,1.87,13.4
4116,15,14,0.1333,1.87,13.4
31978,15,14,0.1333,1.87,13.4
12398,15,14,0.1333,1.87,13.4
28297,15,14,0.1333,1.87,13.4
9019,15,14,0.1333,1.87,13.4
9011,15,14,0.1333,1.87,13.4
19568,15,14,0.1333,1.87,13.4
14521,15,14,0.1333,1.87,13.4
14478,15,14,0.1333,1.87,13.4
14422,15,14,0.1333,1.87,13.4
13662,15,14,0.1333,1.87,13.4
22597,15,14,0.1333,1.87,13.4
22595,15,14,0.1333,1.87,13.4
22593,15,14,0.1333,1.87,13.4
8284,15,14,0.1333,1.87,13.4
22345,15,14,0.1333,1.87,13.4
28802,15,14,0.1333,1.87,13.4
20279,15,14,0.1333,1.87,13.4
20265,15,14,0.1333,1.87,13.4
24443,15,14,0.1333,1.87,13.4
172,32,31,0.0625,1.94,13.4
2549,15,14,0.1333,1.87,13.4
13694,15,14,0.1333,1.87,13.4
13690,15,14,0.1333,1.87,13.4
9848,15,14,0.1333,1.87,13.4
20795,15,14,0.1333,1.87,13.4
9831,15,14,0.1333,1.87,13.4
6635,15,14,0.1333,1.87,13.4
6834,15,14,0.1333,1.87,13.4
20198,15,14,0.1333,1.87,13.4
22145,15,14,0.1333,1.87,13.4
11491,15,14,0.1333,1.87,13.4
32116,15,14,0.1333,1.87,13.4
32102,15,14,0.1333,1.87,13.4
12438,15,14,0.1333,1.87,13.4
12437,15,14,0.1333,1.87,13.4
33370,15,14,0.1333,1.87,13.4
6833,15,14,0.1333,1.87,13.4
6819,15,14,0.1333,1.87,13.4
30329,15,14,0.1333,1.87,13.4
9872,15,14,0.1333,1.87,13.4
30450,15,14,0.1333,1.87,13.4
35563,15,14,0.1333,1.87,13.4
13904,15,14,0.1333,1.87,13.4
13807,15,14,0.1333,1.87,13.4
39204,15,14,0.1333,1.87,13.4
8298,15,14,0.1333,1.87,13.4
21164,15,14,0.1333,1.87,13.4
23362,15,14,0.1333,1.87,13.4
15297,15,14,0.1333,1.87,13.4
15232,15,14,0.1333,1.87,13.4
15198,15,14,0.1333,1.87,13.4
39332,15,14,0.1333,1.87,13.4
16160,15,14,0.1333,1.87,13.4
29712,15,14,0.1333,1.87,13.4
23177,15,14,0.1333,1.87,13.4
14390,15,14,0.1333,1.87,13.4
25391,15,14,0.1333,1.87,13.4
35726,15,14,0.1333,1.87,13.4
18688,15,14,0.1333,1.87,13.4
15511,15,14,0.1333,1.87,13.4
44099,15,14,0.1333,1.87,13.4
17360,15,14,0.1333,1.87,13.4
19311,15,14,0.1333,1.87,13.4
32247,15,14,0.1333,1.87,13.4
32222,15,14,0.1333,1.87,13.4
11764,15,14,0.1333,1.87,13.4
4809,15,14,0.1333,1.87,13.4
4918,32,31,0.0625,1.94,13.4
26248,15,14,0.1333,1.87,13.4
16485,15,14,0.1333,1.87,13.4
1957,15,14,0.1333,1.87,13.4
2212,15,14,0.1333,1.87,13.4
2198,15,14,0.1333,1.87,13.4
1456,15,14,0.1333,1.87,13.4
16270,15,14,0.1333,1.87,13.4
16478,15,14,0.1333,1.87,13.4
27436,15,14,0.1333,1.87,13.4
27411,15,14,0.1333,1.87,13.4
19022,15,14,0.1333,1.87,13.4
21320,15,14,0.1333,1.87,13.4
21313,15,14,0.1333,1.87,13.4
18969,15,14,0.1333,1.87,13.4
21262,15,14,0.1333,1.87,13.4
7026,32,31,0.0625,1.94,13.4
20884,15,14,0.1333,1.87,13.4
20835,15,14,0.1333,1.87,13.4
9631,15,14,0.1333,1.87,13.4
25384,15,14,0.1333,1.87,13.4
35990,15,14,0.1333,1.87,13.4
4173,15,14,0.1333,1.87,13.4
4318,32,31,0.0625,1.94,13.4
27145,15,14,0.1333,1.87,13.4
17455,15,14,0.1333,1.87,13.4
22514,15,14,0.1333,1.87,13.4
24910,15,14,0.1333,1.87,13.4
33091,15,14,0.1333,1.87,13.4
35897,15,14,0.1333,1.87,13.4
40877,15,14,0.1333,1.87,13.4
7098,15,14,0.1333,1.87,13.4
36379,15,14,0.1333,1.87,13.4
1626,15,14,0.1333,1.87,13.4
1621,15,14,0.1333,1.87,13.4
19117,15,14,0.1333,1.87,13.4
19114,15,14,0.1333,1.87,13.4
1509,15,14,0.1333,1.87,13.4
14328,15,14,0.1333,1.87,13.4
14324,15,14,0.1333,1.87,13.4
9475,15,14,0.1333,1.87,13.4
9596,15,14,0.1333,1.87,13.4
9593,15,14,0.1333,1.87,13.4
9590,15,14,0.1333,1.87,13.4
15544,15,14,0.1333,1.87,13.4
19479,15,14,0.1333,1.87,13.4
19918,15,14,0.1333,1.87,13.4
35954,15,14,0.1333,1.87,13.4
14024,15,14,0.1333,1.87,13.4
21653,15,14,0.1333,1.87,13.4
21693,15,14,0.1333,1.87,13.4
9643,15,14,0.1333,1.87,13.4
6941,15,14,0.1333,1.87,13.4
24325,15,14,0.1333,1.87,13.4
21662,15,14,0.1333,1.87,13.4
21658,15,14,0.1333,1.87,13.4
11824,15,14,0.1333,1.87,13.4
17866,15,14,0.1333,1.87,13.4
17855,15,14,0.1333,1.87,13.4
20424,15,14,0.1333,1.87,13.4
19360,15,14,0.1333,1.87,13.4
19340,15,14,0.1333,1.87,13.4
32389,15,14,0.1333,1.87,13.4
4452,15,14,0.1333,1.87,13.4
12149,15,14,0.1333,1.87,13.4
18749,15,14,0.1333,1.87,13.4
21621,15,14,0.1333,1.87,13.4
21646,15,14,0.1333,1.87,13.4
23129,15,14,0.1333,1.87,13.4
14353,15,14,0.1333,1.87,13.4
14084,15,14,0.1333,1.87,13.4
4381,15,14,0.1333,1.87,13.4
27241,15,14,0.1333,1.87,13.4
22182,15,14,0.1333,1.87,13.4
24982,15,14,0.1333,1.87,13.4
4721,32,31,0.0625,1.94,13.4
79,15,14,0.1333,1.87,13.4
4490,15,14,0.1333,1.87,13.4
12105,15,14,0.1333,1.87,13.4
14232,15,14,0.1333,1.87,13.4
1628,15,14,0.1333,1.87,13.4
19492,15,14,0.1333,1.87,13.4
14004,15,14,0.1333,1.87,13.4
20922,15,14,0.1333,1.87,13.4
20901,15,14,0.1333,1.87,13.4
9437,15,14,0.1333,1.87,13.4
98,15,14,0.1333,1.87,13.4
22336,15,14,0.1333,1.87,13.4
12087,15,14,0.1333,1.87,13.4
28601,15,14,0.1333,1.87,13.4
23617,15,14,0.1333,1.87,13.4
23596,15,14,0.1333,1.87,13.4
296,15,14,0.1333,1.87,13.4
4619,32,31,0.0625,1.94,13.4
9447,15,14,0.1333,1.87,13.4
7223,15,14,0.1333,1.87,13.4
7218,15,14,0.1333,1.87,13.4
7283,32,31,0.0625,1.94,13.4
29800,15,14,0.1333,1.87,13.4
16373,15,14,0.1333,1.87,13.4
14131,15,14,0.1333,1.87,13.4
18378,15,14,0.1333,1.87,13.4
14128,15,14,0.1333,1.87,13.4
25739,15,14,0.1333,1.87,13.4
28645,15,14,0.1333,1.87,13.4
248,15,14,0.1333,1.87,13.4
8224,15,14,0.1333,1.87,13.4
9355,15,14,0.1333,1.87,13.4
9353,15,14,0.1333,1.87,13.4
9351,15,14,0.1333,1.87,13.4
14177,15,14,0.1333,1.87,13.4
36338,15,14,0.1333,1.87,13.4
23107,15,14,0.1333,1.87,13.4
16425,15,14,0.1333,1.87,13.4
7224,15,14,0.1333,1.87,13.4
29828,15,14,0.1333,1.87,13.4
29825,15,14,0.1333,1.87,13.4
4535,32,31,0.0625,1.94,13.4
4906,31,30,0.0645,1.94,13.3
4908,31,30,0.0645,1.94,13.3
9188,31,30,0.0645,1.94,13.3
14050,31,30,0.0645,1.94,13.3
134,31,30,0.0645,1.94,13.3
5050,31,30,0.0645,1.94,13.3
5211,31,30,0.0645,1.94,13.3
8365,31,30,0.0645,1.94,13.3
3604,31,30,0.0645,1.94,13.3
756,31,30,0.0645,1.94,13.3
3244,31,30,0.0645,1.94,13.3
7478,31,30,0.0645,1.94,13.3
6486,31,30,0.0645,1.94,13.3
6397,31,30,0.0645,1.94,13.3
2602,31,30,0.0645,1.94,13.3
2271,31,30,0.0645,1.94,13.3
6556,31,30,0.0645,1.94,13.3
1194,31,30,0.0645,1.94,13.3
6627,31,30,0.0645,1.94,13.3
4545,31,30,0.0645,1.94,13.3
4608,31,30,0.0645,1.94,13.3
7974,31,30,0.0645,1.94,13.3
8006,31,30,0.0645,1.94,13.3
12079,16,15,0.125,1.88,13.2
32567,16,15,0.125,1.88,13.2
26341,16,15,0.125,1.88,13.2
12064,16,15,0.125,1.88,13.2
12056,16,15,0.125,1.88,13.2
17622,16,15,0.125,1.88,13.2
11918,16,15,0.125,1.88,13.2
11986,16,15,0.125,1.88,13.2
4550,16,15,0.125,1.88,13.2
4639,30,29,0.0667,1.93,13.2
28858,16,15,0.125,1.88,13.2
8113,16,15,0.125,1.88,13.2
8083,16,15,0.125,1.88,13.2
32310,16,15,0.125,1.88,13.2
11755,16,15,0.125,1.88,13.2
17374,16,15,0.125,1.88,13.2
4293,16,15,0.125,1.88,13.2
17475,16,15,0.125,1.88,13.2
27154,16,15,0.125,1.88,13.2
4172,16,15,0.125,1.88,13.2
25001,16,15,0.125,1.88,13.2
21274,16,15,0.125,1.88,13.2
18970,16,15,0.125,1.88,13.2
21319,16,15,0.125,1.88,13.2
19025,16,15,0.125,1.88,13.2
11579,16,15,0.125,1.88,13.2
4184,30,29,0.0667,1.93,13.2
32074,16,15,0.125,1.88,13.2
4996,16,15,0.125,1.88,13.2
9707,16,15,0.125,1.88,13.2
14406,16,15,0.125,1.88,13.2
24056,16,15,0.125,1.88,13.2
9248,16,15,0.125,1.88,13.2
16177,16,15,0.125,1.88,13.2
16268,16,15,0.125,1.88,13.2
19990,16,15,0.125,1.88,13.2
26759,16,15,0.125,1.88,13.2
13756,16,15,0.125,1.88,13.2
2187,16,15,0.125,1.88,13.2
41176,16,15,0.125,1.88,13.2
2054,16,15,0.125,1.88,13.2
1835,30,29,0.0667,1.93,13.2
6882,30,29,0.0667,1.93,13.2
21772,16,15,0.125,1.88,13.2
21818,16,15,0.125,1.88,13.2
14038,16,15,0.125,1.88,13.2
25441,16,15,0.125,1.88,13.2
2423,16,15,0.125,1.88,13.2
14459,16,15,0.125,1.88,13.2
1048,16,15,0.125,1.88,13.2
20797,16,15,0.125,1.88,13.2
20808,16,15,0.125,1.88,13.2
6674,30,29,0.0667,1.93,13.2
6708,16,15,0.125,1.88,13.2
9963,16,15,0.125,1.88,13.2
30441,16,15,0.125,1.88,13.2
35477,16,15,0.125,1.88,13.2
28011,16,15,0.125,1.88,13.2
28017,16,15,0.125,1.88,13.2
9720,16,15,0.125,1.88,13.2
6827,16,15,0.125,1.88,13.2
25374,16,15,0.125,1.88,13.2
6607,16,15,0.125,1.88,13.2
30594,16,15,0.125,1.88,13.2
1894,16,15,0.125,1.88,13.2
13953,16,15,0.125,1.88,13.2
24387,16,15,0.125,1.88,13.2
35991,16,15,0.125,1.88,13.2
1520,16,15,0.125,1.88,13.2
1325,16,15,0.125,1.88,13.2
1358,16,15,0.125,1.88,13.2
28242,16,15,0.125,1.88,13.2
9488,16,15,0.125,1.88,13.2
7105,30,29,0.0667,1.93,13.2
41046,16,15,0.125,1.88,13.2
16321,16,15,0.125,1.88,13.2
40925,16,15,0.125,1.88,13.2
30564,16,15,0.125,1.88,13.2
22912,16,15,0.125,1.88,13.2
13455,16,15,0.125,1.88,13.2
25934,16,15,0.125,1.88,13.2
16569,16,15,0.125,1.88,13.2
16610,16,15,0.125,1.88,13.2
13553,16,15,0.125,1.88,13.2
26765,16,15,0.125,1.88,13.2
37039,16,15,0.125,1.88,13.2
7374,16,15,0.125,1.88,13.2
7383,30,29,0.0667,1.93,13.2
14419,16,15,0.125,1.88,13.2
13531,16,15,0.125,1.88,13.2
13547,16,15,0.125,1.88,13.2
16538,16,15,0.125,1.88,13.2
10055,16,15,0.125,1.88,13.2
30801,16,15,0.125,1.88,13.2
30862,16,15,0.125,1.88,13.2
19168,16,15,0.125,1.88,13.2
20702,16,15,0.125,1.88,13.2
20783,16,15,0.125,1.88,13.2
13489,16,15,0.125,1.88,13.2
34864,16,15,0.125,1.88,13.2
27890,16,15,0.125,1.88,13.2
10292,16,15,0.125,1.88,13.2
10309,16,15,0.125,1.88,13.2
8765,16,15,0.125,1.88,13.2
21465,16,15,0.125,1.88,13.2
21481,16,15,0.125,1.88,13.2
28338,16,15,0.125,1.88,13.2
14539,16,15,0.125,1.88,13.2
18567,16,15,0.125,1.88,13.2
5991,16,15,0.125,1.88,13.2
6069,30,29,0.0667,1.93,13.2
25280,16,15,0.125,1.88,13.2
25294,16,15,0.125,1.88,13.2
10422,16,15,0.125,1.88,13.2
10497,16,15,0.125,1.88,13.2
27761,16,15,0.125,1.88,13.2
34650,16,15,0.125,1.88,13.2
13331,30,29,0.0667,1.93,13.2
2756,16,15,0.125,1.88,13.2
6310,30,29,0.0667,1.93,13.2
8872,16,15,0.125,1.88,13.2
29395,16,15,0.125,1.88,13.2
21035,16,15,0.125,1.88,13.2
29476,16,15,0.125,1.88,13.2
10223,16,15,0.125,1.88,13.2
19765,16,15,0.125,1.88,13.2
21444,16,15,0.125,1.88,13.2
7515,16,15,0.125,1.88,13.2
7520,16,15,0.125,1.88,13.2
7522,16,15,0.125,1.88,13.2
16778,16,15,0.125,1.88,13.2
22875,16,15,0.125,1.88,13.2
13135,16,15,0.125,1.88,13.2
20091,16,15,0.125,1.88,13.2
18332,16,15,0.125,1.88,13.2
18411,16,15,0.125,1.88,13.2
20588,16,15,0.125,1.88,13.2
23919,16,15,0.125,1.88,13.2
14674,16,15,0.125,1.88,13.2
10581,16,15,0.125,1.88,13.2
13298,16,15,0.125,1.88,13.2
16061,16,15,0.125,1.88,13.2
34088,16,15,0.125,1.88,13.2
12877,16,15,0.125,1.88,13.2
24626,16,15,0.125,1.88,13.2
10820,16,15,0.125,1.88,13.2
20497,16,15,0.125,1.88,13.2
19207,16,15,0.125,1.88,13.2
10655,16,15,0.125,1.88,13.2
2814,30,29,0.0667,1.93,13.2
34197,16,15,0.125,1.88,13.2
34288,16,15,0.125,1.88,13.2
10721,16,15,0.125,1.88,13.2
31077,16,15,0.125,1.88,13.2
5750,16,15,0.125,1.88,13.2
5644,16,15,0.125,1.88,13.2
15906,16,15,0.125,1.88,13.2
8404,16,15,0.125,1.88,13.2
8465,16,15,0.125,1.88,13.2
8467,16,15,0.125,1.88,13.2
19782,16,15,0.125,1.88,13.2
3608,16,15,0.125,1.88,13.2
5612,16,15,0.125,1.88,13.2
20562,16,15,0.125,1.88,13.2
16872,16,15,0.125,1.88,13.2
16911,16,15,0.125,1.88,13.2
3546,16,15,0.125,1.88,13.2
5560,16,15,0.125,1.88,13.2
31441,16,15,0.125,1.88,13.2
31460,16,15,0.125,1.88,13.2
10887,30,29,0.0667,1.93,13.2
23858,16,15,0.125,1.88,13.2
8593,16,15,0.125,1.88,13.2
5396,16,15,0.125,1.88,13.2
8400,16,15,0.125,1.88,13.2
14941,16,15,0.125,1.88,13.2
14974,16,15,0.125,1.88,13.2
8375,16,15,0.125,1.88,13.2
19083,16,15,0.125,1.88,13.2
23770,16,15,0.125,1.88,13.2
19404,16,15,0.125,1.88,13.2
20167,16,15,0.125,1.88,13.2
31597,16,15,0.125,1.88,13.2
10918,16,15,0.125,1.88,13.2
42667,16,15,0.125,1.88,13.2
31485,16,15,0.125,1.88,13.2
22717,16,15,0.125,1.88,13.2
22721,16,15,0.125,1.88,13.2
15917,16,15,0.125,1.88,13.2
17966,16,15,0.125,1.88,13.2
21119,16,15,0.125,1.88,13.2
23208,16,15,0.125,1.88,13.2
388,16,15,0.125,1.88,13.2
27593,16,15,0.125,1.88,13.2
5367,16,15,0.125,1.88,13.2
17187,16,15,0.125,1.88,13.2
18106,16,15,0.125,1.88,13.2
3682,16,15,0.125,1.88,13.2
3740,30,29,0.0667,1.93,13.2
5412,16,15,0.125,1.88,13.2
24751,16,15,0.125,1.88,13.2
12700,16,15,0.125,1.88,13.2
33661,16,15,0.125,1.88,13.2
47369,16,15,0.125,1.88,13.2
18009,16,15,0.125,1.88,13.2
11326,16,15,0.125,1.88,13.2
8296,30,29,0.0667,1.93,13.2
39688,16,15,0.125,1.88,13.2
15899,16,15,0.125,1.88,13.2
23337,16,15,0.125,1.88,13.2
28563,16,15,0.125,1.88,13.2
11180,16,15,0.125,1.88,13.2
5136,16,15,0.125,1.88,13.2
27538,16,15,0.125,1.88,13.2
11268,16,15,0.125,1.88,13.2
11281,16,15,0.125,1.88,13.2
19270,16,15,0.125,1.88,13.2
3917,16,15,0.125,1.88,13.2
4017,16,15,0.125,1.88,13.2
17948,16,15,0.125,1.88,13.2
17952,16,15,0.125,1.88,13.2
23683,16,15,0.125,1.88,13.2
19760,16,15,0.125,1.88,13.2
408,16,15,0.125,1.88,13.2
411,16,15,0.125,1.88,13.2
7812,16,15,0.125,1.88,13.2
7749,16,15,0.125,1.88,13.2
7751,30,29,0.0667,1.93,13.2
27067,16,15,0.125,1.88,13.2
5032,16,15,0.125,1.88,13.2
5064,16,15,0.125,1.88,13.2
11524,16,15,0.125,1.88,13.2
11416,16,15,0.125,1.88,13.2
4049,30,29,0.0667,1.93,13.2
12488,16,15,0.125,1.88,13.2
12619,16,15,0.125,1.88,13.2
5074,16,15,0.125,1.88,13.2
18005,16,15,0.125,1.88,13.2
26110,16,15,0.125,1.88,13.2
25501,16,15,0.125,1.88,13.2
18807,16,15,0.125,1.88,13.2
29833,16,15,0.125,1.88,13.2
24261,16,15,0.125,1.88,13.2
1707,16,15,0.125,1.88,13.2
9542,16,15,0.125,1.88,13.2
9434,16,15,0.125,1.88,13.2
7069,16,15,0.125,1.88,13.2
19488,16,15,0.125,1.88,13.2
14262,16,15,0.125,1.88,13.2
20331,16,15,0.125,1.88,13.2
15505,16,15,0.125,1.88,13.2
15599,16,15,0.125,1.88,13.2
4967,16,15,0.125,1.88,13.2
12391,16,15,0.125,1.88,13.2
33324,16,15,0.125,1.88,13.2
22579,16,15,0.125,1.88,13.2
22582,16,15,0.125,1.88,13.2
17408,16,15,0.125,1.88,13.2
27405,16,15,0.125,1.88,13.2
15189,16,15,0.125,1.88,13.2
15221,16,15,0.125,1.88,13.2
8271,16,15,0.125,1.88,13.2
12402,16,15,0.125,1.88,13.2
12403,16,15,0.125,1.88,13.2
12425,16,15,0.125,1.88,13.2
32120,16,15,0.125,1.88,13.2
11493,16,15,0.125,1.88,13.2
32070,16,15,0.125,1.88,13.2
22147,16,15,0.125,1.88,13.2
23434,16,15,0.125,1.88,13.2
12083,16,15,0.125,1.88,13.2
22302,16,15,0.125,1.88,13.2
11851,16,15,0.125,1.88,13.2
9392,16,15,0.125,1.88,13.2
9403,16,15,0.125,1.88,13.2
1563,30,29,0.0667,1.93,13.2
36165,16,15,0.125,1.88,13.2
14226,16,15,0.125,1.88,13.2
14172,16,15,0.125,1.88,13.2
101,30,29,0.0667,1.93,13.2
15,16,15,0.125,1.88,13.2
21218,16,15,0.125,1.88,13.2
28680,16,15,0.125,1.88,13.2
282,16,15,0.125,1.88,13.2
20332,16,15,0.125,1.88,13.2
9570,30,29,0.0667,1.93,13.2
4632,16,15,0.125,1.88,13.2
15714,16,15,0.125,1.88,13.2
15723,30,29,0.0667,1.93,13.2
15734,16,15,0.125,1.88,13.2
4481,30,29,0.0667,1.93,13.2
4485,16,15,0.125,1.88,13.2
22192,16,15,0.125,1.88,13.2
27207,16,15,0.125,1.88,13.2
19365,16,15,0.125,1.88,13.2
11814,16,15,0.125,1.88,13.2
25013,16,15,0.125,1.88,13.2
36092,16,15,0.125,1.88,13.2
29999,16,15,0.125,1.88,13.2
7213,16,15,0.125,1.88,13.2
28192,16,15,0.125,1.88,13.2
9429,29,28,0.069,1.93,13.11
9676,29,28,0.069,1.93,13.11
348,29,28,0.069,1.93,13.11
8294,29,28,0.069,1.93,13.11
6822,29,28,0.069,1.93,13.11
4133,29,28,0.069,1.93,13.11
12359,29,28,0.069,1.93,13.11
4169,29,28,0.069,1.93,13.11
4178,29,28,0.069,1.93,13.11
14421,29,28,0.069,1.93,13.11
6502,29,28,0.069,1.93,13.11
1579,29,28,0.069,1.93,13.11
1623,29,28,0.069,1.93,13.11
6469,29,28,0.069,1.93,13.11
3058,29,28,0.069,1.93,13.11
4460,29,28,0.069,1.93,13.11
5707,29,28,0.069,1.93,13.11
4995,29,28,0.069,1.93,13.11
11745,29,28,0.069,1.93,13.11
8474,29,28,0.069,1.93,13.11
8652,29,28,0.069,1.93,13.11
10676,29,28,0.069,1.93,13.11
4497,29,28,0.069,1.93,13.11
3641,29,28,0.069,1.93,13.11
5653,29,28,0.069,1.93,13.11
12080,29,28,0.069,1.93,13.11
5400,29,28,0.069,1.93,13.11
4553,29,28,0.069,1.93,13.11
4999,29,28,0.069,1.93,13.11
5210,29,28,0.069,1.93,13.11
4641,29,28,0.069,1.93,13.11
100,29,28,0.069,1.93,13.11
145,29,28,0.069,1.93,13.11
6947,29,28,0.069,1.93,13.11
957,29,28,0.069,1.93,13.11
6844,29,28,0.069,1.93,13.11
4671,29,28,0.069,1.93,13.11
8071,17,16,0.1176,1.88,13.05
8069,17,16,0.1176,1.88,13.05
8067,17,16,0.1176,1.88,13.05
8001,17,16,0.1176,1.88,13.05
27394,17,16,0.1176,1.88,13.05
27385,17,16,0.1176,1.88,13.05
17753,17,16,0.1176,1.88,13.05
4826,17,16,0.1176,1.88,13.05
11633,17,16,0.1176,1.88,13.05
28857,17,16,0.1176,1.88,13.05
21197,17,16,0.1176,1.88,13.05
28624,17,16,0.1176,1.88,13.05
21318,17,16,0.1176,1.88,13.05
21265,17,16,0.1176,1.88,13.05
11816,17,16,0.1176,1.88,13.05
12690,17,16,0.1176,1.88,13.05
28119,17,16,0.1176,1.88,13.05
27994,17,16,0.1176,1.88,13.05
14802,17,16,0.1176,1.88,13.05
30283,17,16,0.1176,1.88,13.05
9688,17,16,0.1176,1.88,13.05
9571,17,16,0.1176,1.88,13.05
21684,17,16,0.1176,1.88,13.05
130,17,16,0.1176,1.88,13.05
127,17,16,0.1176,1.88,13.05
84,17,16,0.1176,1.88,13.05
5067,17,16,0.1176,1.88,13.05
5065,17,16,0.1176,1.88,13.05
4633,17,16,0.1176,1.88,13.05
22998,17,16,0.1176,1.88,13.05
13635,17,16,0.1176,1.88,13.05
13604,17,16,0.1176,1.88,13.05
13532,17,16,0.1176,1.88,13.05
13512,17,16,0.1176,1.88,13.05
11112,17,16,0.1176,1.88,13.05
11273,17,16,0.1176,1.88,13.05
27541,17,16,0.1176,1.88,13.05
27520,17,16,0.1176,1.88,13.05
5188,17,16,0.1176,1.88,13.05
24670,17,16,0.1176,1.88,13.05
20145,17,16,0.1176,1.88,13.05
291,17,16,0.1176,1.88,13.05
31889,17,16,0.1176,1.88,13.05
2215,17,16,0.1176,1.88,13.05
2213,17,16,0.1176,1.88,13.05
2299,17,16,0.1176,1.88,13.05
7581,17,16,0.1176,1.88,13.05
7553,17,16,0.1176,1.88,13.05
7636,17,16,0.1176,1.88,13.05
18913,17,16,0.1176,1.88,13.05
7595,17,16,0.1176,1.88,13.05
8460,17,16,0.1176,1.88,13.05
20433,17,16,0.1176,1.88,13.05
13509,17,16,0.1176,1.88,13.05
24506,17,16,0.1176,1.88,13.05
4533,17,16,0.1176,1.88,13.05
4531,17,16,0.1176,1.88,13.05
32733,17,16,0.1176,1.88,13.05
13112,17,16,0.1176,1.88,13.05
13066,17,16,0.1176,1.88,13.05
13235,17,16,0.1176,1.88,13.05
29247,17,16,0.1176,1.88,13.05
21095,17,16,0.1176,1.88,13.05
28513,17,16,0.1176,1.88,13.05
5142,17,16,0.1176,1.88,13.05
20388,17,16,0.1176,1.88,13.05
12074,17,16,0.1176,1.88,13.05
12118,17,16,0.1176,1.88,13.05
12109,17,16,0.1176,1.88,13.05
4537,17,16,0.1176,1.88,13.05
10821,17,16,0.1176,1.88,13.05
13863,17,16,0.1176,1.88,13.05
35599,17,16,0.1176,1.88,13.05
10888,17,16,0.1176,1.88,13.05
19302,17,16,0.1176,1.88,13.05
20476,17,16,0.1176,1.88,13.05
31355,17,16,0.1176,1.88,13.05
15141,17,16,0.1176,1.88,13.05
15090,17,16,0.1176,1.88,13.05
23361,17,16,0.1176,1.88,13.05
19917,17,16,0.1176,1.88,13.05
24340,17,16,0.1176,1.88,13.05
22401,17,16,0.1176,1.88,13.05
33063,17,16,0.1176,1.88,13.05
31167,17,16,0.1176,1.88,13.05
19211,17,16,0.1176,1.88,13.05
7543,17,16,0.1176,1.88,13.05
7516,17,16,0.1176,1.88,13.05
15966,17,16,0.1176,1.88,13.05
14952,17,16,0.1176,1.88,13.05
15051,17,16,0.1176,1.88,13.05
10729,17,16,0.1176,1.88,13.05
10519,17,16,0.1176,1.88,13.05
10578,17,16,0.1176,1.88,13.05
20018,17,16,0.1176,1.88,13.05
13664,17,16,0.1176,1.88,13.05
31934,17,16,0.1176,1.88,13.05
31926,17,16,0.1176,1.88,13.05
15228,17,16,0.1176,1.88,13.05
15222,17,16,0.1176,1.88,13.05
15180,17,16,0.1176,1.88,13.05
8282,17,16,0.1176,1.88,13.05
7920,17,16,0.1176,1.88,13.05
21165,17,16,0.1176,1.88,13.05
7756,17,16,0.1176,1.88,13.05
32101,17,16,0.1176,1.88,13.05
11364,17,16,0.1176,1.88,13.05
5072,17,16,0.1176,1.88,13.05
12164,17,16,0.1176,1.88,13.05
20311,17,16,0.1176,1.88,13.05
4309,17,16,0.1176,1.88,13.05
22506,17,16,0.1176,1.88,13.05
17454,17,16,0.1176,1.88,13.05
22415,17,16,0.1176,1.88,13.05
33172,17,16,0.1176,1.88,13.05
12272,17,16,0.1176,1.88,13.05
14148,17,16,0.1176,1.88,13.05
23097,17,16,0.1176,1.88,13.05
16358,17,16,0.1176,1.88,13.05
19074,17,16,0.1176,1.88,13.05
29383,17,16,0.1176,1.88,13.05
27724,17,16,0.1176,1.88,13.05
21941,17,16,0.1176,1.88,13.05
10278,17,16,0.1176,1.88,13.05
30921,17,16,0.1176,1.88,13.05
25300,17,16,0.1176,1.88,13.05
26820,17,16,0.1176,1.88,13.05
16595,17,16,0.1176,1.88,13.05
10352,17,16,0.1176,1.88,13.05
10316,17,16,0.1176,1.88,13.05
21583,17,16,0.1176,1.88,13.05
18786,17,16,0.1176,1.88,13.05
21469,17,16,0.1176,1.88,13.05
9002,17,16,0.1176,1.88,13.05
8786,17,16,0.1176,1.88,13.05
8921,17,16,0.1176,1.88,13.05
8883,17,16,0.1176,1.88,13.05
9042,17,16,0.1176,1.88,13.05
17082,17,16,0.1176,1.88,13.05
10308,17,16,0.1176,1.88,13.05
27900,17,16,0.1176,1.88,13.05
6292,17,16,0.1176,1.88,13.05
1744,17,16,0.1176,1.88,13.05
10149,17,16,0.1176,1.88,13.05
10174,17,16,0.1176,1.88,13.05
18827,17,16,0.1176,1.88,13.05
28229,17,16,0.1176,1.88,13.05
29638,17,16,0.1176,1.88,13.05
21574,17,16,0.1176,1.88,13.05
21591,17,16,0.1176,1.88,13.05
21588,17,16,0.1176,1.88,13.05
1431,17,16,0.1176,1.88,13.05
24109,17,16,0.1176,1.88,13.05
36312,17,16,0.1176,1.88,13.05
24139,17,16,0.1176,1.88,13.05
7157,17,16,0.1176,1.88,13.05
9410,17,16,0.1176,1.88,13.05
9445,17,16,0.1176,1.88,13.05
7389,17,16,0.1176,1.88,13.05
12207,17,16,0.1176,1.88,13.05
4181,17,16,0.1176,1.88,13.05
9905,17,16,0.1176,1.88,13.05
21846,17,16,0.1176,1.88,13.05
21831,17,16,0.1176,1.88,13.05
21821,17,16,0.1176,1.88,13.05
20805,17,16,0.1176,1.88,13.05
1305,17,16,0.1176,1.88,13.05
25964,17,16,0.1176,1.88,13.05
25935,17,16,0.1176,1.88,13.05
27153,17,16,0.1176,1.88,13.05
2910,17,16,0.1176,1.88,13.05
2902,17,16,0.1176,1.88,13.05
12871,17,16,0.1176,1.88,13.05
12765,17,16,0.1176,1.88,13.05
555,17,16,0.1176,1.88,13.05
15945,17,16,0.1176,1.88,13.05
12432,17,16,0.1176,1.88,13.05
12424,17,16,0.1176,1.88,13.05
33512,17,16,0.1176,1.88,13.05
17323,17,16,0.1176,1.88,13.05
6528,17,16,0.1176,1.88,13.05
6809,17,16,0.1176,1.88,13.05
9722,17,16,0.1176,1.88,13.05
21657,17,16,0.1176,1.88,13.05
18739,17,16,0.1176,1.88,13.05
30006,17,16,0.1176,1.88,13.05
7209,17,16,0.1176,1.88,13.05
28160,17,16,0.1176,1.88,13.05
14723,17,16,0.1176,1.88,13.05
9775,17,16,0.1176,1.88,13.05
9828,17,16,0.1176,1.88,13.05
11860,17,16,0.1176,1.88,13.05
11857,17,16,0.1176,1.88,13.05
4690,17,16,0.1176,1.88,13.05
19309,17,16,0.1176,1.88,13.05
17592,17,16,0.1176,1.88,13.05
32528,17,16,0.1176,1.88,13.05
11955,17,16,0.1176,1.88,13.05
11945,17,16,0.1176,1.88,13.05
11894,17,16,0.1176,1.88,13.05
8331,17,16,0.1176,1.88,13.05
21376,17,16,0.1176,1.88,13.05
2525,17,16,0.1176,1.88,13.05
11557,17,16,0.1176,1.88,13.05
11549,17,16,0.1176,1.88,13.05
18693,17,16,0.1176,1.88,13.05
26731,17,16,0.1176,1.88,13.05
1064,17,16,0.1176,1.88,13.05
40457,17,16,0.1176,1.88,13.05
3890,17,16,0.1176,1.88,13.05
33801,17,16,0.1176,1.88,13.05
12772,17,16,0.1176,1.88,13.05
3775,17,16,0.1176,1.88,13.05
26635,17,16,0.1176,1.88,13.05
693,17,16,0.1176,1.88,13.05
9438,17,16,0.1176,1.88,13.05
4114,17,16,0.1176,1.88,13.05
12612,17,16,0.1176,1.88,13.05
12695,17,16,0.1176,1.88,13.05
26365,17,16,0.1176,1.88,13.05
68,17,16,0.1176,1.88,13.05
15625,17,16,0.1176,1.88,13.05
7881,28,27,0.0714,1.93,13.03
4015,28,27,0.0714,1.93,13.03
3948,28,27,0.0714,1.93,13.03
12750,28,27,0.0714,1.93,13.03
7973,28,27,0.0714,1.93,13.03
58,28,27,0.0714,1.93,13.03
9902,28,27,0.0714,1.93,13.03
11580,28,27,0.0714,1.93,13.03
412,28,27,0.0714,1.93,13.03
4797,28,27,0.0714,1.93,13.03
13538,28,27,0.0714,1.93,13.03
8273,28,27,0.0714,1.93,13.03
306,28,27,0.0714,1.93,13.03
109,28,27,0.0714,1.93,13.03
383,28,27,0.0714,1.93,13.03
4575,28,27,0.0714,1.93,13.03
7364,28,27,0.0714,1.93,13.03
7732,28,27,0.0714,1.93,13.03
6333,28,27,0.0714,1.93,13.03
10485,28,27,0.0714,1.93,13.03
3468,28,27,0.0714,1.93,13.03
7432,28,27,0.0714,1.93,13.03
10280,28,27,0.0714,1.93,13.03
6988,28,27,0.0714,1.93,13.03
7074,28,27,0.0714,1.93,13.03
4016,28,27,0.0714,1.93,13.03
5715,28,27,0.0714,1.93,13.03
4461,28,27,0.0714,1.93,13.03
228,27,26,0.0741,1.93,12.96
7408,27,26,0.0741,1.93,12.96
5155,27,26,0.0741,1.93,12.96
2220,27,26,0.0741,1.93,12.96
4910,27,26,0.0741,1.93,12.96
10063,27,26,0.0741,1.93,12.96
3261,27,26,0.0741,1.93,12.96
15692,27,26,0.0741,1.93,12.96
13387,27,26,0.0741,1.93,12.96
5153,27,26,0.0741,1.93,12.96
4964,27,26,0.0741,1.93,12.96
273,27,26,0.0741,1.93,12.96
5070,27,26,0.0741,1.93,12.96
7384,27,26,0.0741,1.93,12.96
9201,27,26,0.0741,1.93,12.96
581,27,26,0.0741,1.93,12.96
2857,27,26,0.0741,1.93,12.96
7354,27,26,0.0741,1.93,12.96
14346,27,26,0.0741,1.93,12.96
7670,27,26,0.0741,1.93,12.96
11834,27,26,0.0741,1.93,12.96
6838,27,26,0.0741,1.93,12.96
7480,27,26,0.0741,1.93,12.96
7184,27,26,0.0741,1.93,12.96
5517,27,26,0.0741,1.93,12.96
9545,27,26,0.0741,1.93,12.96
7511,27,26,0.0741,1.93,12.96
18052,27,26,0.0741,1.93,12.96
4547,27,26,0.0741,1.93,12.96
3519,27,26,0.0741,1.93,12.96
12621,27,26,0.0741,1.93,12.96
9,27,26,0.0741,1.93,12.96
173,27,26,0.0741,1.93,12.96
12444,27,26,0.0741,1.93,12.96
6175,27,26,0.0741,1.93,12.96
10563,27,26,0.0741,1.93,12.96
20313,27,26,0.0741,1.93,12.96
4310,27,26,0.0741,1.93,12.96
4305,27,26,0.0741,1.93,12.96
1956,27,26,0.0741,1.93,12.96
678,27,26,0.0741,1.93,12.96
8814,27,26,0.0741,1.93,12.96
2813,27,26,0.0741,1.93,12.96
11920,27,26,0.0741,1.93,12.96
6826,27,26,0.0741,1.93,12.96
6534,27,26,0.0741,1.93,12.96
7056,27,26,0.0741,1.93,12.96
4924,27,26,0.0741,1.93,12.96
9861,27,26,0.0741,1.93,12.96
4510,27,26,0.0741,1.93,12.96
80,27,26,0.0741,1.93,12.96
8057,27,26,0.0741,1.93,12.96
16001,18,17,0.1111,1.89,12.93
9776,18,17,0.1111,1.89,12.93
6840,18,17,0.1111,1.89,12.93
23139,18,17,0.1111,1.89,12.93
16146,18,17,0.1111,1.89,12.93
6831,18,17,0.1111,1.89,12.93
9656,18,17,0.1111,1.89,12.93
9756,18,17,0.1111,1.89,12.93
9726,18,17,0.1111,1.89,12.93
6661,18,17,0.1111,1.89,12.93
9524,18,17,0.1111,1.89,12.93
32111,18,17,0.1111,1.89,12.93
413,18,17,0.1111,1.89,12.93
8353,18,17,0.1111,1.89,12.93
20435,18,17,0.1111,1.89,12.93
5066,18,17,0.1111,1.89,12.93
26129,18,17,0.1111,1.89,12.93
22148,18,17,0.1111,1.89,12.93
13374,18,17,0.1111,1.89,12.93
16662,18,17,0.1111,1.89,12.93
12859,18,17,0.1111,1.89,12.93
12839,18,17,0.1111,1.89,12.93
14694,18,17,0.1111,1.89,12.93
4030,18,17,0.1111,1.89,12.93
12399,18,17,0.1111,1.89,12.93
4643,18,17,0.1111,1.89,12.93
13526,18,17,0.1111,1.89,12.93
13030,18,17,0.1111,1.89,12.93
12921,18,17,0.1111,1.89,12.93
12878,18,17,0.1111,1.89,12.93
3382,18,17,0.1111,1.89,12.93
3229,18,17,0.1111,1.89,12.93
24841,18,17,0.1111,1.89,12.93
12284,18,17,0.1111,1.89,12.93
33217,18,17,0.1111,1.89,12.93
6381,18,17,0.1111,1.89,12.93
20827,18,17,0.1111,1.89,12.93
14494,18,17,0.1111,1.89,12.93
14434,18,17,0.1111,1.89,12.93
36699,18,17,0.1111,1.89,12.93
1340,18,17,0.1111,1.89,12.93
34296,18,17,0.1111,1.89,12.93
13129,18,17,0.1111,1.89,12.93
290,18,17,0.1111,1.89,12.93
5090,18,17,0.1111,1.89,12.93
13737,18,17,0.1111,1.89,12.93
2321,18,17,0.1111,1.89,12.93
14869,18,17,0.1111,1.89,12.93
23875,18,17,0.1111,1.89,12.93
23865,18,17,0.1111,1.89,12.93
28292,18,17,0.1111,1.89,12.93
15575,18,17,0.1111,1.89,12.93
21198,18,17,0.1111,1.89,12.93
21605,18,17,0.1111,1.89,12.93
28240,18,17,0.1111,1.89,12.93
20918,18,17,0.1111,1.89,12.93
12874,18,17,0.1111,1.89,12.93
21544,18,17,0.1111,1.89,12.93
157,18,17,0.1111,1.89,12.93
17792,18,17,0.1111,1.89,12.93
10357,18,17,0.1111,1.89,12.93
6479,18,17,0.1111,1.89,12.93
11787,18,17,0.1111,1.89,12.93
14410,18,17,0.1111,1.89,12.93
41676,18,17,0.1111,1.89,12.93
25732,18,17,0.1111,1.89,12.93
8388,18,17,0.1111,1.89,12.93
7695,18,17,0.1111,1.89,12.93
7760,18,17,0.1111,1.89,12.93
7759,18,17,0.1111,1.89,12.93
26355,18,17,0.1111,1.89,12.93
24508,18,17,0.1111,1.89,12.93
42,18,17,0.1111,1.89,12.93
153,18,17,0.1111,1.89,12.93
29523,18,17,0.1111,1.89,12.93
8784,18,17,0.1111,1.89,12.93
10313,18,17,0.1111,1.89,12.93
26383,18,17,0.1111,1.89,12.93
30742,18,17,0.1111,1.89,12.93
10157,18,17,0.1111,1.89,12.93
27951,18,17,0.1111,1.89,12.93
9199,18,17,0.1111,1.89,12.93
11075,18,17,0.1111,1.89,12.93
13159,18,17,0.1111,1.89,12.93
2996,18,17,0.1111,1.89,12.93
12992,18,17,0.1111,1.89,12.93
8714,18,17,0.1111,1.89,12.93
26374,18,17,0.1111,1.89,12.93
6161,18,17,0.1111,1.89,12.93
6132,18,17,0.1111,1.89,12.93
25007,18,17,0.1111,1.89,12.93
25249,18,17,0.1111,1.89,12.93
19445,18,17,0.1111,1.89,12.93
26775,18,17,0.1111,1.89,12.93
16591,18,17,0.1111,1.89,12.93
10339,18,17,0.1111,1.89,12.93
10324,18,17,0.1111,1.89,12.93
18783,18,17,0.1111,1.89,12.93
252,18,17,0.1111,1.89,12.93
31750,18,17,0.1111,1.89,12.93
6851,18,17,0.1111,1.89,12.93
11032,18,17,0.1111,1.89,12.93
11029,18,17,0.1111,1.89,12.93
11059,18,17,0.1111,1.89,12.93
31664,18,17,0.1111,1.89,12.93
6846,18,17,0.1111,1.89,12.93
4468,18,17,0.1111,1.89,12.93
24925,18,17,0.1111,1.89,12.93
12049,18,17,0.1111,1.89,12.93
7006,18,17,0.1111,1.89,12.93
14645,18,17,0.1111,1.89,12.93
621,18,17,0.1111,1.89,12.93
14611,18,17,0.1111,1.89,12.93
19059,18,17,0.1111,1.89,12.93
1665,18,17,0.1111,1.89,12.93
27694,18,17,0.1111,1.89,12.93
8211,18,17,0.1111,1.89,12.93
18365,18,17,0.1111,1.89,12.93
15346,18,17,0.1111,1.89,12.93
38610,18,17,0.1111,1.89,12.93
10634,18,17,0.1111,1.89,12.93
10576,18,17,0.1111,1.89,12.93
7748,18,17,0.1111,1.89,12.93
11609,18,17,0.1111,1.89,12.93
11606,18,17,0.1111,1.89,12.93
4961,18,17,0.1111,1.89,12.93
12244,18,17,0.1111,1.89,12.93
14229,18,17,0.1111,1.89,12.93
3607,18,17,0.1111,1.89,12.93
16874,18,17,0.1111,1.89,12.93
11022,18,17,0.1111,1.89,12.93
31496,18,17,0.1111,1.89,12.93
35739,18,17,0.1111,1.89,12.93
19570,18,17,0.1111,1.89,12.93
5564,18,17,0.1111,1.89,12.93
5660,18,17,0.1111,1.89,12.93
20466,18,17,0.1111,1.89,12.93
1021,18,17,0.1111,1.89,12.93
20587,18,17,0.1111,1.89,12.93
9433,18,17,0.1111,1.89,12.93
7544,18,17,0.1111,1.89,12.93
23767,18,17,0.1111,1.89,12.93
15071,18,17,0.1111,1.89,12.93
15046,18,17,0.1111,1.89,12.93
18183,18,17,0.1111,1.89,12.93
31106,18,17,0.1111,1.89,12.93
10530,18,17,0.1111,1.89,12.93
7598,18,17,0.1111,1.89,12.93
5907,18,17,0.1111,1.89,12.93
27336,18,17,0.1111,1.89,12.93
25727,18,17,0.1111,1.89,12.93
34187,18,17,0.1111,1.89,12.93
24630,18,17,0.1111,1.89,12.93
12626,18,17,0.1111,1.89,12.93
11822,18,17,0.1111,1.89,12.93
11959,18,17,0.1111,1.89,12.93
4955,18,17,0.1111,1.89,12.93
20017,18,17,0.1111,1.89,12.93
9494,18,17,0.1111,1.89,12.93
20037,18,17,0.1111,1.89,12.93
13679,18,17,0.1111,1.89,12.93
9551,18,17,0.1111,1.89,12.93
30092,18,17,0.1111,1.89,12.93
13675,18,17,0.1111,1.89,12.93
15548,18,17,0.1111,1.89,12.93
21136,18,17,0.1111,1.89,12.93
13224,18,17,0.1111,1.89,12.93
5720,18,17,0.1111,1.89,12.93
13658,18,17,0.1111,1.89,12.93
5714,18,17,0.1111,1.89,12.93
14134,18,17,0.1111,1.89,12.93
1903,18,17,0.1111,1.89,12.93
22389,18,17,0.1111,1.89,12.93
22386,18,17,0.1111,1.89,12.93
24407,18,17,0.1111,1.89,12.93
7285,18,17,0.1111,1.89,12.93
10674,18,17,0.1111,1.89,12.93
5688,18,17,0.1111,1.89,12.93
171,18,17,0.1111,1.89,12.93
14751,18,17,0.1111,1.89,12.93
15877,18,17,0.1111,1.89,12.93
60,26,25,0.0769,1.92,12.89
70,26,25,0.0769,1.92,12.89
12112,26,25,0.0769,1.92,12.89
7493,26,25,0.0769,1.92,12.89
1945,26,25,0.0769,1.92,12.89
3447,26,25,0.0769,1.92,12.89
10515,26,25,0.0769,1.92,12.89
2102,26,25,0.0769,1.92,12.89
5494,26,25,0.0769,1.92,12.89
7530,26,25,0.0769,1.92,12.89
12588,26,25,0.0769,1.92,12.89
6975,26,25,0.0769,1.92,12.89
281,26,25,0.0769,1.92,12.89
6854,26,25,0.0769,1.92,12.89
6841,26,25,0.0769,1.92,12.89
9622,26,25,0.0769,1.92,12.89
12697,26,25,0.0769,1.92,12.89
8209,26,25,0.0769,1.92,12.89
20926,26,25,0.0769,1.92,12.89
16154,26,25,0.0769,1.92,12.89
6829,26,25,0.0769,1.92,12.89
9051,26,25,0.0769,1.92,12.89
12343,26,25,0.0769,1.92,12.89
4998,26,25,0.0769,1.92,12.89
2483,26,25,0.0769,1.92,12.89
4637,26,25,0.0769,1.92,12.89
9035,26,25,0.0769,1.92,12.89
11983,26,25,0.0769,1.92,12.89
7746,26,25,0.0769,1.92,12.89
6403,26,25,0.0769,1.92,12.89
12313,26,25,0.0769,1.92,12.89
1577,26,25,0.0769,1.92,12.89
13085,26,25,0.0769,1.92,12.89
5513,26,25,0.0769,1.92,12.89
11534,26,25,0.0769,1.92,12.89
5011,26,25,0.0769,1.92,12.89
8391,26,25,0.0769,1.92,12.89
9832,26,25,0.0769,1.92,12.89
5048,26,25,0.0769,1.92,12.89
9141,26,25,0.0769,1.92,12.89
14948,19,18,0.1053,1.89,12.85
25204,19,18,0.1053,1.89,12.85
150,19,18,0.1053,1.89,12.85
19310,19,18,0.1053,1.89,12.85
4684,19,18,0.1053,1.89,12.85
3003,19,18,0.1053,1.89,12.85
15531,19,18,0.1053,1.89,12.85
7838,19,18,0.1053,1.89,12.85
11759,19,18,0.1053,1.89,12.85
17882,19,18,0.1053,1.89,12.85
4377,19,18,0.1053,1.89,12.85
4482,19,18,0.1053,1.89,12.85
12146,19,18,0.1053,1.89,12.85
17452,19,18,0.1053,1.89,12.85
13910,19,18,0.1053,1.89,12.85
1878,19,18,0.1053,1.89,12.85
14133,19,18,0.1053,1.89,12.85
19977,19,18,0.1053,1.89,12.85
387,19,18,0.1053,1.89,12.85
23328,19,18,0.1053,1.89,12.85
23447,19,18,0.1053,1.89,12.85
20599,19,18,0.1053,1.89,12.85
12174,19,18,0.1053,1.89,12.85
27236,19,18,0.1053,1.89,12.85
11678,19,18,0.1053,1.89,12.85
17720,19,18,0.1053,1.89,12.85
19455,19,18,0.1053,1.89,12.85
13585,19,18,0.1053,1.89,12.85
16530,19,18,0.1053,1.89,12.85
10201,19,18,0.1053,1.89,12.85
18019,19,18,0.1053,1.89,12.85
11034,19,18,0.1053,1.89,12.85
11078,19,18,0.1053,1.89,12.85
12121,19,18,0.1053,1.89,12.85
22402,19,18,0.1053,1.89,12.85
22838,19,18,0.1053,1.89,12.85
21893,19,18,0.1053,1.89,12.85
14054,19,18,0.1053,1.89,12.85
6341,19,18,0.1053,1.89,12.85
20177,19,18,0.1053,1.89,12.85
20178,19,18,0.1053,1.89,12.85
4404,19,18,0.1053,1.89,12.85
7616,19,18,0.1053,1.89,12.85
8796,19,18,0.1053,1.89,12.85
10905,19,18,0.1053,1.89,12.85
17051,19,18,0.1053,1.89,12.85
12934,19,18,0.1053,1.89,12.85
2217,19,18,0.1053,1.89,12.85
10910,19,18,0.1053,1.89,12.85
5565,19,18,0.1053,1.89,12.85
8553,19,18,0.1053,1.89,12.85
483,19,18,0.1053,1.89,12.85
15321,19,18,0.1053,1.89,12.85
23692,19,18,0.1053,1.89,12.85
5617,19,18,0.1053,1.89,12.85
10791,19,18,0.1053,1.89,12.85
11256,19,18,0.1053,1.89,12.85
13076,19,18,0.1053,1.89,12.85
12305,19,18,0.1053,1.89,12.85
18845,19,18,0.1053,1.89,12.85
21539,19,18,0.1053,1.89,12.85
16197,19,18,0.1053,1.89,12.85
8368,19,18,0.1053,1.89,12.85
2636,19,18,0.1053,1.89,12.85
21575,19,18,0.1053,1.89,12.85
9342,19,18,0.1053,1.89,12.85
13705,19,18,0.1053,1.89,12.85
13736,19,18,0.1053,1.89,12.85
5430,19,18,0.1053,1.89,12.85
5076,19,18,0.1053,1.89,12.85
7754,19,18,0.1053,1.89,12.85
22917,19,18,0.1053,1.89,12.85
2335,19,18,0.1053,1.89,12.85
22911,19,18,0.1053,1.89,12.85
6254,19,18,0.1053,1.89,12.85
6372,19,18,0.1053,1.89,12.85
1741,19,18,0.1053,1.89,12.85
10168,19,18,0.1053,1.89,12.85
22934,19,18,0.1053,1.89,12.85
20427,19,18,0.1053,1.89,12.85
17564,19,18,0.1053,1.89,12.85
8787,19,18,0.1053,1.89,12.85
18926,19,18,0.1053,1.89,12.85
19240,19,18,0.1053,1.89,12.85
7582,19,18,0.1053,1.89,12.85
25113,19,18,0.1053,1.89,12.85
5140,19,18,0.1053,1.89,12.85
8447,19,18,0.1053,1.89,12.85
13242,19,18,0.1053,1.89,12.85
4221,19,18,0.1053,1.89,12.85
16671,19,18,0.1053,1.89,12.85
16656,19,18,0.1053,1.89,12.85
13332,19,18,0.1053,1.89,12.85
801,19,18,0.1053,1.89,12.85
17281,19,18,0.1053,1.89,12.85
12323,19,18,0.1053,1.89,12.85
9811,19,18,0.1053,1.89,12.85
22131,19,18,0.1053,1.89,12.85
33249,19,18,0.1053,1.89,12.85
23024,19,18,0.1053,1.89,12.85
3086,19,18,0.1053,1.89,12.85
13650,19,18,0.1053,1.89,12.85
24888,19,18,0.1053,1.89,12.85
1347,19,18,0.1053,1.89,12.85
14431,19,18,0.1053,1.89,12.85
6378,19,18,0.1053,1.89,12.85
14846,19,18,0.1053,1.89,12.85
6628,19,18,0.1053,1.89,12.85
14495,19,18,0.1053,1.89,12.85
6801,19,18,0.1053,1.89,12.85
9767,19,18,0.1053,1.89,12.85
14787,19,18,0.1053,1.89,12.85
7310,19,18,0.1053,1.89,12.85
16020,19,18,0.1053,1.89,12.85
19871,19,18,0.1053,1.89,12.85
9727,19,18,0.1053,1.89,12.85
7700,19,18,0.1053,1.89,12.85
19576,19,18,0.1053,1.89,12.85
7831,19,18,0.1053,1.89,12.85
24566,19,18,0.1053,1.89,12.85
21163,19,18,0.1053,1.89,12.85
25042,19,18,0.1053,1.89,12.85
12782,19,18,0.1053,1.89,12.85
3883,19,18,0.1053,1.89,12.85
24797,19,18,0.1053,1.89,12.85
12602,19,18,0.1053,1.89,12.85
2221,19,18,0.1053,1.89,12.85
11370,19,18,0.1053,1.89,12.85
4993,19,18,0.1053,1.89,12.85
21682,19,18,0.1053,1.89,12.85
875,19,18,0.1053,1.89,12.85
14612,19,18,0.1053,1.89,12.85
6837,19,18,0.1053,1.89,12.85
29053,19,18,0.1053,1.89,12.85
28016,19,18,0.1053,1.89,12.85
14527,19,18,0.1053,1.89,12.85
11718,19,18,0.1053,1.89,12.85
23624,19,18,0.1053,1.89,12.85
6835,19,18,0.1053,1.89,12.85
9629,19,18,0.1053,1.89,12.85
882,19,18,0.1053,1.89,12.85
4018,19,18,0.1053,1.89,12.85
9612,19,18,0.1053,1.89,12.85
6836,19,18,0.1053,1.89,12.85
8295,19,18,0.1053,1.89,12.85
15486,19,18,0.1053,1.89,12.85
8346,19,18,0.1053,1.89,12.85
11964,19,18,0.1053,1.89,12.85
4687,19,18,0.1053,1.89,12.85
19359,19,18,0.1053,1.89,12.85
13015,19,18,0.1053,1.89,12.85
13019,19,18,0.1053,1.89,12.85
62,19,18,0.1053,1.89,12.85
15680,19,18,0.1053,1.89,12.85
12096,25,24,0.08,1.92,12.84
4650,25,24,0.08,1.92,12.84
168,25,24,0.08,1.92,12.84
7579,25,24,0.08,1.92,12.84
5042,25,24,0.08,1.92,12.84
10505,25,24,0.08,1.92,12.84
5697,25,24,0.08,1.92,12.84
5689,25,24,0.08,1.92,12.84
7720,25,24,0.08,1.92,12.84
6332,25,24,0.08,1.92,12.84
12960,25,24,0.08,1.92,12.84
11324,25,24,0.08,1.92,12.84
12903,25,24,0.08,1.92,12.84
3389,25,24,0.08,1.92,12.84
11474,25,24,0.08,1.92,12.84
5296,25,24,0.08,1.92,12.84
10562,25,24,0.08,1.92,12.84
7703,25,24,0.08,1.92,12.84
4644,25,24,0.08,1.92,12.84
4640,25,24,0.08,1.92,12.84
11003,25,24,0.08,1.92,12.84
1996,25,24,0.08,1.92,12.84
4761,25,24,0.08,1.92,12.84
11817,25,24,0.08,1.92,12.84
11295,25,24,0.08,1.92,12.84
6076,25,24,0.08,1.92,12.84
10393,25,24,0.08,1.92,12.84
4728,25,24,0.08,1.92,12.84
1791,25,24,0.08,1.92,12.84
6335,25,24,0.08,1.92,12.84
10650,25,24,0.08,1.92,12.84
2421,25,24,0.08,1.92,12.84
4598,25,24,0.08,1.92,12.84
10200,25,24,0.08,1.92,12.84
5616,25,24,0.08,1.92,12.84
6455,25,24,0.08,1.92,12.84
12205,25,24,0.08,1.92,12.84
12201,25,24,0.08,1.92,12.84
10002,25,24,0.08,1.92,12.84
9906,25,24,0.08,1.92,12.84
17299,25,24,0.08,1.92,12.84
9805,25,24,0.08,1.92,12.84
9660,25,24,0.08,1.92,12.84
1397,25,24,0.08,1.92,12.84
828,25,24,0.08,1.92,12.84
9617,25,24,0.08,1.92,12.84
8410,25,24,0.08,1.92,12.84
14804,25,24,0.08,1.92,12.84
7265,25,24,0.08,1.92,12.84
9320,25,24,0.08,1.92,12.84
9121,25,24,0.08,1.92,12.84
8928,25,24,0.08,1.92,12.84
9046,25,24,0.08,1.92,12.84
8549,25,24,0.08,1.92,12.84
676,25,24,0.08,1.92,12.84
15160,25,24,0.08,1.92,12.84
8672,25,24,0.08,1.92,12.84
8405,25,24,0.08,1.92,12.84
8285,25,24,0.08,1.92,12.84
8142,25,24,0.08,1.92,12.84
4676,25,24,0.08,1.92,12.84
4666,25,24,0.08,1.92,12.84
4829,20,19,0.1,1.9,12.8
11483,24,23,0.0833,1.92,12.8
11332,20,19,0.1,1.9,12.8
11455,20,19,0.1,1.9,12.8
11452,20,19,0.1,1.9,12.8
13617,20,19,0.1,1.9,12.8
11142,20,19,0.1,1.9,12.8
11276,24,23,0.0833,1.92,12.8
13740,20,19,0.1,1.9,12.8
13723,24,23,0.0833,1.92,12.8
13712,20,19,0.1,1.9,12.8
2172,20,19,0.1,1.9,12.8
4586,20,19,0.1,1.9,12.8
4585,24,23,0.0833,1.92,12.8
11991,20,19,0.1,1.9,12.8
4548,24,23,0.0833,1.92,12.8
11070,20,19,0.1,1.9,12.8
11254,24,23,0.0833,1.92,12.8
5149,20,19,0.1,1.9,12.8
22101,20,19,0.1,1.9,12.8
11011,24,23,0.0833,1.92,12.8
10999,24,23,0.0833,1.92,12.8
10998,20,19,0.1,1.9,12.8
11045,20,19,0.1,1.9,12.8
27618,20,19,0.1,1.9,12.8
11091,20,19,0.1,1.9,12.8
11084,20,19,0.1,1.9,12.8
11080,20,19,0.1,1.9,12.8
11077,24,23,0.0833,1.92,12.8
20376,20,19,0.1,1.9,12.8
12152,24,23,0.0833,1.92,12.8
10921,20,19,0.1,1.9,12.8
16512,20,19,0.1,1.9,12.8
13885,24,23,0.0833,1.92,12.8
13880,24,23,0.0833,1.92,12.8
2216,20,19,0.1,1.9,12.8
11036,24,23,0.0833,1.92,12.8
10879,20,19,0.1,1.9,12.8
27676,20,19,0.1,1.9,12.8
18284,24,23,0.0833,1.92,12.8
13988,20,19,0.1,1.9,12.8
13950,20,19,0.1,1.9,12.8
13941,20,19,0.1,1.9,12.8
12145,20,19,0.1,1.9,12.8
12143,20,19,0.1,1.9,12.8
12133,20,19,0.1,1.9,12.8
20691,20,19,0.1,1.9,12.8
20494,20,19,0.1,1.9,12.8
10734,20,19,0.1,1.9,12.8
31104,24,23,0.0833,1.92,12.8
10575,24,23,0.0833,1.92,12.8
12158,20,19,0.1,1.9,12.8
19362,20,19,0.1,1.9,12.8
6074,24,23,0.0833,1.92,12.8
16330,24,23,0.0833,1.92,12.8
14104,20,19,0.1,1.9,12.8
14060,20,19,0.1,1.9,12.8
14278,24,23,0.0833,1.92,12.8
5953,20,19,0.1,1.9,12.8
20782,20,19,0.1,1.9,12.8
20688,20,19,0.1,1.9,12.8
4203,24,23,0.0833,1.92,12.8
4199,20,19,0.1,1.9,12.8
4191,20,19,0.1,1.9,12.8
4467,20,19,0.1,1.9,12.8
13485,20,19,0.1,1.9,12.8
13481,24,23,0.0833,1.92,12.8
13457,20,19,0.1,1.9,12.8
10346,20,19,0.1,1.9,12.8
10236,24,23,0.0833,1.92,12.8
10221,20,19,0.1,1.9,12.8
10311,20,19,0.1,1.9,12.8
6316,20,19,0.1,1.9,12.8
6409,20,19,0.1,1.9,12.8
10561,24,23,0.0833,1.92,12.8
6449,20,19,0.1,1.9,12.8
16214,20,19,0.1,1.9,12.8
16164,20,19,0.1,1.9,12.8
14326,20,19,0.1,1.9,12.8
13447,20,19,0.1,1.9,12.8
19080,20,19,0.1,1.9,12.8
7548,24,23,0.0833,1.92,12.8
17365,24,23,0.0833,1.92,12.8
8370,24,23,0.0833,1.92,12.8
9965,20,19,0.1,1.9,12.8
8330,20,19,0.1,1.9,12.8
10117,20,19,0.1,1.9,12.8
10112,24,23,0.0833,1.92,12.8
10103,20,19,0.1,1.9,12.8
10056,24,23,0.0833,1.92,12.8
14487,20,19,0.1,1.9,12.8
14565,20,19,0.1,1.9,12.8
14370,24,23,0.0833,1.92,12.8
6621,24,23,0.0833,1.92,12.8
8329,20,19,0.1,1.9,12.8
4167,24,23,0.0833,1.92,12.8
8454,20,19,0.1,1.9,12.8
6824,24,23,0.0833,1.92,12.8
6529,20,19,0.1,1.9,12.8
27986,20,19,0.1,1.9,12.8
9955,20,19,0.1,1.9,12.8
6788,20,19,0.1,1.9,12.8
9725,24,23,0.0833,1.92,12.8
6802,20,19,0.1,1.9,12.8
9870,20,19,0.1,1.9,12.8
13043,20,19,0.1,1.9,12.8
1069,20,19,0.1,1.9,12.8
310,20,19,0.1,1.9,12.8
12623,24,23,0.0833,1.92,12.8
12445,20,19,0.1,1.9,12.8
12440,20,19,0.1,1.9,12.8
17219,20,19,0.1,1.9,12.8
12618,20,19,0.1,1.9,12.8
6927,20,19,0.1,1.9,12.8
6864,24,23,0.0833,1.92,12.8
6858,20,19,0.1,1.9,12.8
7016,24,23,0.0833,1.92,12.8
9677,24,23,0.0833,1.92,12.8
28080,20,19,0.1,1.9,12.8
14663,24,23,0.0833,1.92,12.8
14679,20,19,0.1,1.9,12.8
19587,20,19,0.1,1.9,12.8
1148,24,23,0.0833,1.92,12.8
1120,24,23,0.0833,1.92,12.8
7706,20,19,0.1,1.9,12.8
21726,20,19,0.1,1.9,12.8
3977,24,23,0.0833,1.92,12.8
22761,24,23,0.0833,1.92,12.8
12774,24,23,0.0833,1.92,12.8
12751,24,23,0.0833,1.92,12.8
3602,20,19,0.1,1.9,12.8
9428,24,23,0.0833,1.92,12.8
7041,20,19,0.1,1.9,12.8
7206,24,23,0.0833,1.92,12.8
7219,24,23,0.0833,1.92,12.8
19795,20,19,0.1,1.9,12.8
19778,20,19,0.1,1.9,12.8
19767,20,19,0.1,1.9,12.8
14753,20,19,0.1,1.9,12.8
16032,20,19,0.1,1.9,12.8
15982,20,19,0.1,1.9,12.8
3673,24,23,0.0833,1.92,12.8
16653,20,19,0.1,1.9,12.8
11664,20,19,0.1,1.9,12.8
15946,20,19,0.1,1.9,12.8
11637,20,19,0.1,1.9,12.8
794,20,19,0.1,1.9,12.8
740,20,19,0.1,1.9,12.8
4807,24,23,0.0833,1.92,12.8
9127,24,23,0.0833,1.92,12.8
7482,20,19,0.1,1.9,12.8
11864,20,19,0.1,1.9,12.8
12015,20,19,0.1,1.9,12.8
2523,24,23,0.0833,1.92,12.8
8927,24,23,0.0833,1.92,12.8
7442,20,19,0.1,1.9,12.8
4725,20,19,0.1,1.9,12.8
12758,20,19,0.1,1.9,12.8
22784,24,23,0.0833,1.92,12.8
20171,20,19,0.1,1.9,12.8
16864,20,19,0.1,1.9,12.8
21070,24,23,0.0833,1.92,12.8
21009,20,19,0.1,1.9,12.8
8610,20,19,0.1,1.9,12.8
8791,24,23,0.0833,1.92,12.8
7540,20,19,0.1,1.9,12.8
8594,24,23,0.0833,1.92,12.8
4724,20,19,0.1,1.9,12.8
484,20,19,0.1,1.9,12.8
11628,20,19,0.1,1.9,12.8
7607,20,19,0.1,1.9,12.8
11619,20,19,0.1,1.9,12.8
391,24,23,0.0833,1.92,12.8
543,20,19,0.1,1.9,12.8
11601,20,19,0.1,1.9,12.8
13307,20,19,0.1,1.9,12.8
13229,20,19,0.1,1.9,12.8
12767,24,23,0.0833,1.92,12.8
11555,20,19,0.1,1.9,12.8
19081,24,23,0.0833,1.92,12.8
7755,20,19,0.1,1.9,12.8
2276,20,19,0.1,1.9,12.8
8208,20,19,0.1,1.9,12.8
7894,24,23,0.0833,1.92,12.8
278,20,19,0.1,1.9,12.8
15350,20,19,0.1,1.9,12.8
7752,20,19,0.1,1.9,12.8
8149,20,19,0.1,1.9,12.8
19519,20,19,0.1,1.9,12.8
8082,20,19,0.1,1.9,12.8
8261,20,19,0.1,1.9,12.8
7943,24,23,0.0833,1.92,12.8
8214,24,23,0.0833,1.92,12.8
24645,20,19,0.1,1.9,12.8
47,20,19,0.1,1.9,12.8
15595,20,19,0.1,1.9,12.8
8062,24,23,0.0833,1.92,12.8
8080,20,19,0.1,1.9,12.8
146,24,23,0.0833,1.92,12.8
7893,24,23,0.0833,1.92,12.8
7889,24,23,0.0833,1.92,12.8
143,24,23,0.0833,1.92,12.8
19,20,19,0.1,1.9,12.8
78,24,23,0.0833,1.92,12.8
140,20,19,0.1,1.9,12.8
21,20,19,0.1,1.9,12.8
11826,24,23,0.0833,1.92,12.8
11532,24,23,0.0833,1.92,12.8
4614,20,19,0.1,1.9,12.8
11705,24,23,0.0833,1.92,12.8
11686,20,19,0.1,1.9,12.8
8074,20,19,0.1,1.9,12.8
8068,23,22,0.087,1.91,12.77
15326,21,20,0.0952,1.9,12.77
15739,21,20,0.0952,1.9,12.77
15722,21,20,0.0952,1.9,12.77
384,23,22,0.087,1.91,12.77
338,23,22,0.087,1.91,12.77
7747,21,20,0.0952,1.9,12.77
7870,21,20,0.0952,1.9,12.77
8281,21,20,0.0952,1.9,12.77
8326,23,22,0.087,1.91,12.77
7757,21,20,0.0952,1.9,12.77
21120,21,20,0.0952,1.9,12.77
21344,21,20,0.0952,1.9,12.77
3672,21,20,0.0952,1.9,12.77
13501,21,20,0.0952,1.9,12.77
16703,21,20,0.0952,1.9,12.77
13396,21,20,0.0952,1.9,12.77
2749,23,22,0.087,1.91,12.77
13310,21,20,0.0952,1.9,12.77
12766,23,22,0.087,1.91,12.77
3605,21,20,0.0952,1.9,12.77
12933,21,20,0.0952,1.9,12.77
24677,21,20,0.0952,1.9,12.77
16844,21,20,0.0952,1.9,12.77
22842,21,20,0.0952,1.9,12.77
3638,23,22,0.087,1.91,12.77
4034,23,22,0.087,1.91,12.77
12491,21,20,0.0952,1.9,12.77
17244,21,20,0.0952,1.9,12.77
24835,23,22,0.087,1.91,12.77
12478,21,20,0.0952,1.9,12.77
12469,23,22,0.087,1.91,12.77
12577,21,20,0.0952,1.9,12.77
12632,21,20,0.0952,1.9,12.77
12808,21,20,0.0952,1.9,12.77
12791,23,22,0.087,1.91,12.77
3772,21,20,0.0952,1.9,12.77
12102,21,20,0.0952,1.9,12.77
12046,21,20,0.0952,1.9,12.77
4536,21,20,0.0952,1.9,12.77
22362,21,20,0.0952,1.9,12.77
4329,21,20,0.0952,1.9,12.77
24915,21,20,0.0952,1.9,12.77
12157,21,20,0.0952,1.9,12.77
4388,23,22,0.087,1.91,12.77
4189,23,22,0.087,1.91,12.77
13415,21,20,0.0952,1.9,12.77
12314,23,22,0.087,1.91,12.77
4185,21,20,0.0952,1.9,12.77
8363,21,20,0.0952,1.9,12.77
322,23,22,0.087,1.91,12.77
294,21,20,0.0952,1.9,12.77
292,21,20,0.0952,1.9,12.77
19700,23,22,0.087,1.91,12.77
8399,23,22,0.087,1.91,12.77
7719,21,20,0.0952,1.9,12.77
8406,21,20,0.0952,1.9,12.77
7566,21,20,0.0952,1.9,12.77
7662,21,20,0.0952,1.9,12.77
7634,21,20,0.0952,1.9,12.77
7617,23,22,0.087,1.91,12.77
4726,21,20,0.0952,1.9,12.77
11682,21,20,0.0952,1.9,12.77
11636,23,22,0.087,1.91,12.77
4813,21,20,0.0952,1.9,12.77
20397,21,20,0.0952,1.9,12.77
4615,23,22,0.087,1.91,12.77
4686,21,20,0.0952,1.9,12.77
17536,23,22,0.087,1.91,12.77
4543,23,22,0.087,1.91,12.77
2188,23,22,0.087,1.91,12.77
2173,21,20,0.0952,1.9,12.77
13753,21,20,0.0952,1.9,12.77
13741,21,20,0.0952,1.9,12.77
5200,23,22,0.087,1.91,12.77
4992,21,20,0.0952,1.9,12.77
4989,21,20,0.0952,1.9,12.77
2248,23,22,0.087,1.91,12.77
23303,21,20,0.0952,1.9,12.77
15898,23,22,0.087,1.91,12.77
389,21,20,0.0952,1.9,12.77
533,21,20,0.0952,1.9,12.77
7492,21,20,0.0952,1.9,12.77
8708,23,22,0.087,1.91,12.77
8678,23,22,0.087,1.91,12.77
8662,21,20,0.0952,1.9,12.77
8403,21,20,0.0952,1.9,12.77
8520,23,22,0.087,1.91,12.77
8471,21,20,0.0952,1.9,12.77
8735,23,22,0.087,1.91,12.77
507,21,20,0.0952,1.9,12.77
659,21,20,0.0952,1.9,12.77
2011,21,20,0.0952,1.9,12.77
1995,21,20,0.0952,1.9,12.77
18018,23,22,0.087,1.91,12.77
11051,23,22,0.087,1.91,12.77
11050,21,20,0.0952,1.9,12.77
5417,23,22,0.087,1.91,12.77
5380,23,22,0.087,1.91,12.77
11183,21,20,0.0952,1.9,12.77
5120,23,22,0.087,1.91,12.77
5221,21,20,0.0952,1.9,12.77
1805,21,20,0.0952,1.9,12.77
10913,21,20,0.0952,1.9,12.77
10876,23,22,0.087,1.91,12.77
10827,21,20,0.0952,1.9,12.77
11020,21,20,0.0952,1.9,12.77
2155,23,22,0.087,1.91,12.77
16467,21,20,0.0952,1.9,12.77
585,23,22,0.087,1.91,12.77
8996,21,20,0.0952,1.9,12.77
8743,23,22,0.087,1.91,12.77
7448,21,20,0.0952,1.9,12.77
9129,23,22,0.087,1.91,12.77
8964,23,22,0.087,1.91,12.77
18854,21,20,0.0952,1.9,12.77
18851,23,22,0.087,1.91,12.77
9280,23,22,0.087,1.91,12.77
9383,23,22,0.087,1.91,12.77
9362,21,20,0.0952,1.9,12.77
9346,21,20,0.0952,1.9,12.77
6295,23,22,0.087,1.91,12.77
14215,21,20,0.0952,1.9,12.77
1663,21,20,0.0952,1.9,12.77
19942,23,22,0.087,1.91,12.77
10541,23,22,0.087,1.91,12.77
10523,21,20,0.0952,1.9,12.77
5987,21,20,0.0952,1.9,12.77
25214,21,20,0.0952,1.9,12.77
10757,23,22,0.087,1.91,12.77
13928,23,22,0.087,1.91,12.77
1865,21,20,0.0952,1.9,12.77
10163,23,22,0.087,1.91,12.77
30750,21,20,0.0952,1.9,12.77
10160,21,20,0.0952,1.9,12.77
10240,21,20,0.0952,1.9,12.77
10224,23,22,0.087,1.91,12.77
6273,23,22,0.087,1.91,12.77
6260,23,22,0.087,1.91,12.77
5858,21,20,0.0952,1.9,12.77
10493,23,22,0.087,1.91,12.77
6028,23,22,0.087,1.91,12.77
9173,21,20,0.0952,1.9,12.77
19092,23,22,0.087,1.91,12.77
9101,21,20,0.0952,1.9,12.77
23218,21,20,0.0952,1.9,12.77
15951,23,22,0.087,1.91,12.77
15911,23,22,0.087,1.91,12.77
7194,23,22,0.087,1.91,12.77
7159,23,22,0.087,1.91,12.77
7239,21,20,0.0952,1.9,12.77
9423,23,22,0.087,1.91,12.77
9420,21,20,0.0952,1.9,12.77
9409,23,22,0.087,1.91,12.77
7217,21,20,0.0952,1.9,12.77
14384,21,20,0.0952,1.9,12.77
1329,23,22,0.087,1.91,12.77
1310,21,20,0.0952,1.9,12.77
1522,21,20,0.0952,1.9,12.77
1521,21,20,0.0952,1.9,12.77
9921,23,22,0.087,1.91,12.77
9917,21,20,0.0952,1.9,12.77
21802,21,20,0.0952,1.9,12.77
6380,23,22,0.087,1.91,12.77
6487,21,20,0.0952,1.9,12.77
6480,21,20,0.0952,1.9,12.77
14340,23,22,0.087,1.91,12.77
18536,21,20,0.0952,1.9,12.77
19836,23,22,0.087,1.91,12.77
6820,23,22,0.087,1.91,12.77
9654,23,22,0.087,1.91,12.77
9755,21,20,0.0952,1.9,12.77
9711,21,20,0.0952,1.9,12.77
30379,21,20,0.0952,1.9,12.77
9815,23,22,0.087,1.91,12.77
9809,21,20,0.0952,1.9,12.77
9847,23,22,0.087,1.91,12.77
9962,23,22,0.087,1.91,12.77
9954,21,20,0.0952,1.9,12.77
9947,23,22,0.087,1.91,12.77
6685,21,20,0.0952,1.9,12.77
23192,21,20,0.0952,1.9,12.77
14591,23,22,0.087,1.91,12.77
14672,21,20,0.0952,1.9,12.77
1085,21,20,0.0952,1.9,12.77
6913,21,20,0.0952,1.9,12.77
6860,21,20,0.0952,1.9,12.77
6856,21,20,0.0952,1.9,12.77
20880,23,22,0.087,1.91,12.77
6843,23,22,0.087,1.91,12.77
18690,21,20,0.0952,1.9,12.77
14556,23,22,0.087,1.91,12.77
14550,23,22,0.087,1.91,12.77
1406,21,20,0.0952,1.9,12.77
29933,21,20,0.0952,1.9,12.77
6983,23,22,0.087,1.91,12.77
6946,21,20,0.0952,1.9,12.77
6935,21,20,0.0952,1.9,12.77
9473,23,22,0.087,1.91,12.77
9589,23,22,0.087,1.91,12.77
20934,23,22,0.087,1.91,12.77
9700,23,22,0.087,1.91,12.77
9692,21,20,0.0952,1.9,12.77
9689,21,20,0.0952,1.9,12.77
19662,21,20,0.0952,1.9,12.77
61,23,22,0.087,1.91,12.77
8118,21,20,0.0952,1.9,12.77
8081,23,22,0.087,1.91,12.77
7929,21,20,0.0952,1.9,12.77
8207,21,20,0.0952,1.9,12.77
8212,21,20,0.0952,1.9,12.77
7919,23,22,0.087,1.91,12.77
7905,21,20,0.0952,1.9,12.77
277,23,22,0.087,1.91,12.77
15432,23,22,0.087,1.91,12.77
13254,21,20,0.0952,1.9,12.77
13155,21,20,0.0952,1.9,12.77
13080,23,22,0.087,1.91,12.77
12883,21,20,0.0952,1.9,12.77
2881,21,20,0.0952,1.9,12.77
2821,21,20,0.0952,1.9,12.77
2998,21,20,0.0952,1.9,12.77
106,21,20,0.0952,1.9,12.77
155,23,22,0.087,1.91,12.77
149,23,22,0.087,1.91,12.77
230,23,22,0.087,1.91,12.77
19616,22,21,0.0909,1.91,12.76
13145,22,21,0.0909,1.91,12.76
13226,22,21,0.0909,1.91,12.76
12958,22,21,0.0909,1.91,12.76
13223,22,21,0.0909,1.91,12.76
21310,22,21,0.0909,1.91,12.76
25731,22,21,0.0909,1.91,12.76
7922,22,21,0.0909,1.91,12.76
8048,22,21,0.0909,1.91,12.76
8058,22,21,0.0909,1.91,12.76
9642,22,21,0.0909,1.91,12.76
9600,22,21,0.0909,1.91,12.76
9591,22,21,0.0909,1.91,12.76
9594,22,21,0.0909,1.91,12.76
6944,22,21,0.0909,1.91,12.76
9540,22,21,0.0909,1.91,12.76
9675,22,21,0.0909,1.91,12.76
6842,22,21,0.0909,1.91,12.76
6929,22,21,0.0909,1.91,12.76
9801,22,21,0.0909,1.91,12.76
9718,22,21,0.0909,1.91,12.76
9724,22,21,0.0909,1.91,12.76
6493,22,21,0.0909,1.91,12.76
10037,22,21,0.0909,1.91,12.76
25376,22,21,0.0909,1.91,12.76
9430,22,21,0.0909,1.91,12.76
981,22,21,0.0909,1.91,12.76
16035,22,21,0.0909,1.91,12.76
6031,22,21,0.0909,1.91,12.76
6197,22,21,0.0909,1.91,12.76
5888,22,21,0.0909,1.91,12.76
6369,22,21,0.0909,1.91,12.76
10296,22,21,0.0909,1.91,12.76
10300,22,21,0.0909,1.91,12.76
5849,22,21,0.0909,1.91,12.76
10675,22,21,0.0909,1.91,12.76
19516,22,21,0.0909,1.91,12.76
23112,22,21,0.0909,1.91,12.76
14173,22,21,0.0909,1.91,12.76
9352,22,21,0.0909,1.91,12.76
9387,22,21,0.0909,1.91,12.76
7268,22,21,0.0909,1.91,12.76
8785,22,21,0.0909,1.91,12.76
20446,22,21,0.0909,1.91,12.76
10929,22,21,0.0909,1.91,12.76
10932,22,21,0.0909,1.91,12.76
10937,22,21,0.0909,1.91,12.76
10939,22,21,0.0909,1.91,12.76
22017,22,21,0.0909,1.91,12.76
10829,22,21,0.0909,1.91,12.76
10831,22,21,0.0909,1.91,12.76
5489,22,21,0.0909,1.91,12.76
5127,22,21,0.0909,1.91,12.76
18096,22,21,0.0909,1.91,12.76
11072,22,21,0.0909,1.91,12.76
10995,22,21,0.0909,1.91,12.76
5512,22,21,0.0909,1.91,12.76
13876,22,21,0.0909,1.91,12.76
14877,22,21,0.0909,1.91,12.76
8566,22,21,0.0909,1.91,12.76
2576,22,21,0.0909,1.91,12.76
4927,22,21,0.0909,1.91,12.76
4842,22,21,0.0909,1.91,12.76
5068,22,21,0.0909,1.91,12.76
11334,22,21,0.0909,1.91,12.76
5087,22,21,0.0909,1.91,12.76
19265,22,21,0.0909,1.91,12.76
25137,22,21,0.0909,1.91,12.76
13601,22,21,0.0909,1.91,12.76
22331,22,21,0.0909,1.91,12.76
19339,22,21,0.0909,1.91,12.76
17790,22,21,0.0909,1.91,12.76
11829,22,21,0.0909,1.91,12.76
11818,22,21,0.0909,1.91,12.76
4785,22,21,0.0909,1.91,12.76
15083,22,21,0.0909,1.91,12.76
7629,22,21,0.0909,1.91,12.76
21387,22,21,0.0909,1.91,12.76
19660,22,21,0.0909,1.91,12.76
17505,22,21,0.0909,1.91,12.76
4405,22,21,0.0909,1.91,12.76
4503,22,21,0.0909,1.91,12.76
4382,22,21,0.0909,1.91,12.76
12716,22,21,0.0909,1.91,12.76
12546,22,21,0.0909,1.91,12.76
12571,22,21,0.0909,1.91,12.76
4033,22,21,0.0909,1.91,12.76
4099,22,21,0.0909,1.91,12.76
16954,22,21,0.0909,1.91,12.76
17067,22,21,0.0909,1.91,12.76
2785,22,21,0.0909,1.91,12.76
8290,22,21,0.0909,1.91,12.76
8308,22,21,0.0909,1.91,12.76
7804,22,21,0.0909,1.91,12.76
7814,22,21,0.0909,1.91,12.76
21177,22,21,0.0909,1.91,12.76
286,22,21,0.0909,1.91,12.76
15504,22,21,0.0909,1.91,12.76
